preset,width,height,seed,totalCells,solutionPathCells,solutionPathFraction,solutionTurns,turnsPer100PathCells,solutionDecisionPoints,decisionPointsPer100PathCells,deadEndsReachableFromSolution,averageWrongBranchLength,maxWrongBranchLength,zoneCoverage,minSpan,fallbackUsed,generationTimeMs,compositeScore,difficultyScore
Small,20,20,60000,400,100,0.250000,59,59.0000,23,23.0000,56,7.5000,32,0.7500,0.947368,false,7.318,0.935666,0.598750
Small,20,20,60001,400,93,0.232500,59,63.4409,25,26.8817,68,5.5185,32,0.7500,0.736842,false,8.161,0.864176,0.588731
Small,20,20,60002,400,89,0.222500,49,55.0562,16,17.9775,63,8.5000,45,0.6875,0.842105,false,3.133,0.814741,0.552775
Small,20,20,60003,400,98,0.245000,59,60.2041,28,28.5714,76,5.0357,25,0.7500,0.842105,false,1.957,0.911565,0.586446
Small,20,20,60004,400,99,0.247500,54,54.5455,29,29.2929,69,5.6667,32,0.7500,0.894737,false,1.968,0.902961,0.595083
Small,20,20,60005,400,99,0.247500,65,65.6566,22,22.2222,68,6.7826,46,0.6250,0.684211,false,0.936,0.892215,0.581255
Small,20,20,60006,400,117,0.292500,67,57.2650,31,26.4957,71,4.8824,29,0.8125,0.894737,false,2.666,1.041197,0.598779
Small,20,20,60007,400,96,0.240000,57,59.3750,25,26.0417,68,5.4231,36,0.7500,1.000000,false,1.136,0.914422,0.589788
Small,20,20,60008,400,108,0.270000,59,54.6296,22,20.3704,59,6.7200,35,0.8125,1.000000,false,1.340,0.985934,0.568704
Small,20,20,60009,400,88,0.220000,48,54.5455,21,23.8636,67,7.4286,49,0.5625,1.000000,false,0.485,0.807841,0.597494
Small,20,20,60010,400,94,0.235000,55,58.5106,20,21.2766,66,6.0909,38,0.7500,0.631579,false,0.522,0.837608,0.559402
Small,20,20,60011,400,102,0.255000,62,60.7843,22,21.5686,63,6.3846,38,0.5625,0.789474,false,1.298,0.889887,0.571994
Small,20,20,60012,400,112,0.280000,61,54.4643,25,22.3214,67,5.8800,35,0.6875,1.000000,false,1.310,0.985425,0.580714
Small,20,20,60013,400,90,0.225000,57,63.3333,25,27.7778,76,5.6154,40,0.6250,0.736842,false,0.764,0.830981,0.587692
Small,20,20,60014,400,112,0.280000,64,57.1429,32,28.5714,65,5.3824,27,0.7500,0.894737,false,0.753,0.994189,0.601279
Small,20,20,60015,400,111,0.277500,68,61.2613,21,18.9189,65,5.1364,37,0.6875,0.947368,false,0.381,1.004416,0.536644
Small,20,20,60016,400,93,0.232500,57,61.2903,20,21.5054,72,6.0455,49,0.6250,0.684211,false,0.582,0.830475,0.560372
Small,20,20,60017,400,98,0.245000,64,65.3061,24,24.4898,67,5.8846,37,0.7500,0.684211,false,0.297,0.907183,0.591956
Small,20,20,60018,400,125,0.312500,82,65.6000,24,19.2000,64,5.2174,33,0.7500,1.000000,false,0.598,1.131926,0.550967
Small,20,20,60019,400,96,0.240000,64,66.6667,24,25.0000,78,5.4815,28,0.6250,0.736842,false,0.842,0.884011,0.590519
Small,20,20,60020,400,86,0.215000,53,61.6279,22,25.5814,74,6.4091,27,0.7500,1.000000,false,2.060,0.857123,0.594614
Small,20,20,60021,400,122,0.305000,70,57.3770,35,28.6885,78,3.8378,29,0.8750,0.947368,false,0.522,1.093999,0.589473
Small,20,20,60022,400,109,0.272500,69,63.3028,18,16.5138,66,7.6471,50,0.6250,1.000000,false,0.311,0.985541,0.542476
Small,20,20,60023,400,138,0.345000,87,63.0435,26,18.8406,65,4.7586,48,0.8125,1.000000,false,0.364,1.191051,0.551389
Small,20,20,60024,400,106,0.265000,61,57.5472,27,25.4717,68,6.4286,39,0.8750,1.000000,false,0.873,0.998446,0.609857
Small,20,20,60025,400,90,0.225000,55,61.1111,20,22.2222,65,6.8696,37,0.7500,0.789474,false,0.334,0.853042,0.575592
Small,20,20,60026,400,88,0.220000,52,59.0909,25,28.4091,69,5.2800,33,0.5625,0.947368,false,0.305,0.816045,0.582000
Small,20,20,60027,400,114,0.285000,79,69.2982,22,19.2982,62,6.4091,24,0.6875,0.684211,false,1.301,1.015646,0.558596
Small,20,20,60028,400,98,0.245000,61,62.2449,22,22.4490,64,7.5600,31,0.6250,0.947368,false,0.330,0.911045,0.592490
Small,20,20,60029,400,96,0.240000,59,61.4583,26,27.0833,71,5.6207,26,0.8125,0.789474,false,0.405,0.908573,0.592259
Small,20,20,60030,400,98,0.245000,65,66.3265,22,22.4490,59,6.7273,41,0.6875,0.631579,false,0.388,0.891976,0.582081
Small,20,20,60031,400,106,0.265000,61,57.5472,24,22.6415,69,5.5385,27,0.6875,0.631579,false,1.433,0.904740,0.575146
Small,20,20,60032,400,107,0.267500,55,51.4019,25,23.3645,73,5.3333,28,0.8125,1.000000,false,0.518,0.960436,0.580562
Small,20,20,60033,400,104,0.260000,65,62.5000,32,30.7692,71,4.5946,26,0.8125,1.000000,false,0.288,0.996970,0.585432
Small,20,20,60034,400,91,0.227500,53,58.2418,22,24.1758,66,6.0000,33,0.6875,1.000000,false,1.320,0.860293,0.585008
Small,20,20,60035,400,92,0.230000,54,58.6957,15,16.3043,60,7.9375,35,0.6875,1.000000,false,0.285,0.877431,0.531262
Small,20,20,60036,400,104,0.260000,66,63.4615,30,28.8462,67,4.8750,42,0.8750,0.789474,false,0.540,0.978884,0.588938
Small,20,20,60037,400,89,0.222500,62,69.6629,25,28.0899,74,5.7742,31,0.7500,0.894737,false,0.546,0.896521,0.588927
Small,20,20,60038,400,97,0.242500,61,62.8866,28,28.8660,75,4.8000,33,0.6250,0.684211,false,0.642,0.863960,0.582750
Small,20,20,60039,400,88,0.220000,49,55.6818,25,28.4091,68,6.1923,28,0.6250,0.736842,false,0.421,0.789693,0.593404
Small,20,20,60040,400,90,0.225000,57,63.3333,22,24.4444,67,6.4348,30,0.6250,1.000000,false,0.553,0.869066,0.592379
Small,20,20,60041,400,90,0.225000,57,63.3333,26,28.8889,67,5.7692,74,0.6250,0.631579,false,0.649,0.815191,0.589615
Small,20,20,60042,400,92,0.230000,50,54.3478,24,26.0870,67,4.9259,40,0.6250,0.894737,false,0.309,0.832475,0.580574
Small,20,20,60043,400,91,0.227500,53,58.2418,15,16.4835,59,9.6429,31,0.6250,1.000000,false,0.612,0.853287,0.553621
Small,20,20,60044,400,109,0.272500,75,68.8073,21,19.2661,64,6.2273,35,0.6250,0.736842,false,0.648,0.980700,0.552251
Small,20,20,60045,400,153,0.382500,94,61.4379,32,20.9150,62,3.5758,39,0.8750,1.000000,false,0.516,1.215049,0.568597
Small,20,20,60046,400,104,0.260000,62,59.6154,28,26.9231,72,5.7586,48,0.6875,1.000000,false,0.581,0.954374,0.599983
Small,20,20,60047,400,104,0.260000,68,65.3846,25,24.0385,75,5.7600,35,0.8125,0.789474,false,0.572,0.977891,0.590385
Small,20,20,60048,400,92,0.230000,56,60.8696,24,26.0870,68,3.4800,32,0.6875,1.000000,false,1.368,0.876525,0.562500
Small,20,20,60049,400,102,0.255000,59,57.8431,34,33.3333,79,4.4865,25,0.6875,0.894737,false,0.294,0.923226,0.582581
Small,20,20,60050,400,97,0.242500,52,53.6082,28,28.8660,70,5.1786,42,0.7500,0.894737,false,0.272,0.886673,0.587482
Small,20,20,60051,400,110,0.275000,66,60.0000,23,20.9091,63,5.5909,36,0.7500,0.894737,false,0.288,0.992847,0.561477
Small,20,20,60052,400,112,0.280000,65,58.0357,28,25.0000,64,5.1724,46,0.8125,1.000000,false,0.797,1.025752,0.598655
Small,20,20,60053,400,106,0.265000,65,61.3208,25,23.5849,71,6.5000,37,0.6250,1.000000,false,0.270,0.966528,0.596599
Small,20,20,60054,400,146,0.365000,87,59.5890,40,27.3973,71,3.8049,19,0.9375,1.000000,false,1.208,1.217158,0.607061
Small,20,20,60055,400,91,0.227500,54,59.3407,21,23.0769,72,5.7917,47,0.6250,0.578947,false,0.284,0.798774,0.571415
Small,20,20,60056,400,90,0.225000,61,67.7778,22,24.4444,70,6.1852,28,0.6250,0.789474,false,0.527,0.853042,0.589259
Small,20,20,60057,400,91,0.227500,61,67.0330,22,24.1758,66,7.1739,33,0.5625,0.894737,false,0.918,0.862809,0.599682
Small,20,20,60058,400,89,0.222500,50,56.1798,24,26.9663,70,7.5600,51,0.6875,0.789474,false,0.493,0.818232,0.611250
Small,20,20,60059,400,108,0.270000,58,53.7037,21,19.4444,67,6.3913,38,0.6250,1.000000,false,0.320,0.939638,0.555336
Small,20,20,60060,400,94,0.235000,64,68.0851,27,28.7234,76,5.4828,41,0.6250,1.000000,false,0.828,0.906435,0.589034
Small,20,20,60061,400,99,0.247500,60,60.6061,22,22.2222,60,8.2857,33,0.7500,0.631579,false,0.266,0.883260,0.600044
Small,20,20,60062,400,92,0.230000,50,54.3478,13,14.1304,51,10.9231,65,0.6250,1.000000,false,0.541,0.847177,0.546843
Small,20,20,60063,400,90,0.225000,59,65.5556,24,26.6667,60,6.1250,42,0.6875,1.000000,false,0.618,0.886010,0.594063
Small,20,20,60064,400,114,0.285000,67,58.7719,27,23.6842,68,4.8214,29,0.8125,1.000000,false,0.503,1.043716,0.582610
Small,20,20,60065,400,105,0.262500,62,59.0476,18,17.1429,70,5.3889,31,0.6250,0.947368,false,0.834,0.940076,0.517540
Small,20,20,60066,400,108,0.270000,58,53.7037,28,25.9259,69,5.9667,30,0.8125,0.842105,false,0.316,0.960028,0.605583
Small,20,20,60067,400,96,0.240000,56,58.3333,18,18.7500,65,6.7500,31,0.6875,1.000000,false,1.481,0.901922,0.543875
Small,20,20,60068,400,123,0.307500,72,58.5366,31,25.2033,65,4.0909,33,0.8125,1.000000,false,0.310,1.095221,0.593386
Small,20,20,60069,400,93,0.232500,55,59.1398,19,20.4301,72,4.7222,50,0.5000,1.000000,false,0.268,0.838596,0.533079
Small,20,20,60070,400,89,0.222500,63,70.7865,21,23.5955,66,5.9130,37,0.6250,0.789474,false,0.330,0.852679,0.576618
Small,20,20,60071,400,99,0.247500,66,66.6667,28,28.2828,68,5.7241,37,0.8125,0.894737,false,0.550,0.961748,0.595802
Small,20,20,60072,400,115,0.287500,66,57.3913,25,21.7391,69,5.2692,19,0.8750,1.000000,false,0.275,1.053147,0.569507
Small,20,20,60073,400,92,0.230000,60,65.2174,18,19.5652,72,6.3158,35,0.5000,1.000000,false,1.272,0.865909,0.543600
Small,20,20,60074,400,98,0.245000,53,54.0816,32,32.6531,78,5.1765,19,0.8125,1.000000,false,0.280,0.920198,0.588206
Small,20,20,60075,400,114,0.285000,66,57.8947,24,21.0526,65,4.6250,37,0.6875,1.000000,false,0.860,1.012795,0.553839
Small,20,20,60076,400,95,0.237500,54,56.8421,19,20.0000,68,6.3500,39,0.6875,1.000000,false,0.490,0.882578,0.550625
Small,20,20,60077,400,91,0.227500,60,65.9341,19,20.8791,66,6.8889,28,0.6250,0.578947,false,0.513,0.821494,0.563152
Small,20,20,60078,400,110,0.275000,67,60.9091,23,20.9091,68,6.4583,33,0.8750,0.894737,false,0.300,1.024286,0.572320
Small,20,20,60079,400,88,0.220000,57,64.7727,19,21.5909,71,6.0000,35,0.5625,0.578947,false,0.263,0.782751,0.556909
Small,20,20,60080,400,92,0.230000,53,57.6087,24,26.0870,69,7.1364,56,0.6250,0.736842,false,1.056,0.822269,0.608205
Small,20,20,60081,400,124,0.310000,71,57.2581,24,19.3548,67,6.3182,29,0.7500,1.000000,false,1.045,1.080709,0.565526
Small,20,20,60082,400,93,0.232500,57,61.2903,21,22.5806,63,7.3182,52,0.6875,1.000000,false,0.548,0.894886,0.587034
Small,20,20,60083,400,114,0.285000,73,64.0351,24,21.0526,65,4.5000,34,0.7500,0.789474,false,1.259,1.025997,0.552276
Small,20,20,60084,400,114,0.285000,71,62.2807,22,19.2982,72,6.2400,33,0.7500,1.000000,false,0.543,1.046128,0.556482
Small,20,20,60085,400,118,0.295000,63,53.3898,33,27.9661,70,4.4000,43,0.8125,0.789474,false,0.342,1.008205,0.593500
Small,20,20,60086,400,135,0.337500,80,59.2593,36,26.6667,76,3.6579,24,0.8750,1.000000,false,0.312,1.183333,0.596974
Small,20,20,60087,400,90,0.225000,62,68.8889,18,20.0000,64,8.1111,41,0.6875,1.000000,false,0.283,0.897399,0.568889
Small,20,20,60088,400,100,0.250000,58,58.0000,26,26.0000,73,5.2333,40,0.6250,0.684211,false,0.546,0.860526,0.590417
Small,20,20,60089,400,94,0.235000,58,61.7021,20,21.2766,62,7.9500,34,0.6250,1.000000,false,1.001,0.882498,0.582641
Small,20,20,60090,400,94,0.235000,55,58.5106,28,29.7872,64,6.3448,29,0.8125,0.894737,false,0.822,0.898624,0.599810
Small,20,20,60091,400,98,0.245000,57,58.1633,25,25.5102,72,6.2222,24,0.6875,0.736842,false,1.014,0.874432,0.601278
Small,20,20,60092,400,116,0.290000,57,49.1379,30,25.8621,73,4.0667,32,0.6250,0.947368,false,0.591,0.959762,0.584385
Small,20,20,60093,400,91,0.227500,55,60.4396,28,30.7692,71,5.6333,33,0.6875,0.947368,false,0.568,0.867874,0.588667
Small,20,20,60094,400,92,0.230000,45,48.9130,25,27.1739,67,6.1200,82,0.8125,1.000000,false,0.533,0.861670,0.591152
Small,20,20,60095,400,98,0.245000,59,60.2041,21,21.4286,74,6.7727,28,0.7500,1.000000,false,0.614,0.928106,0.572445
Small,20,20,60096,400,90,0.225000,55,61.1111,13,14.4444,67,6.7143,46,0.6250,1.000000,false,0.846,0.862121,0.495873
Small,20,20,60097,400,93,0.232500,52,55.9140,17,18.2796,56,6.7500,53,0.7500,0.842105,false,0.261,0.862869,0.536921
Small,20,20,60098,400,116,0.290000,68,58.6207,19,16.3793,61,5.5263,57,0.6250,1.000000,false,1.293,1.000990,0.519872
Small,20,20,60099,400,116,0.290000,70,60.3448,29,25.0000,69,4.4333,22,0.8125,0.789474,false,0.272,1.033951,0.592417
Small,20,20,60100,400,127,0.317500,74,58.2677,33,25.9843,67,3.6176,54,0.6875,0.736842,false,1.067,1.061473,0.590471
Small,20,20,60101,400,94,0.235000,62,65.9574,17,18.0851,55,6.7500,35,0.5625,0.894737,false,1.809,0.878907,0.535726
Small,20,20,60102,400,87,0.217500,51,58.6207,22,25.2874,73,6.2174,37,0.5625,0.947368,false,1.803,0.808789,0.592967
Small,20,20,60103,400,100,0.250000,60,60.0000,26,26.0000,68,5.9259,26,0.7500,0.789474,false,0.318,0.915148,0.599074
Small,20,20,60104,400,106,0.265000,62,58.4906,31,29.2453,63,5.3548,46,0.6875,1.000000,false,1.279,0.961339,0.596435
Small,20,20,60105,400,99,0.247500,57,57.5758,26,26.2626,71,5.4444,49,0.6875,0.947368,false,0.762,0.907143,0.592306
Small,20,20,60106,400,94,0.235000,54,57.4468,31,32.9787,68,5.4688,23,0.7500,0.894737,false,0.823,0.883074,0.588859
Small,20,20,60107,400,93,0.232500,53,56.9892,26,27.9570,69,6.8077,40,0.7500,0.894737,false,0.547,0.871462,0.604846
Small,20,20,60108,400,92,0.230000,55,59.7826,24,26.0870,58,4.5926,38,0.6875,0.631579,false,0.565,0.827313,0.576407
Small,20,20,60109,400,104,0.260000,62,59.6154,23,22.1154,71,6.6087,27,0.8125,0.947368,false,0.265,0.973402,0.581763
Small,20,20,60110,400,99,0.247500,63,63.6364,32,32.3232,76,5.0882,43,0.8750,1.000000,false,0.320,0.977033,0.587853
Small,20,20,60111,400,100,0.250000,69,69.0000,27,27.0000,71,4.5357,37,0.7500,1.000000,false,1.149,0.977227,0.581696
Small,20,20,60112,400,118,0.295000,71,60.1695,28,23.7288,69,5.8214,31,0.8750,1.000000,false,0.268,1.082228,0.598556
Small,20,20,60113,400,90,0.225000,56,62.2222,24,26.6667,76,5.0833,27,0.6250,0.631579,false,0.821,0.811025,0.581042
Small,20,20,60114,400,90,0.225000,53,58.8889,22,24.4444,62,6.9565,38,0.8125,1.000000,false,0.489,0.885455,0.598901
Small,20,20,60115,400,103,0.257500,65,63.1068,32,31.0680,77,4.2000,27,0.8125,1.000000,false,0.308,0.992992,0.579750
Small,20,20,60116,400,85,0.212500,63,74.1176,22,25.8824,65,7.1818,62,0.6875,1.000000,false,1.802,0.882039,0.603523
Small,20,20,60117,400,120,0.300000,73,60.8333,38,31.6667,72,4.7027,29,0.9375,1.000000,false,0.288,1.115189,0.598784
Small,20,20,60118,400,88,0.220000,62,70.4545,20,22.7273,72,6.6190,27,0.6875,0.578947,false,0.313,0.831425,0.576011
Small,20,20,60119,400,99,0.247500,64,64.6465,24,24.2424,70,6.3846,48,0.6250,0.842105,false,0.490,0.911732,0.596482
Small,20,20,60120,400,109,0.272500,65,59.6330,34,31.1927,71,5.0588,23,0.8750,1.000000,false,0.562,1.029356,0.594985
Small,20,20,60121,400,126,0.315000,84,66.6667,18,14.2857,66,6.0526,36,0.5625,1.000000,false,0.527,1.113279,0.513015
Small,20,20,60122,400,90,0.225000,55,61.1111,19,21.1111,62,7.0909,53,0.6250,1.000000,false,0.268,0.855177,0.567247
Small,20,20,60123,400,122,0.305000,81,66.3934,37,30.3279,87,3.2439,15,0.8750,0.894737,false,0.564,1.131938,0.582049
Small,20,20,60124,400,93,0.232500,56,60.2151,19,20.4301,68,6.8421,53,0.6875,0.894737,false,0.274,0.869312,0.559577
Small,20,20,60125,400,106,0.265000,63,59.4340,20,18.8679,59,6.2857,34,0.8750,0.947368,false,0.538,1.001196,0.546751
Small,20,20,60126,400,92,0.230000,60,65.2174,21,22.8261,59,6.0476,37,0.5625,0.526316,false,0.802,0.807356,0.572856
Small,20,20,60127,400,98,0.245000,59,60.2041,25,25.5102,66,6.1923,32,0.6875,0.578947,false,0.276,0.859948,0.600904
Small,20,20,60128,400,113,0.282500,62,54.8673,20,17.6991,58,7.5909,32,0.6875,1.000000,false,0.302,0.989756,0.556628
Small,20,20,60129,400,95,0.237500,58,61.0526,22,23.1579,65,6.4348,35,0.6250,0.736842,false,0.336,0.855034,0.583264
Small,20,20,60130,400,99,0.247500,68,68.6869,25,25.2525,65,4.8400,50,0.6875,1.000000,false,1.820,0.958346,0.584750
Small,20,20,60131,400,98,0.245000,54,55.1020,19,19.3878,68,6.9500,36,0.6250,0.736842,false,0.530,0.846881,0.554253
Small,20,20,60132,400,92,0.230000,57,61.9565,21,22.8261,70,7.3810,31,0.5625,1.000000,false,1.150,0.860583,0.589523
Small,20,20,60133,400,107,0.267500,60,56.0748,29,27.1028,72,5.3667,36,0.8750,1.000000,false,0.973,0.993302,0.597333
Small,20,20,60134,400,146,0.365000,92,63.0137,29,19.8630,64,4.3000,29,0.8750,0.894737,false,0.883,1.207875,0.561880
Small,20,20,60135,400,89,0.222500,56,62.9213,24,26.9663,74,5.5556,31,0.6250,0.736842,false,0.505,0.814494,0.586194
Small,20,20,60136,400,95,0.237500,52,54.7368,33,34.7368,70,4.7576,36,0.7500,1.000000,false,0.268,0.884639,0.580720
Small,20,20,60137,400,91,0.227500,61,67.0330,23,25.2747,67,5.6800,37,0.7500,0.789474,false,0.284,0.884520,0.589250
Small,20,20,60138,400,91,0.227500,56,61.5385,29,31.8681,78,4.4194,43,0.6875,1.000000,false,0.750,0.874441,0.573492
Small,20,20,60139,400,89,0.222500,49,55.0562,21,23.5955,66,7.2000,47,0.6875,1.000000,false,1.038,0.845644,0.592705
Small,20,20,60140,400,96,0.240000,54,56.2500,20,20.8333,68,7.4762,41,0.6875,0.789474,false,0.323,0.858364,0.573786
Small,20,20,60141,400,99,0.247500,64,64.6465,30,30.3030,74,4.7500,26,0.5625,0.736842,false,0.269,0.883443,0.583625
Small,20,20,60142,400,95,0.237500,47,49.4737,25,26.3158,71,5.6207,29,0.7500,0.894737,false,0.854,0.851174,0.589403
Small,20,20,60143,400,89,0.222500,57,64.0449,30,33.7079,66,5.5938,31,0.8750,0.947368,false,0.303,0.906981,0.586672
Small,20,20,60144,400,97,0.242500,69,71.1340,27,27.8351,68,5.1034,52,0.7500,0.894737,false,0.280,0.957506,0.586543
Small,20,20,60145,400,100,0.250000,52,52.0000,26,26.0000,71,6.0741,29,0.8125,0.947368,false,0.585,0.918499,0.600926
Small,20,20,60146,400,103,0.257500,58,56.3107,28,27.1845,65,5.7407,64,0.6250,1.000000,false,0.979,0.914214,0.599009
Small,20,20,60147,400,121,0.302500,80,66.1157,22,18.1818,66,6.2727,76,0.7500,0.947368,false,0.610,1.106689,0.550977
Small,20,20,60148,400,95,0.237500,62,65.2632,21,22.1053,69,6.5000,38,0.6875,1.000000,false,0.550,0.914858,0.573553
Small,20,20,60149,400,102,0.255000,65,63.7255,27,26.4706,68,5.6429,40,0.8125,0.842105,false,1.075,0.965331,0.597036
Small,20,20,60150,400,123,0.307500,73,59.3496,25,20.3252,69,5.8214,21,0.8750,1.000000,false,0.285,1.110261,0.568270
Small,20,20,60151,400,115,0.287500,70,60.8696,32,27.8261,65,5.0909,32,0.7500,1.000000,false,0.792,1.046118,0.599886
Small,20,20,60152,400,109,0.272500,67,61.4679,30,27.5229,73,4.8125,24,0.7500,1.000000,false,0.615,1.008630,0.591906
Small,20,20,60153,400,104,0.260000,61,58.6538,23,22.1154,64,6.6190,39,0.6250,0.631579,false,0.271,0.887540,0.581892
Small,20,20,60154,400,97,0.242500,64,65.9794,24,24.7423,65,6.2917,43,0.7500,0.947368,false,0.315,0.936294,0.598819
Small,20,20,60155,400,138,0.345000,91,65.9420,25,18.1159,58,5.5200,55,0.7500,0.684211,false,0.283,1.152632,0.553659
Small,20,20,60156,400,94,0.235000,50,53.1915,26,27.6596,69,5.1724,41,0.5625,1.000000,false,0.506,0.835069,0.585155
Small,20,20,60157,400,105,0.262500,54,51.4286,31,29.5238,72,4.9143,47,0.8125,0.894737,false,0.270,0.936824,0.590179
Small,20,20,60158,400,110,0.275000,69,62.7273,22,20.0000,59,6.1818,30,0.7500,0.789474,false,1.033,0.993421,0.559773
Small,20,20,60159,400,107,0.267500,63,58.8785,33,30.8411,71,4.9714,30,0.8125,0.947368,false,0.497,0.990080,0.592393
Small,20,20,60160,400,93,0.232500,54,58.0645,28,30.1075,73,5.2759,21,0.8125,1.000000,false,0.488,0.907386,0.585698
Small,20,20,60161,400,101,0.252500,64,63.3663,22,21.7822,64,6.0952,28,0.6250,0.631579,false,0.266,0.888108,0.569762
Small,20,20,60162,400,105,0.262500,69,65.7143,26,24.7619,73,6.5000,41,0.7500,0.684211,false,0.507,0.956674,0.607619
Small,20,20,60163,400,96,0.240000,59,61.4583,21,21.8750,58,5.8261,62,0.5625,0.736842,false,0.784,0.845261,0.563576
Small,20,20,60164,400,94,0.235000,65,69.1489,27,28.7234,65,5.4444,41,0.6250,1.000000,false,0.259,0.912729,0.588556
Small,20,20,60165,400,100,0.250000,63,63.0000,27,27.0000,63,5.8966,29,0.8125,1.000000,false,0.342,0.972227,0.598707
Small,20,20,60166,400,114,0.285000,71,62.2807,30,26.3158,70,5.8276,27,0.6875,1.000000,false,0.960,1.033190,0.608345
Small,20,20,60167,400,106,0.265000,53,50.0000,29,27.3585,75,5.0667,34,0.6875,1.000000,false,0.766,0.929924,0.592833
Small,20,20,60168,400,88,0.220000,56,63.6364,23,26.1364,63,6.9130,33,0.6250,1.000000,false,0.309,0.858333,0.602413
Small,20,20,60169,400,93,0.232500,51,54.8387,28,30.1075,76,5.5357,31,0.7500,0.684211,false,0.274,0.828862,0.588946
Small,20,20,60170,400,91,0.227500,59,64.8352,22,24.1758,69,5.7083,39,0.6875,1.000000,false,0.545,0.890238,0.581362
Small,20,20,60171,400,103,0.257500,63,61.1650,29,28.1553,69,5.4000,34,0.7500,0.894737,false,0.526,0.956370,0.594750
Small,20,20,60172,400,93,0.232500,48,51.6129,18,19.3548,58,8.2000,31,0.8125,0.947368,false,0.276,0.874492,0.565798
Small,20,20,60173,400,94,0.235000,56,59.5745,18,19.1489,59,7.4211,30,0.6250,0.684211,false,0.508,0.834775,0.554753
Small,20,20,60174,400,100,0.250000,59,59.0000,30,30.0000,75,4.7879,22,0.7500,0.789474,false,0.601,0.909482,0.584848
Small,20,20,60175,400,111,0.277500,72,64.8649,28,25.2252,68,4.5484,24,0.8125,1.000000,false,0.314,1.053009,0.590105
Small,20,20,60176,400,104,0.260000,67,64.4231,29,27.8846,71,5.3438,54,0.6875,0.631579,false,0.267,0.917540,0.594797
Small,20,20,60177,400,100,0.250000,63,63.0000,21,21.0000,72,6.9524,25,0.5625,0.736842,false,1.088,0.882254,0.571905
Small,20,20,60178,400,102,0.255000,64,62.7451,26,25.4902,62,6.3846,29,0.6250,0.736842,false,1.487,0.907875,0.606308
Small,20,20,60179,400,119,0.297500,76,63.8655,29,24.3697,58,6.0333,35,0.8750,1.000000,false,0.262,1.111034,0.608364
Small,20,20,60180,400,99,0.247500,64,64.6465,19,19.1919,58,6.3636,31,0.6875,0.578947,false,0.316,0.884582,0.545715
Small,20,20,60181,400,94,0.235000,59,62.7660,26,27.6596,63,5.8400,33,0.6875,0.789474,false,0.278,0.869182,0.593500
Small,20,20,60182,400,109,0.272500,49,44.9541,27,24.7706,70,4.4828,46,0.8125,1.000000,false,1.052,0.940625,0.565307
Small,20,20,60183,400,100,0.250000,60,60.0000,24,24.0000,71,5.3846,40,0.6250,0.736842,false,0.318,0.878754,0.582308
Small,20,20,60184,400,105,0.262500,66,62.8571,23,21.9048,64,6.0769,27,0.8125,0.842105,false,0.791,0.981429,0.573759
Small,20,20,60185,400,100,0.250000,58,58.0000,24,24.0000,59,6.3704,40,0.6875,0.631579,false,1.250,0.871631,0.594630
Small,20,20,60186,400,95,0.237500,54,56.8421,30,31.5789,70,6.0000,30,0.7500,0.947368,false,1.073,0.890867,0.596250
Small,20,20,60187,400,96,0.240000,54,56.2500,16,16.6667,61,10.0625,47,0.5625,1.000000,false,0.281,0.861297,0.564448
Small,20,20,60188,400,96,0.240000,63,65.6250,16,16.6667,64,8.1176,33,0.6250,0.789474,false,0.442,0.884406,0.540137
Small,20,20,60189,400,108,0.270000,64,59.2593,22,20.3704,60,5.0000,26,0.6875,0.894737,false,0.287,0.967367,0.547204
Small,20,20,60190,400,93,0.232500,61,65.5914,24,25.8065,76,6.2400,25,0.6250,0.578947,false,0.260,0.835895,0.597750
Small,20,20,60191,400,94,0.235000,55,58.5106,22,23.4043,73,6.3600,34,0.6250,1.000000,false,0.540,0.866275,0.584043
Small,20,20,60192,400,105,0.262500,63,60.0000,20,19.0476,68,6.5500,54,0.5625,1.000000,false,1.068,0.938209,0.551101
Small,20,20,60193,400,99,0.247500,60,60.6061,30,30.3030,72,5.5517,42,0.6875,1.000000,false,0.283,0.925013,0.593647
Small,20,20,60194,400,97,0.242500,53,54.6392,27,27.8351,74,4.6000,43,0.6875,1.000000,false,0.562,0.886371,0.580250
Small,20,20,60195,400,105,0.262500,61,58.0952,33,31.4286,69,3.6765,35,0.6875,1.000000,false,0.579,0.952971,0.574706
Small,20,20,60196,400,101,0.252500,57,56.4356,28,27.7228,72,5.3793,20,0.6875,0.789474,false,0.791,0.890348,0.592991
Small,20,20,60197,400,107,0.267500,63,58.8785,22,20.5607,63,6.4091,25,0.6875,1.000000,false,0.377,0.974844,0.565971
Small,20,20,60198,400,90,0.225000,59,65.5556,17,18.8889,64,7.0556,37,0.6250,0.684211,false,0.552,0.831419,0.544583
Small,20,20,60199,400,133,0.332500,85,63.9098,27,20.3008,61,5.2143,52,0.7500,0.842105,false,1.077,1.155482,0.567936
Small,20,20,60200,400,107,0.267500,62,57.9439,20,18.6916,58,7.3500,54,0.6250,1.000000,false,0.265,0.957710,0.559041
Small,20,20,60201,400,133,0.332500,79,59.3985,27,20.3008,64,4.2759,37,0.7500,1.000000,false,1.037,1.149486,0.556206
Small,20,20,60202,400,109,0.272500,57,52.2936,21,19.2661,59,5.9545,35,0.6875,0.789474,false,0.563,0.920591,0.548842
Small,20,20,60203,400,84,0.210000,57,67.8571,23,27.3810,68,5.5000,36,0.6250,0.789474,false,1.739,0.815012,0.581750
Small,20,20,60204,400,93,0.232500,61,65.5914,23,24.7312,68,5.6400,41,0.6875,0.631579,false,0.540,0.856290,0.587562
Small,20,20,60205,400,88,0.220000,53,60.2273,22,25.0000,66,6.2500,32,0.6875,0.894737,false,0.267,0.842544,0.594125
Small,20,20,60206,400,115,0.287500,64,55.6522,31,26.9565,69,4.4375,25,0.8125,0.947368,false,0.304,1.022245,0.591719
Small,20,20,60207,400,93,0.232500,65,69.8925,26,27.9570,75,5.7308,48,0.6875,0.947368,false,0.334,0.916857,0.591385
Small,20,20,60208,400,110,0.275000,68,61.8182,31,28.1818,75,4.1765,26,0.6875,0.894737,false,0.582,0.992544,0.584706
Small,20,20,60209,400,113,0.282500,79,69.9115,27,23.8938,66,4.4000,30,0.6875,0.578947,false,0.267,1.002941,0.578688
Small,20,20,60210,400,88,0.220000,58,65.9091,26,29.5455,71,4.0345,32,0.6250,0.947368,false,0.537,0.857522,0.566431
Small,20,20,60211,400,95,0.237500,55,57.8947,20,21.0526,68,6.4091,44,0.5625,1.000000,false,0.584,0.864902,0.561890
Small,20,20,60212,400,96,0.240000,54,56.2500,20,20.8333,68,6.0455,38,0.6875,0.631579,false,0.498,0.839055,0.555902
Small,20,20,60213,400,89,0.222500,56,62.9213,20,22.4719,67,5.9130,36,0.5625,0.894737,false,1.082,0.832420,0.565382
Small,20,20,60214,400,107,0.267500,60,56.0748,33,30.8411,67,4.4118,38,0.6875,1.000000,false,0.717,0.958606,0.585397
Small,20,20,60215,400,100,0.250000,61,61.0000,19,19.0000,68,7.5238,37,0.6875,0.631579,false,0.321,0.884131,0.559048
Small,20,20,60216,400,104,0.260000,72,69.2308,23,22.1154,62,5.0000,36,0.6250,0.736842,false,0.549,0.944067,0.561654
Small,20,20,60217,400,118,0.295000,67,56.7797,29,24.5763,69,5.3667,37,0.8750,0.894737,false,1.238,1.057695,0.601346
Small,20,20,60218,400,99,0.247500,48,48.4848,30,30.3030,73,5.1818,27,0.8125,1.000000,false,0.261,0.904558,0.582962
Small,20,20,60219,400,125,0.312500,77,61.6000,34,27.2000,70,4.8182,27,0.8125,1.000000,false,0.284,1.130492,0.603977
Small,20,20,60220,400,103,0.257500,59,57.2816,22,21.3592,60,8.0000,36,0.6875,0.894737,false,0.815,0.922858,0.590842
Small,20,20,60221,400,110,0.275000,71,64.5455,26,23.6364,67,4.5806,32,0.7500,0.947368,false,0.265,1.022484,0.576122
Small,20,20,60222,400,106,0.265000,55,51.8868,22,20.7547,65,5.8261,38,0.7500,1.000000,false,0.303,0.938541,0.559873
Small,20,20,60223,400,90,0.225000,59,65.5556,23,25.5556,63,6.1200,30,0.7500,0.842105,false,0.271,0.873715,0.594000
Small,20,20,60224,400,94,0.235000,60,63.8298,22,23.4043,60,7.0000,38,0.6875,0.684211,false,0.640,0.860219,0.592043
Small,20,20,60225,400,90,0.225000,49,54.4444,25,27.7778,73,4.8400,45,0.6250,1.000000,false,0.759,0.829621,0.578000
Small,20,20,60226,400,110,0.275000,71,64.5455,32,29.0909,79,4.3939,22,0.6250,1.000000,false,0.273,1.002652,0.587424
Small,20,20,60227,400,108,0.270000,77,71.2963,32,29.6296,66,5.4571,36,0.7500,0.894737,false,0.299,1.034589,0.599214
Small,20,20,60228,400,99,0.247500,55,55.5556,29,29.2929,75,5.2500,31,0.7500,0.736842,false,0.283,0.878216,0.589875
Small,20,20,60229,400,102,0.255000,54,52.9412,33,32.3529,73,4.1818,32,0.7500,1.000000,false,0.265,0.921221,0.578773
Small,20,20,60230,400,97,0.242500,58,59.7938,29,29.8969,68,4.8966,53,0.6875,1.000000,false,1.342,0.912874,0.583957
Small,20,20,60231,400,92,0.230000,56,60.8696,29,31.5217,67,5.0313,34,0.7500,0.947368,false,0.263,0.890369,0.581891
Small,20,20,60232,400,89,0.222500,56,62.9213,31,34.8315,76,4.2581,33,0.6875,1.000000,false,0.618,0.869839,0.569976
Small,20,20,60233,400,94,0.235000,60,63.8298,25,26.5957,70,4.2222,29,0.5625,0.789474,false,0.500,0.854785,0.573278
Small,20,20,60234,400,95,0.237500,51,53.6842,29,30.5263,68,5.4667,31,0.7500,0.789474,false,0.284,0.854683,0.589583
Small,20,20,60235,400,92,0.230000,60,65.2174,23,25.0000,72,5.5000,42,0.7500,1.000000,false,0.275,0.913844,0.587750
Small,20,20,60236,400,89,0.222500,52,58.4270,24,26.9663,66,8.0909,57,0.6250,1.000000,false,1.261,0.840672,0.617886
Small,20,20,60237,400,100,0.250000,58,58.0000,23,23.0000,67,5.7917,21,0.8125,0.789474,false,0.485,0.920315,0.577396
Small,20,20,60238,400,109,0.272500,68,62.3853,19,17.4312,67,5.7273,32,0.6875,1.000000,false,0.268,0.998920,0.527653
Small,20,20,60239,400,91,0.227500,58,63.7363,27,29.6703,68,4.9000,27,0.6250,0.842105,false,0.262,0.854914,0.579500
Small,20,20,60240,400,101,0.252500,49,48.5149,25,24.7525,63,6.7500,39,0.9375,1.000000,false,0.709,0.929188,0.601709
Small,20,20,60241,400,96,0.240000,67,69.7917,21,21.8750,64,8.3500,45,0.7500,0.789474,false,0.311,0.929406,0.595125
Small,20,20,60242,400,91,0.227500,59,64.8352,27,29.6703,71,6.3448,23,0.7500,0.789474,false,0.274,0.872807,0.597560
Small,20,20,60243,400,92,0.230000,52,56.5217,23,25.0000,69,6.2800,58,0.7500,0.684211,false,0.318,0.835207,0.597500
Small,20,20,60244,400,95,0.237500,67,70.5263,17,17.8947,57,7.3529,38,0.8125,0.631579,false,0.555,0.914244,0.542109
Small,20,20,60245,400,111,0.277500,70,63.0631,24,21.6216,67,6.2083,30,0.7500,1.000000,false,0.321,1.025869,0.577070
Small,20,20,60246,400,97,0.242500,64,65.9794,20,20.6186,67,5.5000,38,0.6875,0.947368,false,0.270,0.921217,0.547686
Small,20,20,60247,400,83,0.207500,53,63.8554,20,24.0964,77,5.0952,30,0.6250,0.789474,false,1.744,0.788976,0.566904
Small,20,20,60248,400,157,0.392500,108,68.7898,27,17.1975,57,5.1333,33,0.8750,0.894737,false,1.783,1.209211,0.553891
Small,20,20,60249,400,96,0.240000,59,61.4583,19,19.7917,62,6.9565,28,0.6875,0.894737,false,1.214,0.894466,0.556873
Small,20,20,60250,400,108,0.270000,69,63.8889,35,32.4074,70,4.7714,43,0.6875,0.736842,false,0.326,0.965072,0.590643
Small,20,20,60251,400,130,0.325000,77,59.2308,26,20.0000,50,7.3200,30,0.9375,0.947368,false,0.838,1.167484,0.589000
Small,20,20,60252,400,107,0.267500,69,64.4860,29,27.1028,63,5.4667,42,0.6875,0.736842,false,0.266,0.958501,0.598583
Small,20,20,60253,400,122,0.305000,77,63.1148,27,22.1311,66,4.9286,34,0.6875,0.894737,false,1.066,1.069861,0.574419
Small,20,20,60254,400,95,0.237500,59,62.1053,24,25.2632,68,5.8462,36,0.5625,0.736842,false,0.538,0.839464,0.594327
Small,20,20,60255,400,105,0.262500,66,62.8571,31,29.5238,65,5.7586,26,0.7500,1.000000,false,0.263,0.988209,0.600733
Small,20,20,60256,400,97,0.242500,58,59.7938,30,30.9278,71,4.5625,28,0.7500,1.000000,false,0.762,0.922797,0.579781
Small,20,20,60257,400,102,0.255000,73,71.5686,26,25.4902,69,5.2759,30,0.6250,0.736842,false,0.314,0.942287,0.592448
Small,20,20,60258,400,123,0.307500,80,65.0407,25,20.3252,61,6.2692,29,0.8125,0.789474,false,0.265,1.103459,0.573867
Small,20,20,60259,400,97,0.242500,65,67.0103,26,26.8041,71,5.8214,27,0.8750,0.947368,false,0.310,0.973734,0.595518
Small,20,20,60260,400,117,0.292500,61,52.1368,26,22.2222,64,6.1034,43,0.8750,0.947368,false,0.280,1.036591,0.586265
Small,20,20,60261,400,94,0.235000,59,62.7660,23,24.4681,68,6.2917,25,0.6250,1.000000,false,0.320,0.894697,0.593827
Small,20,20,60262,400,124,0.310000,70,56.4516,26,20.9677,59,6.6538,35,0.8125,0.842105,false,1.114,1.073664,0.585850
Small,20,20,60263,400,96,0.240000,67,69.7917,20,20.8333,61,8.4545,33,0.6875,0.736842,false,0.274,0.903594,0.586015
Small,20,20,60264,400,100,0.250000,63,63.0000,22,22.0000,68,6.1200,45,0.6250,0.736842,false,0.497,0.892754,0.571500
Small,20,20,60265,400,104,0.260000,74,71.1538,27,25.9615,68,5.0741,23,0.7500,1.000000,false,1.315,1.018316,0.591426
Small,20,20,60266,400,88,0.220000,47,53.4091,28,31.8182,69,6.4615,28,0.7500,0.842105,false,0.277,0.820899,0.596769
Small,20,20,60267,400,101,0.252500,52,51.4851,27,26.7327,72,4.4286,36,0.7500,1.000000,false,1.093,0.909634,0.581107
Small,20,20,60268,400,88,0.220000,51,57.9545,17,19.3182,71,6.0625,47,0.5625,1.000000,false,1.587,0.810114,0.534963
Small,20,20,60269,400,98,0.245000,55,56.1224,35,35.7143,70,4.8108,25,0.8125,1.000000,false,0.269,0.928021,0.583635
Small,20,20,60270,400,89,0.222500,49,55.0562,26,29.2135,75,7.1923,36,0.7500,0.842105,false,0.510,0.831173,0.606654
Small,20,20,60271,400,96,0.240000,68,70.8333,20,20.8333,69,6.9444,45,0.5625,1.000000,false,0.599,0.923277,0.567139
Small,20,20,60272,400,91,0.227500,55,60.4396,23,25.2747,69,6.5769,38,0.6875,1.000000,false,0.760,0.874670,0.600462
Small,20,20,60273,400,98,0.245000,61,62.2449,26,26.5306,71,6.5000,40,0.7500,0.736842,false,0.761,0.904109,0.604750
Small,20,20,60274,400,110,0.275000,68,61.8182,28,25.4545,65,4.2333,35,0.6875,0.736842,false,1.016,0.964087,0.585417
Small,20,20,60275,400,98,0.245000,64,65.3061,28,28.5714,71,5.6071,33,0.6875,0.947368,false,0.325,0.935177,0.593589
Small,20,20,60276,400,92,0.230000,56,60.8696,31,33.6957,76,5.4063,24,0.5625,0.736842,false,0.582,0.819117,0.586578
Small,20,20,60277,400,93,0.232500,55,59.1398,26,27.9570,66,5.6400,46,0.7500,1.000000,false,0.570,0.892897,0.590250
Small,20,20,60278,400,123,0.307500,77,62.6016,18,14.6341,52,5.3333,39,0.6875,0.842105,false,0.314,1.070622,0.505258
Small,20,20,60279,400,117,0.292500,71,60.6838,33,28.2051,71,5.3529,24,0.8125,1.000000,false,0.491,1.067670,0.604662
Small,20,20,60280,400,96,0.240000,54,56.2500,23,23.9583,71,5.4167,45,0.6875,0.947368,false,0.583,0.885173,0.579292
Small,20,20,60281,400,94,0.235000,60,63.8298,21,22.3404,73,5.8696,36,0.6875,0.684211,false,0.279,0.852772,0.567274
Small,20,20,60282,400,98,0.245000,55,56.1224,25,25.5102,64,7.7200,28,0.6250,0.736842,false,0.545,0.854466,0.620000
Small,20,20,60283,400,138,0.345000,79,57.2464,30,21.7391,56,5.6552,26,0.8125,1.000000,false,0.829,1.155906,0.591581
Small,20,20,60284,400,118,0.295000,67,56.7797,34,28.8136,73,4.0000,26,0.8125,1.000000,false,0.299,1.052637,0.588500
Small,20,20,60285,400,103,0.257500,53,51.4563,21,20.3883,64,6.3043,26,0.7500,0.947368,false,0.501,0.922598,0.559938
Small,20,20,60286,400,91,0.227500,58,63.7363,25,27.4725,68,7.0417,37,0.6250,0.789474,false,0.562,0.847020,0.606271
Small,20,20,60287,400,103,0.257500,63,61.1650,25,24.2718,84,5.1111,39,0.6250,1.000000,false,1.271,0.944271,0.583857
Small,20,20,60288,400,98,0.245000,57,58.1633,30,30.6122,75,3.5938,24,0.6250,0.631579,false,0.503,0.840020,0.568422
Small,20,20,60289,400,94,0.235000,51,54.2553,21,22.3404,67,5.4000,56,0.6250,0.526316,false,0.304,0.784407,0.561404
Small,20,20,60290,400,94,0.235000,56,59.5745,29,30.8511,70,5.2121,23,0.8125,0.894737,false,1.034,0.903907,0.585652
Small,20,20,60291,400,97,0.242500,57,58.7629,23,23.7113,72,7.1818,83,0.6875,0.842105,false,0.263,0.879354,0.599636
Small,20,20,60292,400,100,0.250000,69,69.0000,17,17.0000,66,8.8235,69,0.7500,0.578947,false,1.354,0.919569,0.555294
Small,20,20,60293,400,114,0.285000,70,61.4035,31,27.1930,68,4.3714,36,0.8125,0.842105,false,0.481,1.033409,0.590143
Small,20,20,60294,400,89,0.222500,49,55.0562,24,26.9663,78,4.2500,36,0.6875,0.578947,false,0.317,0.782009,0.569875
Small,20,20,60295,400,93,0.232500,57,61.2903,19,20.4301,66,8.2632,34,0.7500,0.894737,false,0.288,0.891597,0.577341
Small,20,20,60296,400,90,0.225000,58,64.4444,19,21.1111,68,6.5500,35,0.7500,0.684211,false,0.723,0.852253,0.560486
Small,20,20,60297,400,109,0.272500,70,64.2202,26,23.8532,69,5.0385,30,0.6875,0.736842,false,0.938,0.973216,0.583263
Small,20,20,60298,400,96,0.240000,55,57.2917,25,26.0417,58,5.7037,33,0.7500,0.789474,false,0.774,0.878677,0.593296
Small,20,20,60299,400,99,0.247500,61,61.6162,22,22.2222,63,5.9565,36,0.5625,0.736842,false,0.321,0.870943,0.570929
Small,20,20,60300,400,101,0.252500,59,58.4158,24,23.7624,69,5.5833,28,0.8125,0.894737,false,0.475,0.936996,0.583165
Small,20,20,60301,400,94,0.235000,51,54.2553,23,24.4681,53,6.7083,46,0.7500,0.736842,false,0.275,0.838326,0.599035
Small,20,20,60302,400,114,0.285000,69,60.5263,29,25.4386,60,6.0000,26,0.8125,0.894737,false,0.279,1.037620,0.610500
Small,20,20,60303,400,121,0.302500,70,57.8512,30,24.7934,68,4.0303,25,0.7500,1.000000,false,0.349,1.065210,0.589063
Small,20,20,60304,400,94,0.235000,50,53.1915,25,26.5957,66,6.4615,45,0.7500,0.842105,false,0.279,0.854204,0.601269
Small,20,20,60305,400,99,0.247500,67,67.6768,22,22.2222,52,8.0000,57,0.7500,0.947368,false,0.271,0.965022,0.596472
Small,20,20,60306,400,97,0.242500,50,51.5464,16,16.4948,59,6.5625,43,0.7500,1.000000,false,1.061,0.882763,0.519730
Small,20,20,60307,400,119,0.297500,75,63.0252,28,23.5294,70,4.4828,29,0.6875,1.000000,false,0.274,1.073295,0.580579
Small,20,20,60308,400,93,0.232500,59,63.4409,25,26.8817,63,5.2500,30,0.5625,0.684211,false,0.497,0.826846,0.585375
Small,20,20,60309,400,88,0.220000,55,62.5000,22,25.0000,64,7.5909,32,0.7500,0.947368,false,0.866,0.871272,0.610886
Small,20,20,60310,400,122,0.305000,80,65.5738,28,22.9508,63,6.3103,37,0.8750,0.947368,false,0.538,1.134723,0.599888
Small,20,20,60311,400,93,0.232500,47,50.5376,20,21.5054,68,5.3500,34,0.6250,0.789474,false,0.265,0.805135,0.551679
Small,20,20,60312,400,143,0.357500,88,61.5385,31,21.6783,69,4.1613,24,0.8750,1.000000,false,0.736,1.210390,0.576049
Small,20,20,60313,400,97,0.242500,60,61.8557,24,24.7423,75,6.0000,29,0.6250,0.684211,false,0.264,0.863427,0.595173
Small,20,20,60314,400,113,0.282500,67,59.2920,27,23.8938,64,5.5600,29,0.7500,0.736842,false,0.279,0.988483,0.593188
Small,20,20,60315,400,101,0.252500,58,57.4257,26,25.7426,72,6.1481,26,0.6875,0.684211,false,0.578,0.883503,0.602602
Small,20,20,60316,400,93,0.232500,66,70.9677,24,25.8065,73,6.0800,45,0.6875,0.736842,false,0.336,0.892913,0.595750
Small,20,20,60317,400,89,0.222500,56,62.9213,27,30.3371,69,5.7586,37,0.6875,0.789474,false,0.260,0.843232,0.588733
Small,20,20,60318,400,107,0.267500,64,59.8131,38,35.5140,76,4.9211,29,0.8125,0.894737,false,0.509,0.988945,0.591763
Small,20,20,60319,400,88,0.220000,49,55.6818,24,27.2727,74,5.0000,26,0.6875,0.684211,false,0.294,0.787366,0.578500
Small,20,20,60320,400,87,0.217500,53,60.9195,27,31.0345,69,5.9667,36,0.6250,0.947368,false,1.728,0.833961,0.589833
Small,20,20,60321,400,95,0.237500,51,53.6842,28,29.4737,73,5.2667,29,0.7500,0.947368,false,0.490,0.875736,0.587083
Small,20,20,60322,400,110,0.275000,67,60.9091,23,20.9091,63,5.5833,25,0.6250,0.684211,false,0.284,0.944298,0.561383
Small,20,20,60323,400,115,0.287500,76,66.0870,25,21.7391,70,5.6923,21,0.8125,1.000000,false,0.330,1.086227,0.574795
Small,20,20,60324,400,124,0.310000,76,61.2903,30,24.1935,68,4.7353,31,0.8125,1.000000,false,1.485,1.116461,0.594127
Small,20,20,60325,400,92,0.230000,59,64.1304,24,26.0870,67,5.2692,39,0.5625,0.947368,false,0.309,0.860478,0.584865
Small,20,20,60326,400,101,0.252500,61,60.3960,29,28.7129,70,5.5172,50,0.5625,1.000000,false,1.441,0.918371,0.594716
Small,20,20,60327,400,141,0.352500,91,64.5390,36,25.5319,66,3.9211,31,0.7500,0.947368,false,0.319,1.190811,0.604763
Small,20,20,60328,400,101,0.252500,60,59.4059,21,20.7921,69,7.9048,30,0.6875,0.842105,false,1.028,0.915520,0.582480
Small,20,20,60329,400,112,0.280000,73,65.1786,20,17.8571,59,7.6000,64,0.5625,1.000000,false,0.263,1.011318,0.557571
Small,20,20,60330,400,95,0.237500,59,62.1053,25,26.3158,80,5.6800,28,0.6875,0.789474,false,1.060,0.879595,0.592250
Small,20,20,60331,400,95,0.237500,52,54.7368,21,22.1053,64,6.4783,44,0.7500,0.842105,false,0.703,0.860429,0.573281
Small,20,20,60332,400,89,0.222500,51,57.3034,26,29.2135,69,5.6071,36,0.7500,1.000000,false,0.281,0.866477,0.586839
Small,20,20,60333,400,97,0.242500,65,67.0103,23,23.7113,71,7.3200,30,0.6250,1.000000,false,0.576,0.922840,0.601363
Small,20,20,60334,400,109,0.272500,66,60.5505,17,15.5963,59,5.5789,40,0.4375,0.473684,false,0.276,0.866227,0.507450
Small,20,20,60335,400,98,0.245000,61,62.2449,23,23.4694,62,8.5000,29,0.6875,1.000000,false,0.258,0.925470,0.614444
Small,20,20,60336,400,116,0.290000,71,61.2069,31,26.7241,71,4.0857,33,0.6875,0.736842,false,0.855,1.002465,0.588071
Small,20,20,60337,400,98,0.245000,75,76.5306,18,18.3673,59,8.5000,76,0.6250,0.736842,false,0.320,0.937442,0.563423
Small,20,20,60338,400,95,0.237500,61,64.2105,15,15.7895,55,10.3333,39,0.6875,1.000000,false,0.262,0.917008,0.558311
Small,20,20,60339,400,93,0.232500,63,67.7419,24,25.8065,61,6.2500,37,0.7500,0.842105,false,1.032,0.908460,0.597875
Small,20,20,60340,400,129,0.322500,73,56.5891,34,26.3566,72,4.5758,37,0.7500,1.000000,false,0.322,1.115355,0.603947
Small,20,20,60341,400,107,0.267500,54,50.4673,26,24.2991,69,5.5385,23,0.6875,0.684211,false,0.269,0.883433,0.592471
Small,20,20,60342,400,92,0.230000,62,67.3913,22,23.9130,62,6.4167,48,0.6250,0.631579,false,0.310,0.842458,0.588339
Small,20,20,60343,400,88,0.220000,53,60.2273,25,28.4091,68,6.7037,34,0.7500,0.947368,false,0.276,0.862939,0.599796
Small,20,20,60344,400,86,0.215000,51,59.3023,28,32.5581,80,5.1379,45,0.6250,1.000000,false,1.684,0.822627,0.578724
Small,20,20,60345,400,88,0.220000,46,52.2727,20,22.7273,63,7.7500,34,0.6250,1.000000,false,0.257,0.808598,0.590148
Small,20,20,60346,400,124,0.310000,77,62.0968,28,22.5806,66,5.2308,32,0.8750,1.000000,false,0.291,1.139015,0.584191
Small,20,20,60347,400,107,0.267500,55,51.4019,24,22.4299,72,4.9259,39,0.6875,0.894737,false,0.574,0.925254,0.566123
Small,20,20,60348,400,95,0.237500,61,64.2105,23,24.2105,79,4.1923,24,0.7500,1.000000,false,0.500,0.928455,0.565759
Small,20,20,60349,400,95,0.237500,51,53.6842,25,26.3158,65,5.5333,21,0.7500,0.842105,false,0.312,0.866657,0.590417
Small,20,20,60350,400,115,0.287500,67,58.2609,30,26.0870,68,3.7941,27,0.7500,1.000000,false,0.723,1.025357,0.583676
Small,20,20,60351,400,116,0.290000,70,60.3448,26,22.4138,63,5.9655,40,0.6875,0.894737,false,0.711,1.018965,0.585707
Small,20,20,60352,400,99,0.247500,62,62.6263,22,22.2222,68,6.5455,37,0.6250,1.000000,false,0.769,0.926907,0.578290
Small,20,20,60353,400,104,0.260000,69,66.3462,26,25.0000,69,6.5385,35,0.7500,1.000000,false,0.562,0.992194,0.609731
Small,20,20,60354,400,93,0.232500,49,52.6882,18,19.3548,62,7.2632,33,0.6875,1.000000,false,0.797,0.858623,0.554088
Small,20,20,60355,400,96,0.240000,62,64.5833,24,25.0000,77,5.3200,30,0.6250,1.000000,false,0.273,0.908172,0.588500
Small,20,20,60356,400,99,0.247500,58,58.5859,26,26.2626,72,6.0000,43,0.6875,0.947368,false,0.494,0.911815,0.599250
Small,20,20,60357,400,102,0.255000,69,67.6471,28,27.4510,71,5.5556,27,0.6875,0.736842,false,0.304,0.941208,0.595944
Small,20,20,60358,400,97,0.242500,61,62.8866,30,30.9278,71,5.7419,48,0.6250,0.947368,false,0.840,0.906011,0.594524
Small,20,20,60359,400,101,0.252500,72,71.2871,23,22.7723,62,5.8696,61,0.8125,0.894737,false,0.279,0.996608,0.576842
Small,20,20,60360,400,100,0.250000,69,69.0000,23,23.0000,55,6.5217,44,0.6250,0.842105,false,0.659,0.936543,0.586522
Small,20,20,60361,400,107,0.267500,63,58.8785,20,18.6916,61,7.6842,48,0.7500,1.000000,false,0.753,0.982671,0.563219
Small,20,20,60362,400,94,0.235000,52,55.3191,26,27.6596,79,3.7692,27,0.6250,1.000000,false,0.268,0.860690,0.567615
Small,20,20,60363,400,130,0.325000,73,56.1538,29,22.3077,62,5.3667,41,0.7500,0.684211,false,0.288,1.070190,0.587660
Small,20,20,60364,400,111,0.277500,57,51.3514,29,26.1261,70,5.1333,24,0.8125,0.842105,false,0.819,0.967793,0.597417
Small,20,20,60365,400,100,0.250000,51,51.0000,31,31.0000,66,4.5429,38,0.8125,0.894737,false,0.852,0.903438,0.581786
Small,20,20,60366,400,90,0.225000,59,65.5556,22,24.4444,62,5.8000,26,0.5625,0.736842,false,0.261,0.826814,0.584444
Small,20,20,60367,400,105,0.262500,67,63.8095,26,24.7619,76,5.3448,57,0.6875,1.000000,false,0.537,0.974637,0.593179
Small,20,20,60368,400,139,0.347500,83,59.7122,24,17.2662,59,6.7500,57,0.8125,0.947368,false,0.589,1.174593,0.561287
Small,20,20,60369,400,108,0.270000,73,67.5926,33,30.5556,71,5.0556,30,0.6875,0.736842,false,0.494,0.980257,0.594194
Small,20,20,60370,400,122,0.305000,81,66.3934,31,25.4098,65,4.9375,41,0.8125,0.894737,false,0.316,1.119438,0.603219
Small,20,20,60371,400,99,0.247500,61,61.6162,24,24.2424,77,5.2308,37,0.6250,0.736842,false,0.736,0.882256,0.582059
Small,20,20,60372,400,115,0.287500,73,63.4783,24,20.8696,69,6.5600,25,0.7500,0.947368,false,0.269,1.051158,0.576946
Small,20,20,60373,400,103,0.257500,69,66.9903,28,27.1845,77,4.6207,30,0.6250,0.736842,false,0.544,0.929797,0.585009
Small,20,20,60374,400,106,0.265000,74,69.8113,14,13.2075,56,9.6667,43,0.7500,1.000000,false,0.280,1.029924,0.532409
Small,20,20,60375,400,107,0.267500,65,60.7477,23,21.4953,69,5.8000,32,0.7500,1.000000,false,0.715,0.991939,0.567703
Small,20,20,60376,400,111,0.277500,65,58.5586,26,23.4234,64,5.7308,43,0.6875,1.000000,false,0.600,0.998842,0.589119
Small,20,20,60377,400,99,0.247500,61,61.6162,18,18.1818,62,6.8000,36,0.5625,1.000000,false,0.261,0.910240,0.541068
Small,20,20,60378,400,98,0.245000,57,58.1633,20,20.4082,54,7.2273,67,0.6250,1.000000,false,0.277,0.895793,0.567923
Small,20,20,60379,400,132,0.330000,80,60.6061,31,23.4848,67,4.6250,29,0.8750,1.000000,false,0.270,1.176970,0.591661
Small,20,20,60380,400,101,0.252500,54,53.4653,30,29.7030,74,4.4333,33,0.6250,0.894737,false,0.788,0.879158,0.581167
Small,20,20,60381,400,102,0.255000,65,63.7255,22,21.5686,62,7.5238,39,0.6250,0.736842,false,0.537,0.912041,0.586234
Small,20,20,60382,400,93,0.232500,55,59.1398,25,26.8817,64,6.5556,28,0.6250,1.000000,false,0.886,0.866284,0.601694
Small,20,20,60383,400,96,0.240000,56,58.3333,26,27.0833,69,6.5806,41,0.8125,1.000000,false,0.485,0.926922,0.604258
Small,20,20,60384,400,97,0.242500,63,64.9485,21,21.6495,66,8.2381,31,0.6875,0.894737,false,0.275,0.920006,0.592221
Small,20,20,60385,400,110,0.275000,73,66.3636,23,20.9091,65,5.1667,39,0.6875,0.736842,false,0.481,0.986284,0.556174
Small,20,20,60386,400,89,0.222500,54,60.6742,24,26.9663,65,6.6000,27,0.6875,0.842105,false,0.494,0.839507,0.599250
Small,20,20,60387,400,90,0.225000,57,63.3333,28,31.1111,67,6.2069,42,0.6250,0.842105,false,0.295,0.846770,0.595086
Small,20,20,60388,400,91,0.227500,58,63.7363,25,27.4725,65,5.5556,34,0.6875,0.684211,false,0.956,0.842549,0.587694
Small,20,20,60389,400,110,0.275000,69,62.7273,17,15.4545,61,7.2222,48,0.6250,0.789474,false,0.276,0.966376,0.527323
Small,20,20,60390,400,88,0.220000,54,61.3636,17,19.3182,63,9.7222,38,0.6250,0.684211,false,1.554,0.802632,0.580710
Small,20,20,60391,400,94,0.235000,62,65.9574,22,23.4043,68,6.8462,45,0.5625,0.842105,false,0.261,0.869364,0.590119
Small,20,20,60392,400,93,0.232500,55,59.1398,20,21.5054,67,6.5909,44,0.6875,0.789474,false,0.564,0.854974,0.567190
Small,20,20,60393,400,127,0.317500,79,62.2047,24,18.8976,66,5.3846,33,0.8750,0.842105,false,0.273,1.135596,0.551534
Small,20,20,60394,400,106,0.265000,71,66.9811,18,16.9811,63,6.1667,29,0.6250,0.631579,false,0.311,0.937161,0.526395
Small,20,20,60395,400,91,0.227500,59,64.8352,25,27.4725,67,6.2308,46,0.6875,1.000000,false,0.273,0.891886,0.596135
Small,20,20,60396,400,90,0.225000,56,62.2222,22,24.4444,68,5.6522,52,0.5625,0.789474,false,1.271,0.818042,0.582597
Small,20,20,60397,400,109,0.272500,58,53.2110,16,14.6789,61,6.5000,47,0.6250,0.947368,false,0.273,0.940070,0.509789
Small,20,20,60398,400,128,0.320000,83,64.8438,36,28.1250,77,4.1053,20,0.8750,1.000000,false,0.800,1.175940,0.597316
Small,20,20,60399,400,106,0.265000,70,66.0377,28,26.4151,65,6.1852,31,0.6875,0.736842,false,1.351,0.961284,0.606815
Small,20,20,60400,400,95,0.237500,56,58.9474,26,27.3684,67,6.5769,33,0.5625,0.894737,false,0.290,0.854332,0.603462
Small,20,20,60401,400,98,0.245000,61,62.2449,16,16.3265,70,6.9375,49,0.6250,1.000000,false,0.751,0.909909,0.523484
Small,20,20,60402,400,119,0.297500,79,66.3866,30,25.2101,69,5.1875,28,0.9375,1.000000,false,0.723,1.138975,0.604094
Small,20,20,60403,400,94,0.235000,62,65.9574,22,23.4043,67,5.9565,39,0.6875,0.947368,false,0.516,0.909089,0.578999
Small,20,20,60404,400,107,0.267500,72,67.2897,26,24.2991,69,6.1923,34,0.6875,1.000000,false,0.315,1.002531,0.600645
Small,20,20,60405,400,105,0.262500,60,57.1429,24,22.8571,67,4.7407,33,0.5625,0.631579,false,0.637,0.873303,0.566581
Small,20,20,60406,400,133,0.332500,85,63.9098,30,22.5564,64,4.3548,28,0.7500,1.000000,false,0.277,1.177494,0.579749
Small,20,20,60407,400,97,0.242500,62,63.9175,27,27.8351,77,5.8571,51,0.8125,0.789474,false,0.525,0.924509,0.595964
Small,20,20,60408,400,91,0.227500,64,70.3297,24,26.3736,74,6.5417,39,0.5625,0.736842,false,0.584,0.851625,0.600021
Small,20,20,60409,400,90,0.225000,45,50.0000,28,31.1111,74,5.4333,30,0.6875,1.000000,false,0.534,0.829899,0.585417
Small,20,20,60410,400,107,0.267500,71,66.3551,26,24.2991,65,4.9643,41,0.6250,0.842105,false,0.262,0.972717,0.585294
Small,20,20,60411,400,100,0.250000,67,67.0000,20,20.0000,62,6.7143,41,0.5625,0.736842,false,1.311,0.898920,0.558929
Small,20,20,60412,400,115,0.287500,76,66.0870,21,18.2609,62,6.0000,48,0.6875,1.000000,false,0.266,1.053836,0.543859
Small,20,20,60413,400,95,0.237500,57,60.0000,24,25.2632,65,8.0833,77,0.7500,1.000000,false,0.316,0.915341,0.622292
Small,20,20,60414,400,98,0.245000,57,58.1633,23,23.4694,80,5.0000,47,0.6250,1.000000,false,0.289,0.900385,0.570694
Small,20,20,60415,400,94,0.235000,62,65.9574,21,22.3404,72,5.0952,58,0.6875,1.000000,false,0.530,0.908474,0.557595
Small,20,20,60416,400,103,0.257500,63,61.1650,26,25.2427,69,6.2308,23,0.6875,0.631579,false,1.052,0.904396,0.605135
Small,20,20,60417,400,95,0.237500,48,50.5263,22,23.1579,69,6.6800,32,0.6875,0.842105,false,0.301,0.841657,0.586329
Small,20,20,60418,400,118,0.295000,69,58.4746,25,21.1864,68,4.9655,27,0.8125,0.947368,false,1.016,1.053923,0.562433
Small,20,20,60419,400,103,0.257500,66,64.0777,28,27.1845,70,5.4483,27,0.6875,0.842105,false,0.761,0.948475,0.595353
Small,20,20,60420,400,105,0.262500,63,60.0000,21,20.0000,66,6.6667,32,0.8750,1.000000,false,0.268,0.999756,0.562083
Small,20,20,60421,400,94,0.235000,61,64.8936,25,26.5957,65,5.3600,42,0.6250,0.684211,false,0.623,0.855609,0.587500
Small,20,20,60422,400,102,0.255000,67,65.6863,27,26.4706,71,6.0345,40,0.6875,1.000000,false,0.488,0.966809,0.601931
Small,20,20,60423,400,104,0.260000,62,59.6154,35,33.6538,82,4.1143,30,0.6250,0.842105,false,0.782,0.922997,0.579429
Small,20,20,60424,400,143,0.357500,92,64.3357,24,16.7832,58,4.0800,23,0.7500,0.947368,false,0.287,1.188626,0.526082
Small,20,20,60425,400,99,0.247500,62,62.6263,20,20.2020,64,7.1304,46,0.6875,0.894737,false,0.259,0.919072,0.565401
Small,20,20,60426,400,92,0.230000,59,64.1304,24,26.0870,67,6.6250,38,0.5000,0.631579,false,0.317,0.806479,0.601812
Small,20,20,60427,400,110,0.275000,68,61.8182,23,20.9091,60,4.7391,55,0.5625,0.684211,false,1.540,0.935965,0.550830
Small,20,20,60428,400,91,0.227500,60,65.9341,26,28.5714,67,5.6000,36,0.6875,0.894737,false,0.877,0.881362,0.588250
Small,20,20,60429,400,91,0.227500,56,61.5385,24,26.3736,65,5.1304,44,0.5625,0.578947,false,0.314,0.794607,0.582380
Small,20,20,60430,400,95,0.237500,63,66.3158,27,28.4211,66,6.4828,29,0.6250,0.736842,false,0.261,0.875867,0.602284
Small,20,20,60431,400,89,0.222500,46,51.6854,25,28.0899,71,6.5185,41,0.7500,1.000000,false,1.321,0.843481,0.598231
Small,20,20,60432,400,96,0.240000,53,55.2083,24,25.0000,64,5.4800,30,0.5625,0.684211,false,0.494,0.817783,0.590500
Small,20,20,60433,400,121,0.302500,73,60.3306,29,23.9669,68,4.8214,29,0.8750,1.000000,false,0.641,1.108082,0.590687
Small,20,20,60434,400,98,0.245000,64,65.3061,21,21.4286,64,7.4762,27,0.6875,0.894737,false,0.533,0.926262,0.581238
Small,20,20,60435,400,107,0.267500,71,66.3551,32,29.9065,74,4.9355,31,0.8750,1.000000,false,0.265,1.044743,0.591944
Small,20,20,60436,400,102,0.255000,59,57.8431,30,29.4118,62,4.9091,41,0.7500,1.000000,false,0.567,0.949898,0.587864
Small,20,20,60437,400,90,0.225000,55,61.1111,18,20.0000,60,7.5263,35,0.6875,0.631579,false,0.277,0.812969,0.561579
Small,20,20,60438,400,94,0.235000,58,61.7021,22,23.4043,65,6.3750,23,0.6250,0.789474,false,0.308,0.849324,0.584230
Small,20,20,60439,400,103,0.257500,63,61.1650,22,21.3592,65,6.6667,33,0.6875,1.000000,false,0.492,0.959659,0.574176
Small,20,20,60440,400,104,0.260000,68,65.3846,22,21.1538,65,5.7083,25,0.6250,0.736842,false,0.504,0.932496,0.560893
Small,20,20,60441,400,122,0.305000,72,59.0164,27,22.1311,67,5.3448,25,0.7500,0.789474,false,0.321,1.052296,0.579622
Small,20,20,60442,400,115,0.287500,69,60.0000,32,27.8261,71,5.0588,37,0.7500,1.000000,false,0.271,1.043691,0.599485
Small,20,20,60443,400,93,0.232500,54,58.0645,19,20.4301,63,6.5789,36,0.5625,0.578947,false,1.573,0.794228,0.556288
Small,20,20,60444,400,92,0.230000,68,73.9130,28,30.4348,80,4.8750,46,0.6875,1.000000,false,1.069,0.922721,0.579937
Small,20,20,60445,400,114,0.285000,76,66.6667,31,27.1930,64,5.4000,32,0.6875,0.894737,false,0.576,1.041786,0.603000
Small,20,20,60446,400,116,0.290000,77,66.3793,31,26.7241,64,4.2581,37,0.8750,0.894737,false,0.820,1.091407,0.590226
Small,20,20,60447,400,145,0.362500,92,63.4483,29,20.0000,55,5.9000,21,1.0000,1.000000,false,0.266,1.246810,0.582500
Small,20,20,60448,400,137,0.342500,85,62.0438,28,20.4380,72,4.8966,37,0.8750,1.000000,false,1.428,1.204167,0.568336
Small,20,20,60449,400,107,0.267500,58,54.2056,19,17.7570,56,7.2727,39,0.7500,0.842105,false,0.769,0.943551,0.548729
Small,20,20,60450,400,92,0.230000,58,63.0435,21,22.8261,68,6.3810,34,0.6250,1.000000,false,0.640,0.882576,0.577023
Small,20,20,60451,400,89,0.222500,55,61.7978,29,32.5843,77,5.4375,39,0.6875,0.789474,false,0.976,0.832969,0.584719
Small,20,20,60452,400,105,0.262500,66,62.8571,30,28.5714,80,4.4242,29,0.7500,0.842105,false,0.790,0.968334,0.584053
Small,20,20,60453,400,103,0.257500,61,59.2233,33,32.0388,73,4.3529,29,0.7500,0.631579,false,0.285,0.907616,0.581662
Small,20,20,60454,400,97,0.242500,57,58.7629,28,28.8660,69,5.1786,40,0.6250,0.789474,false,0.266,0.865144,0.587482
Small,20,20,60455,400,96,0.240000,63,65.6250,32,33.3333,75,4.9063,26,0.7500,0.789474,false,0.564,0.912739,0.583328
Small,20,20,60456,400,115,0.287500,69,60.0000,27,23.4783,65,5.6429,40,0.6875,0.736842,false,0.267,0.992913,0.591568
Small,20,20,60457,400,109,0.272500,66,60.5505,28,25.6881,70,4.9333,34,0.7500,1.000000,false,0.537,1.001711,0.593417
Small,20,20,60458,400,112,0.280000,66,58.9286,24,21.4286,66,6.7692,37,0.8750,1.000000,false,0.897,1.039294,0.582901
Small,20,20,60459,400,90,0.225000,56,62.2222,24,26.6667,68,6.0400,40,0.6250,0.578947,false,0.260,0.802297,0.593000
Small,20,20,60460,400,109,0.272500,69,63.3028,28,25.6881,70,5.0690,74,0.6875,1.000000,false,1.004,0.998959,0.595112
Small,20,20,60461,400,96,0.240000,60,62.5000,23,23.9583,66,6.7692,43,0.6875,1.000000,false,0.272,0.913902,0.596199
Small,20,20,60462,400,111,0.277500,62,55.8559,19,17.1171,64,6.0909,39,0.6250,0.684211,false,0.533,0.925122,0.530558
Small,20,20,60463,400,92,0.230000,48,52.1739,23,25.0000,62,6.9565,35,0.8750,0.894737,false,0.270,0.870880,0.605957
Small,20,20,60464,400,86,0.215000,55,63.9535,28,32.5581,69,5.7586,34,0.5625,0.894737,false,1.803,0.815655,0.586483
Small,20,20,60465,400,117,0.292500,68,58.1197,24,20.5128,66,6.5417,52,0.6875,1.000000,false,0.315,1.032734,0.574649
Small,20,20,60466,400,99,0.247500,62,62.6263,19,19.1919,69,6.8000,30,0.7500,1.000000,false,1.248,0.943826,0.551169
Small,20,20,60467,400,96,0.240000,58,60.4167,24,25.0000,70,5.1200,26,0.5625,0.736842,false,1.313,0.846511,0.586000
Small,20,20,60468,400,103,0.257500,61,59.2233,24,23.3010,71,4.6667,34,0.7500,1.000000,false,0.283,0.958996,0.568593
Small,20,20,60469,400,98,0.245000,64,65.3061,21,21.4286,64,6.0909,62,0.6875,0.684211,false,0.310,0.893153,0.563922
Small,20,20,60470,400,89,0.222500,57,64.0449,24,26.9663,67,5.3750,46,0.6250,0.684211,false,0.485,0.815261,0.583937
Small,20,20,60471,400,103,0.257500,64,62.1359,23,22.3301,67,5.0000,39,0.6250,0.684211,false,0.622,0.897671,0.563051
Small,20,20,60472,400,91,0.227500,56,61.5385,22,24.1758,66,6.8333,35,0.6250,0.789474,false,0.324,0.838686,0.595425
Small,20,20,60473,400,99,0.247500,66,66.6667,30,30.3030,80,4.7879,28,0.6875,1.000000,false,0.273,0.956073,0.584098
Small,20,20,60474,400,88,0.220000,57,64.7727,21,23.8636,65,6.5000,40,0.6250,0.631579,false,1.110,0.802578,0.585886
Small,20,20,60475,400,109,0.272500,67,61.4679,26,23.8532,56,6.0714,36,0.7500,0.894737,false,0.316,0.996900,0.596175
Small,20,20,60476,400,97,0.242500,53,54.6392,19,19.5876,60,5.4211,40,0.6875,0.631579,false,0.261,0.828531,0.536389
Small,20,20,60477,400,103,0.257500,61,59.2233,22,21.3592,65,5.3636,34,0.5625,0.947368,false,0.590,0.916999,0.557888
Small,20,20,60478,400,130,0.325000,78,60.0000,27,20.7692,69,4.6563,37,0.6875,1.000000,false,0.278,1.123199,0.563395
Small,20,20,60479,400,89,0.222500,50,56.1798,26,29.2135,68,6.4286,25,0.7500,0.894737,false,0.644,0.846521,0.597107
Small,20,20,60480,400,90,0.225000,61,67.7778,26,28.8889,72,5.7586,29,0.6875,0.842105,false,0.839,0.875937,0.589483
Small,20,20,60481,400,95,0.237500,56,58.9474,32,33.6842,80,4.5000,33,0.8750,0.789474,false,0.264,0.901043,0.577500
Small,20,20,60482,400,124,0.310000,79,63.7097,29,23.3871,67,4.7742,35,0.8125,1.000000,false,0.503,1.132187,0.586548
Small,20,20,60483,400,99,0.247500,64,64.6465,20,20.2020,69,5.6087,35,0.6250,1.000000,false,0.509,0.931705,0.546379
Small,20,20,60484,400,111,0.277500,71,63.9640,31,27.9279,69,4.8788,28,0.6875,0.947368,false,0.267,1.016916,0.594235
Small,20,20,60485,400,126,0.315000,82,65.0794,25,19.8413,68,5.0435,31,0.7500,1.000000,false,0.307,1.141652,0.555956
Small,20,20,60486,400,110,0.275000,63,57.2727,24,21.8182,67,5.8000,50,0.8125,0.842105,false,0.891,0.986316,0.573182
Small,20,20,60487,400,94,0.235000,60,63.8298,27,28.7234,70,5.5926,55,0.5625,0.578947,false,0.270,0.823206,0.590407
Small,20,20,60488,400,94,0.235000,58,61.7021,25,26.5957,68,4.7692,27,0.6250,1.000000,false,1.247,0.877179,0.580115
Small,20,20,60489,400,121,0.302500,79,65.2893,29,23.9669,59,5.3871,28,0.6875,0.631579,false,0.717,1.042654,0.597758
Small,20,20,60490,400,114,0.285000,73,64.0351,30,26.3158,66,4.3667,31,0.8125,1.000000,false,1.213,1.070076,0.590083
Small,20,20,60491,400,99,0.247500,67,67.6768,24,24.2424,64,5.1364,53,0.5625,0.736842,false,0.488,0.895766,0.580879
Small,20,20,60492,400,98,0.245000,63,64.2857,24,24.4898,71,5.7407,30,0.6250,0.736842,false,0.328,0.885911,0.590157
Small,20,20,60493,400,121,0.302500,74,61.1570,24,19.8347,63,6.3913,23,0.7500,1.000000,false,1.044,1.086422,0.568988
Small,20,20,60494,400,101,0.252500,59,58.4158,26,25.7426,66,4.0370,35,0.5625,1.000000,false,0.535,0.903776,0.576213
Small,20,20,60495,400,118,0.295000,71,60.1695,25,21.1864,68,5.4231,56,0.8750,0.947368,false,0.603,1.073062,0.568153
Small,20,20,60496,400,111,0.277500,64,57.6577,28,25.2252,68,5.4242,40,0.7500,1.000000,false,0.318,1.001770,0.601053
Small,20,20,60497,400,108,0.270000,76,70.3704,14,12.9630,63,7.7333,46,0.6250,1.000000,false,1.450,1.021120,0.507296
Small,20,20,60498,400,107,0.267500,65,60.7477,18,16.8224,68,8.2353,37,0.7500,1.000000,false,0.316,0.986331,0.551415
Small,20,20,60499,400,126,0.315000,80,63.4921,22,17.4603,59,6.8696,30,0.8125,1.000000,false,0.786,1.136692,0.554973
Medium,40,40,60000,1600,538,0.336250,363,67.4721,45,8.3643,153,11.2222,212,0.7500,1.000000,false,1.002,0.861153,0.454657
Medium,40,40,60001,1600,685,0.428125,446,65.1095,53,7.7372,144,11.5849,204,0.9375,1.000000,false,0.970,1.041189,0.478215
Medium,40,40,60002,1600,713,0.445625,457,64.0954,57,7.9944,151,7.9825,126,0.9375,1.000000,false,0.995,1.065133,0.463522
Medium,40,40,60003,1600,904,0.565000,589,65.1549,80,8.8496,167,5.4125,50,1.0000,1.000000,false,1.031,1.250000,0.491824
Medium,40,40,60004,1600,788,0.492500,511,64.8477,68,8.6294,156,6.7101,147,0.9375,1.000000,false,2.128,1.145624,0.475983
Medium,40,40,60005,1600,711,0.444375,448,63.0098,61,8.5795,157,7.3065,129,0.8750,1.000000,false,1.321,1.045446,0.464772
Medium,40,40,60006,1600,671,0.419375,419,62.4441,58,8.6438,162,8.6379,176,0.9375,1.000000,false,1.304,1.014884,0.466238
Medium,40,40,60007,1600,527,0.329375,357,67.7419,43,8.1594,173,14.6136,312,0.9375,1.000000,false,1.251,0.888127,0.471742
Medium,40,40,60008,1600,566,0.353750,371,65.5477,48,8.4806,155,11.2500,322,0.8125,1.000000,false,1.258,0.895596,0.461243
Medium,40,40,60009,1600,692,0.432500,441,63.7283,47,6.7919,151,10.0000,169,1.0000,1.000000,false,1.227,1.054508,0.460169
Medium,40,40,60010,1600,627,0.391875,393,62.6794,49,7.8150,155,11.7755,143,0.9375,1.000000,false,1.482,0.971449,0.469309
Medium,40,40,60011,1600,541,0.338125,343,63.4011,41,7.5786,157,12.4762,262,0.8750,0.871795,false,1.282,0.855368,0.455199
Medium,40,40,60012,1600,585,0.365625,393,67.1795,50,8.5470,164,12.4528,161,0.8750,1.000000,false,1.133,0.934034,0.472988
Medium,40,40,60013,1600,798,0.498750,538,67.4185,63,7.8947,156,8.3281,117,1.0000,1.000000,false,1.388,1.182056,0.480623
Medium,40,40,60014,1600,614,0.383750,386,62.8664,49,7.9805,160,10.5102,258,0.8750,1.000000,false,1.284,0.946571,0.460618
Medium,40,40,60015,1600,794,0.496250,486,61.2091,64,8.0605,153,7.4219,69,1.0000,1.000000,false,1.366,1.145017,0.475866
Medium,40,40,60016,1600,500,0.312500,311,62.2000,51,10.2000,161,14.3462,395,1.0000,1.000000,false,1.216,0.853944,0.485413
Medium,40,40,60017,1600,646,0.403750,417,64.5511,50,7.7399,164,10.2549,176,1.0000,1.000000,false,1.321,1.011220,0.462618
Medium,40,40,60018,1600,718,0.448750,449,62.5348,52,7.2423,158,9.4717,146,1.0000,1.000000,false,1.278,1.075266,0.466247
Medium,40,40,60019,1600,583,0.364375,385,66.0377,45,7.7187,138,13.9556,122,1.0000,1.000000,false,1.258,0.952514,0.473722
Medium,40,40,60020,1600,562,0.351250,340,60.4982,51,9.0747,158,9.7059,239,0.8125,0.820513,false,1.293,0.845633,0.456784
Medium,40,40,60021,1600,569,0.355625,367,64.4991,54,9.4903,168,10.7091,210,0.8750,1.000000,false,1.265,0.907209,0.468523
Medium,40,40,60022,1600,523,0.326875,325,62.1415,40,7.6482,141,17.3000,284,0.9375,1.000000,false,1.235,0.864421,0.482669
Medium,40,40,60023,1600,860,0.537500,547,63.6047,81,9.4186,176,5.1481,75,0.9375,1.000000,false,1.658,1.212336,0.487612
Medium,40,40,60024,1600,876,0.547500,557,63.5845,75,8.5616,158,5.0132,56,1.0000,1.000000,false,2.024,1.240994,0.481199
Medium,40,40,60025,1600,606,0.378750,374,61.7162,50,8.2508,152,9.0392,202,1.0000,1.000000,false,1.339,0.958825,0.452628
Medium,40,40,60026,1600,608,0.380000,384,63.1579,52,8.5526,163,8.9074,143,1.0000,1.000000,false,1.954,0.966678,0.455198
Medium,40,40,60027,1600,689,0.430625,443,64.2961,57,8.2729,175,10.1053,107,1.0000,1.000000,false,2.228,1.054062,0.475074
Medium,40,40,60028,1600,702,0.438750,456,64.9573,58,8.2621,162,7.4576,161,1.0000,1.000000,false,1.277,1.070441,0.460856
Medium,40,40,60029,1600,639,0.399375,424,66.3537,61,9.5462,162,10.3065,241,0.9375,1.000000,false,2.031,0.999234,0.479689
Medium,40,40,60030,1600,777,0.485625,507,65.2510,69,8.8803,155,7.4429,98,1.0000,1.000000,false,1.005,1.148932,0.481008
Medium,40,40,60031,1600,470,0.293750,300,63.8298,45,9.5745,147,14.3696,242,0.8125,1.000000,false,0.994,0.791314,0.473679
Medium,40,40,60032,1600,491,0.306875,310,63.1365,39,7.9430,162,14.9487,287,0.6875,1.000000,false,1.050,0.785438,0.464922
Medium,40,40,60033,1600,583,0.364375,392,67.2384,45,7.7187,163,11.7333,174,0.8750,1.000000,false,1.040,0.932181,0.459833
Medium,40,40,60034,1600,483,0.301875,294,60.8696,37,7.6605,163,16.4865,292,0.8750,1.000000,false,0.891,0.807525,0.470208
Medium,40,40,60035,1600,708,0.442500,456,64.4068,59,8.3333,155,10.2542,116,1.0000,1.000000,false,1.068,1.074000,0.480172
Medium,40,40,60036,1600,717,0.448125,462,64.4351,44,6.1367,161,11.7273,110,1.0000,1.000000,false,1.072,1.083339,0.469100
Medium,40,40,60037,1600,817,0.510625,500,61.1995,70,8.5679,166,6.4225,72,1.0000,1.000000,false,1.056,1.167994,0.479008
Medium,40,40,60038,1600,698,0.436250,443,63.4670,57,8.1662,160,9.7719,78,1.0000,1.000000,false,0.985,1.059401,0.473611
Medium,40,40,60039,1600,549,0.343125,353,64.2987,52,9.4718,163,9.7170,135,0.9375,1.000000,false,0.997,0.898511,0.458386
Medium,40,40,60040,1600,544,0.340000,343,63.0515,44,8.0882,156,15.5682,241,0.9375,1.000000,false,0.967,0.888879,0.480183
Medium,40,40,60041,1600,595,0.371875,390,65.5462,41,6.8908,155,14.3810,359,0.8750,1.000000,false,0.963,0.937966,0.470351
Medium,40,40,60042,1600,863,0.539375,558,64.6582,72,8.3430,154,5.8082,48,1.0000,1.000000,false,1.033,1.233949,0.481544
Medium,40,40,60043,1600,635,0.396875,413,65.0394,52,8.1890,149,9.7885,123,0.9375,1.000000,false,0.982,0.989528,0.462130
Medium,40,40,60044,1600,516,0.322500,331,64.1473,42,8.1395,159,12.6047,187,0.9375,1.000000,false,1.745,0.864268,0.456924
Medium,40,40,60045,1600,677,0.423125,427,63.0724,45,6.6470,164,10.6000,157,1.0000,1.000000,false,1.279,1.036277,0.459657
Medium,40,40,60046,1600,643,0.401875,428,66.5630,55,8.5537,169,9.5091,112,1.0000,1.000000,false,1.235,1.016774,0.465531
Medium,40,40,60047,1600,696,0.435000,452,64.9425,62,8.9080,161,9.0000,98,1.0000,1.000000,false,1.232,1.064215,0.475830
Medium,40,40,60048,1600,800,0.500000,511,63.8750,62,7.7500,155,7.2540,87,1.0000,1.000000,false,1.060,1.165243,0.472837
Medium,40,40,60049,1600,715,0.446875,463,64.7552,59,8.2517,183,8.2373,102,1.0000,1.000000,false,1.322,1.082819,0.468063
Medium,40,40,60050,1600,491,0.306875,295,60.0815,35,7.1283,151,17.8571,228,0.9375,1.000000,false,0.916,0.825438,0.474953
Medium,40,40,60051,1600,506,0.316250,313,61.8577,40,7.9051,156,15.4500,169,0.9375,1.000000,false,1.358,0.846336,0.470489
Medium,40,40,60052,1600,598,0.373750,377,63.0435,54,9.0301,151,10.4630,141,0.9375,1.000000,false,0.969,0.943579,0.467820
Medium,40,40,60053,1600,677,0.423125,433,63.9586,51,7.5332,163,10.0392,78,1.0000,1.000000,false,2.128,1.040277,0.465015
Medium,40,40,60054,1600,752,0.470000,478,63.5638,74,9.8404,162,7.3067,116,1.0000,1.000000,false,1.313,1.114768,0.485071
Medium,40,40,60055,1600,799,0.499375,515,64.4556,71,8.8861,162,6.6892,136,1.0000,1.000000,false,1.080,1.167316,0.480481
Medium,40,40,60056,1600,536,0.335000,356,66.4179,52,9.7015,163,12.3208,266,0.9375,1.000000,false,1.316,0.892799,0.474520
Medium,40,40,60057,1600,434,0.271250,287,66.1290,27,6.2212,131,19.4074,291,0.9375,1.000000,false,0.929,0.786291,0.464883
Medium,40,40,60058,1600,652,0.407500,411,63.0368,59,9.0491,164,9.3279,147,0.8750,1.000000,false,1.413,0.985780,0.471040
Medium,40,40,60059,1600,714,0.446250,432,60.5042,65,9.1036,157,6.7424,203,0.8750,1.000000,false,1.074,1.036559,0.467052
Medium,40,40,60060,1600,513,0.320625,337,65.6920,38,7.4074,157,12.6053,130,0.8750,1.000000,false,1.275,0.853989,0.449044
Medium,40,40,60061,1600,487,0.304375,279,57.2895,38,7.8029,157,17.1795,227,1.0000,1.000000,false,0.930,0.824898,0.476713
Medium,40,40,60062,1600,559,0.349375,362,64.7585,54,9.6601,168,11.6727,262,0.8750,1.000000,false,1.369,0.897944,0.474368
Medium,40,40,60063,1600,613,0.383125,384,62.6427,62,10.1142,171,10.0000,219,0.9375,1.000000,false,1.045,0.957144,0.478579
Medium,40,40,60064,1600,478,0.298750,303,63.3891,38,7.9498,160,14.7368,331,0.9375,1.000000,false,1.250,0.823059,0.461228
Medium,40,40,60065,1600,721,0.450625,460,63.8003,59,8.1831,158,9.1525,183,0.9375,1.000000,false,1.071,1.071879,0.474222
Medium,40,40,60066,1600,679,0.424375,446,65.6848,61,8.9838,163,8.8548,124,0.9375,1.000000,false,1.311,1.037630,0.472493
Medium,40,40,60067,1600,698,0.436250,436,62.4642,66,9.4556,160,9.2537,146,1.0000,1.000000,false,0.984,1.054734,0.483267
Medium,40,40,60068,1600,592,0.370000,377,63.6824,38,6.4189,155,11.6579,223,0.8125,0.974359,false,1.369,0.911174,0.448051
Medium,40,40,60069,1600,529,0.330625,333,62.9490,41,7.7505,154,13.3902,268,0.9375,1.000000,false,0.869,0.873314,0.460381
Medium,40,40,60070,1600,670,0.418750,436,65.0746,53,7.9104,147,7.0189,106,1.0000,1.000000,false,1.187,1.038124,0.448597
Medium,40,40,60071,1600,602,0.376250,365,60.6312,38,6.3123,149,13.9474,208,1.0000,1.000000,false,0.975,0.950452,0.463169
Medium,40,40,60072,1600,651,0.406875,411,63.1336,57,8.7558,165,7.4483,132,1.0000,0.948718,false,1.279,1.002494,0.456172
Medium,40,40,60073,1600,874,0.546250,560,64.0732,77,8.8101,162,5.1282,98,1.0000,1.000000,false,1.076,1.241808,0.484027
Medium,40,40,60074,1600,579,0.361875,360,62.1762,38,6.5630,147,13.0526,294,0.9375,1.000000,false,1.188,0.920975,0.455772
Medium,40,40,60075,1600,711,0.444375,453,63.7131,66,9.2827,168,8.4030,101,1.0000,1.000000,false,0.994,1.073780,0.478658
Medium,40,40,60076,1600,521,0.325625,331,63.5317,51,9.7889,164,12.9434,286,0.8125,1.000000,false,2.282,0.842234,0.476472
Medium,40,40,60077,1600,489,0.305625,331,67.6892,46,9.4070,171,14.9574,223,0.9375,1.000000,false,0.897,0.848251,0.479241
Medium,40,40,60078,1600,733,0.458125,461,62.8922,61,8.3220,163,7.7541,79,1.0000,1.000000,false,1.008,1.092164,0.469120
Medium,40,40,60079,1600,627,0.391875,399,63.6364,53,8.4530,161,11.8148,179,0.9375,1.000000,false,0.950,0.975449,0.475935
Medium,40,40,60080,1600,527,0.329375,320,60.7211,41,7.7799,166,13.7561,215,0.8125,1.000000,false,1.056,0.838460,0.462587
Medium,40,40,60081,1600,553,0.345625,366,66.1844,53,9.5841,141,10.4528,167,0.8750,0.974359,false,1.027,0.893205,0.464859
Medium,40,40,60082,1600,742,0.463750,490,66.0377,68,9.1644,163,7.5797,160,0.9375,1.000000,false,1.871,1.104336,0.478142
Medium,40,40,60083,1600,557,0.348125,348,62.4776,53,9.5153,166,12.6481,192,0.8750,1.000000,false,1.571,0.887424,0.478641
Medium,40,40,60084,1600,784,0.490000,517,65.9439,76,9.6939,158,6.8182,115,0.9375,1.000000,false,1.067,1.147251,0.486552
Medium,40,40,60085,1600,775,0.484375,496,64.0000,70,9.0323,147,5.7000,58,1.0000,1.000000,false,1.398,1.140412,0.471260
Medium,40,40,60086,1600,547,0.341875,338,61.7916,50,9.1408,157,13.5098,257,0.8750,0.974359,false,0.940,0.870979,0.478406
Medium,40,40,60087,1600,475,0.296875,289,60.8421,41,8.6316,170,18.3902,325,0.8125,1.000000,false,1.213,0.786946,0.490317
Medium,40,40,60088,1600,695,0.434375,443,63.7410,54,7.7698,147,8.6727,97,1.0000,1.000000,false,0.996,1.057621,0.462215
Medium,40,40,60089,1600,703,0.439375,448,63.7269,53,7.5391,153,9.3091,141,1.0000,1.000000,false,1.339,1.065701,0.465385
Medium,40,40,60090,1600,494,0.308750,327,66.1943,35,7.0850,153,15.8286,300,0.8750,1.000000,false,1.284,0.836051,0.462404
Medium,40,40,60091,1600,694,0.433750,457,65.8501,47,6.7723,144,10.4043,136,1.0000,0.923077,false,1.462,1.054823,0.462875
Medium,40,40,60092,1600,747,0.466875,479,64.1232,53,7.0950,150,9.8491,107,1.0000,1.000000,false,1.040,1.112469,0.472570
Medium,40,40,60093,1600,520,0.325000,354,68.0769,51,9.8077,169,13.2157,236,0.9375,1.000000,false,1.261,0.881975,0.478175
Medium,40,40,60094,1600,731,0.456875,475,64.9795,67,9.1655,148,8.6618,161,1.0000,1.000000,false,1.038,1.100311,0.482854
Medium,40,40,60095,1600,727,0.454375,469,64.5117,57,7.8404,155,8.7759,93,1.0000,1.000000,false,1.300,1.093938,0.469566
Medium,40,40,60096,1600,525,0.328125,313,59.6190,46,8.7619,150,13.5833,242,0.9375,1.000000,false,0.947,0.857607,0.470952
Medium,40,40,60097,1600,743,0.464375,462,62.1803,53,7.1332,153,8.0556,157,1.0000,1.000000,false,1.271,1.098763,0.460992
Medium,40,40,60098,1600,612,0.382500,389,63.5621,61,9.9673,164,10.1967,165,0.9375,0.948718,false,0.942,0.952192,0.478153
Medium,40,40,60099,1600,527,0.329375,326,61.8596,41,7.7799,151,13.3333,181,0.9375,1.000000,false,1.353,0.867460,0.459945
Medium,40,40,60100,1600,599,0.374375,408,68.1135,47,7.8464,147,11.4468,118,1.0000,1.000000,false,0.974,0.977339,0.462319
Medium,40,40,60101,1600,602,0.376250,385,63.9535,53,8.8040,159,11.8113,200,0.9375,1.000000,false,1.277,0.951285,0.474736
Medium,40,40,60102,1600,530,0.331250,336,63.3962,50,9.4340,141,9.8400,179,0.8125,1.000000,false,0.962,0.850907,0.455215
Medium,40,40,60103,1600,519,0.324375,326,62.8131,51,9.8266,166,14.1176,248,0.8125,1.000000,false,1.319,0.837715,0.483814
Medium,40,40,60104,1600,815,0.509375,541,66.3804,75,9.2025,170,5.5844,99,1.0000,1.000000,false,1.095,1.194141,0.479740
Medium,40,40,60105,1600,634,0.396250,385,60.7256,71,11.1987,171,7.8378,160,0.8750,1.000000,false,1.261,0.957768,0.479849
Medium,40,40,60106,1600,900,0.562500,570,63.3333,95,10.5556,158,4.2396,93,1.0000,1.000000,false,1.010,1.250000,0.500803
Medium,40,40,60107,1600,678,0.423750,410,60.4720,54,7.9646,165,9.7963,102,1.0000,1.000000,false,1.269,1.025537,0.467998
Medium,40,40,60108,1600,589,0.368125,396,67.2326,40,6.7912,159,12.0244,183,0.8750,1.000000,false,2.110,0.938407,0.453502
Medium,40,40,60109,1600,713,0.445625,421,59.0463,59,8.2749,158,8.4915,122,0.9375,1.000000,false,0.985,1.041133,0.469508
Medium,40,40,60110,1600,520,0.325000,339,65.1923,39,7.5000,156,15.2564,135,1.0000,1.000000,false,1.292,0.884475,0.467853
Medium,40,40,60111,1600,563,0.351875,358,63.5879,61,10.8348,140,6.4032,62,0.9375,1.000000,false,0.975,0.910150,0.453931
Medium,40,40,60112,1600,500,0.312500,327,65.4000,43,8.6000,158,11.2955,152,0.8125,1.000000,false,1.233,0.827110,0.450347
Medium,40,40,60113,1600,612,0.382500,395,64.5425,47,7.6797,140,8.9149,105,1.0000,1.000000,false,0.954,0.976384,0.447265
Medium,40,40,60114,1600,512,0.320000,331,64.6484,36,7.0313,142,12.8649,95,0.8750,1.000000,false,1.000,0.849395,0.446718
Medium,40,40,60115,1600,748,0.467500,476,63.6364,74,9.8930,165,7.4400,180,1.0000,1.000000,false,1.010,1.111062,0.485680
Medium,40,40,60116,1600,748,0.467500,489,65.3743,62,8.2888,166,7.8387,66,1.0000,1.000000,false,1.071,1.119729,0.472130
Medium,40,40,60117,1600,741,0.463125,458,61.8084,73,9.8516,167,7.5205,134,1.0000,1.000000,false,0.997,1.094910,0.484456
Medium,40,40,60118,1600,725,0.453125,471,64.9655,60,8.2759,165,8.7667,238,0.9375,1.000000,false,1.006,1.081585,0.473488
Medium,40,40,60119,1600,850,0.531250,545,64.1176,81,9.5294,171,5.1852,54,1.0000,1.000000,false,1.012,1.217571,0.487077
Medium,40,40,60120,1600,562,0.351250,351,62.4555,44,7.8292,146,10.7045,113,1.0000,1.000000,false,0.953,0.917390,0.450570
Medium,40,40,60121,1600,647,0.404375,425,65.6878,56,8.6553,168,10.1250,249,1.0000,1.000000,false,1.016,1.017147,0.471147
Medium,40,40,60122,1600,534,0.333750,326,61.0487,42,7.8652,156,13.0476,265,0.8750,1.000000,false,2.055,0.859113,0.460324
Medium,40,40,60123,1600,592,0.370000,378,63.8514,49,8.2770,162,11.7755,248,0.9375,0.974359,false,1.006,0.936840,0.467367
Medium,40,40,60124,1600,605,0.378125,401,66.2810,59,9.7521,168,8.5667,214,0.9375,0.948718,false,1.289,0.956039,0.464500
Medium,40,40,60125,1600,575,0.359375,373,64.8696,42,7.3043,166,14.2857,138,1.0000,1.000000,false,0.945,0.939768,0.470142
Medium,40,40,60126,1600,674,0.421250,410,60.8309,63,9.3472,154,9.0781,171,1.0000,1.000000,false,1.328,1.023164,0.476585
Medium,40,40,60127,1600,636,0.397500,416,65.4088,55,8.6478,162,9.6545,188,0.9375,1.000000,false,0.976,0.992121,0.466069
Medium,40,40,60128,1600,627,0.391875,406,64.7528,53,8.4530,165,9.0909,185,1.0000,1.000000,false,1.378,0.992616,0.458910
Medium,40,40,60129,1600,727,0.454375,485,66.7125,53,7.2902,148,10.6852,160,1.0000,1.000000,false,1.022,1.104605,0.475997
Medium,40,40,60130,1600,474,0.296250,296,62.4473,41,8.6498,165,16.1951,319,0.8750,1.000000,false,1.912,0.803520,0.476592
Medium,40,40,60131,1600,701,0.438125,442,63.0528,62,8.8445,147,8.8065,129,1.0000,1.000000,false,1.260,1.060514,0.474923
Medium,40,40,60132,1600,856,0.535000,575,67.1729,70,8.1776,158,5.8286,58,1.0000,1.000000,false,1.018,1.232797,0.478704
Medium,40,40,60133,1600,803,0.501875,476,59.2777,77,9.5890,151,6.0519,113,0.9375,1.000000,false,1.405,1.131189,0.484278
Medium,40,40,60134,1600,734,0.458750,487,66.3488,51,6.9482,161,10.7255,142,1.0000,0.974359,false,1.083,1.106244,0.474142
Medium,40,40,60135,1600,717,0.448125,460,64.1562,60,8.3682,163,8.8167,101,0.9375,1.000000,false,1.517,1.069506,0.473224
Medium,40,40,60136,1600,553,0.345625,346,62.5678,44,7.9566,163,10.4348,169,0.9375,1.000000,false,1.019,0.896218,0.448471
Medium,40,40,60137,1600,588,0.367500,389,66.1565,46,7.8231,158,10.7292,289,0.8125,0.923077,false,1.474,0.909108,0.455539
Medium,40,40,60138,1600,519,0.324375,315,60.6936,36,6.9364,158,14.2222,256,1.0000,1.000000,false,0.979,0.867881,0.455566
Medium,40,40,60139,1600,716,0.447500,477,66.6201,66,9.2179,173,7.5522,125,1.0000,1.000000,false,1.364,1.092746,0.473630
Medium,40,40,60140,1600,764,0.477500,481,62.9581,61,7.9843,168,7.7742,131,1.0000,1.000000,false,1.116,1.123887,0.471682
Medium,40,40,60141,1600,587,0.366875,365,62.1806,54,9.1993,168,12.1111,202,1.0000,1.000000,false,1.330,0.941554,0.477750
Medium,40,40,60142,1600,718,0.448750,453,63.0919,49,6.8245,154,9.4200,104,1.0000,1.000000,false,1.035,1.077932,0.461745
Medium,40,40,60143,1600,914,0.571250,611,66.8490,98,10.7221,177,3.7245,38,1.0000,1.000000,false,1.358,1.250000,0.501874
Medium,40,40,60144,1600,733,0.458125,466,63.5744,66,9.0041,159,8.5373,190,1.0000,1.000000,false,1.005,1.095497,0.480837
Medium,40,40,60145,1600,616,0.385000,383,62.1753,42,6.8182,165,12.5238,306,1.0000,1.000000,false,1.390,0.970757,0.461956
Medium,40,40,60146,1600,776,0.485000,509,65.5928,63,8.1186,161,6.9844,122,1.0000,1.000000,false,1.011,1.149672,0.470338
Medium,40,40,60147,1600,683,0.426875,434,63.5432,60,8.7848,170,8.9839,150,1.0000,1.000000,false,1.357,1.044503,0.472059
Medium,40,40,60148,1600,601,0.375625,397,66.0566,36,5.9900,155,13.2162,176,0.8750,1.000000,false,1.000,0.946192,0.455189
Medium,40,40,60149,1600,545,0.340625,357,65.5046,42,7.7064,161,11.3488,201,0.8750,1.000000,false,1.324,0.886305,0.450182
Medium,40,40,60150,1600,717,0.448125,439,61.2273,55,7.6709,157,9.8036,243,1.0000,1.000000,false,1.019,1.068006,0.472418
Medium,40,40,60151,1600,820,0.512500,523,63.7805,77,9.3902,164,5.8333,92,1.0000,1.000000,false,1.344,1.185107,0.484111
Medium,40,40,60152,1600,788,0.492500,507,64.3401,66,8.3756,162,6.4925,123,1.0000,1.000000,false,1.068,1.155458,0.472085
Medium,40,40,60153,1600,530,0.331250,326,61.5094,45,8.4906,163,15.0000,227,0.9375,1.000000,false,1.267,0.869240,0.478031
Medium,40,40,60154,1600,651,0.406875,416,63.9017,57,8.7558,161,8.5263,217,0.8750,1.000000,false,0.985,0.988520,0.462910
Medium,40,40,60155,1600,642,0.401250,411,64.0187,52,8.0997,165,9.0577,188,0.8750,1.000000,false,1.378,0.979847,0.457982
Medium,40,40,60156,1600,640,0.400000,402,62.8125,57,8.9063,159,8.2414,191,0.9375,1.000000,false,0.954,0.985161,0.460571
Medium,40,40,60157,1600,685,0.428125,451,65.8394,52,7.5912,168,9.3818,152,1.0000,1.000000,false,1.289,1.057023,0.462986
Medium,40,40,60158,1600,566,0.353750,377,66.6078,45,7.9505,153,11.2889,195,1.0000,1.000000,false,0.978,0.937096,0.456186
Medium,40,40,60159,1600,742,0.463750,465,62.6685,66,8.8949,168,6.7164,145,0.9375,1.000000,false,1.326,1.087669,0.470051
Medium,40,40,60160,1600,529,0.330625,337,63.7051,37,6.9943,161,13.2308,226,0.7500,0.974359,false,1.032,0.834634,0.451823
Medium,40,40,60161,1600,626,0.391250,426,68.0511,50,7.9872,164,10.4400,232,1.0000,1.000000,false,1.300,1.005356,0.462497
Medium,40,40,60162,1600,852,0.532500,546,64.0845,63,7.3944,162,7.1231,97,1.0000,1.000000,false,1.035,1.219424,0.478213
Medium,40,40,60163,1600,448,0.280000,276,61.6071,44,9.8214,168,15.5000,220,0.9375,1.000000,false,1.236,0.787263,0.479089
Medium,40,40,60164,1600,495,0.309375,315,63.6364,34,6.8687,156,15.5882,241,0.8125,1.000000,false,0.954,0.816144,0.458926
Medium,40,40,60165,1600,590,0.368750,374,63.3898,53,8.9831,166,12.1698,224,0.9375,1.000000,false,2.186,0.936833,0.476517
Medium,40,40,60166,1600,455,0.284375,291,63.9560,33,7.2527,159,19.9706,312,0.9375,1.000000,false,1.258,0.801415,0.482656
Medium,40,40,60167,1600,800,0.500000,517,64.6250,62,7.7500,157,7.8871,80,1.0000,1.000000,false,1.072,1.169243,0.476794
Medium,40,40,60168,1600,612,0.382500,382,62.4183,63,10.2941,154,10.5469,220,1.0000,1.000000,false,1.236,0.967718,0.483609
Medium,40,40,60169,1600,641,0.400625,416,64.8986,63,9.8284,164,9.8000,277,1.0000,1.000000,false,1.058,1.007588,0.479721
Medium,40,40,60170,1600,613,0.383125,404,65.9054,44,7.1778,178,12.1818,125,0.9375,1.000000,false,1.300,0.970477,0.462852
Medium,40,40,60171,1600,645,0.403125,403,62.4806,45,6.9767,147,12.1087,235,0.8125,1.000000,false,0.988,0.963794,0.466384
Medium,40,40,60172,1600,694,0.433750,433,62.3919,51,7.3487,153,10.1765,142,0.9375,1.000000,false,1.319,1.037862,0.467215
Medium,40,40,60173,1600,718,0.448750,452,62.9526,61,8.4958,156,5.7969,119,0.8750,1.000000,false,0.994,1.052266,0.455814
Medium,40,40,60174,1600,646,0.403750,414,64.0867,48,7.4303,125,7.1633,83,1.0000,1.000000,false,1.250,1.009220,0.440199
Medium,40,40,60175,1600,603,0.376875,384,63.6816,57,9.4527,168,11.0345,172,1.0000,1.000000,false,1.825,0.963712,0.476555
Medium,40,40,60176,1600,575,0.359375,354,61.5652,53,9.2174,151,13.2453,347,0.9375,1.000000,false,1.356,0.914602,0.482769
Medium,40,40,60177,1600,605,0.378125,394,65.1240,54,8.9256,160,9.7963,190,0.9375,1.000000,false,1.017,0.959065,0.463921
Medium,40,40,60178,1600,594,0.371250,374,62.9630,47,7.9125,153,13.2766,161,0.9375,1.000000,false,1.314,0.939206,0.473478
Medium,40,40,60179,1600,756,0.472500,491,64.9471,61,8.0688,157,8.0000,70,1.0000,1.000000,false,1.075,1.125808,0.472438
Medium,40,40,60180,1600,664,0.415000,416,62.6506,56,8.4337,157,7.8246,116,1.0000,1.000000,false,1.287,1.021232,0.457741
Medium,40,40,60181,1600,706,0.441250,446,63.1728,58,8.2153,159,8.3793,107,1.0000,1.000000,false,1.063,1.066147,0.466899
Medium,40,40,60182,1600,498,0.311250,326,65.4618,43,8.6345,166,14.0465,353,0.8125,0.871795,false,1.314,0.806026,0.467511
Medium,40,40,60183,1600,708,0.442500,461,65.1130,62,8.7571,153,6.2742,133,1.0000,1.000000,false,1.046,1.077333,0.459534
Medium,40,40,60184,1600,713,0.445625,450,63.1136,64,8.9762,152,8.4923,115,1.0000,1.000000,false,1.298,1.072966,0.476526
Medium,40,40,60185,1600,633,0.395625,414,65.4028,47,7.4250,154,11.2128,188,1.0000,1.000000,false,0.997,1.001508,0.463017
Medium,40,40,60186,1600,538,0.336250,333,61.8959,42,7.8067,139,12.6429,159,0.9375,1.000000,false,2.958,0.878653,0.457960
Medium,40,40,60187,1600,708,0.442500,447,63.1356,54,7.6271,155,10.0893,127,1.0000,1.000000,false,1.007,1.068000,0.472079
Medium,40,40,60188,1600,685,0.428125,457,66.7153,66,9.6350,163,7.7612,198,0.9375,1.000000,false,1.306,1.048523,0.473295
Medium,40,40,60189,1600,510,0.318750,343,67.2549,55,10.7843,176,12.8545,218,0.8750,1.000000,false,0.989,0.856209,0.483809
Medium,40,40,60190,1600,561,0.350625,370,65.9537,40,7.1301,158,15.1000,192,0.8750,1.000000,false,1.005,0.904463,0.470864
Medium,40,40,60191,1600,603,0.376875,377,62.5207,51,8.4577,162,10.3529,133,1.0000,1.000000,false,1.001,0.959045,0.462345
Medium,40,40,60192,1600,664,0.415000,424,63.8554,49,7.3795,145,10.3265,189,0.9375,1.000000,false,1.078,1.014065,0.462836
Medium,40,40,60193,1600,812,0.507500,531,65.3941,62,7.6355,154,6.9677,130,0.9375,1.000000,false,1.018,1.173195,0.472153
Medium,40,40,60194,1600,600,0.375000,376,62.6667,53,8.8333,152,9.0370,159,0.8750,1.000000,false,1.008,0.931599,0.457315
Medium,40,40,60195,1600,525,0.328125,332,63.2381,48,9.1429,159,11.3469,227,0.8750,1.000000,false,1.031,0.857774,0.460784
Medium,40,40,60196,1600,759,0.474375,480,63.2411,68,8.9592,159,7.1618,146,1.0000,0.846154,false,1.090,1.097177,0.476665
Medium,40,40,60197,1600,576,0.360000,356,61.8056,44,7.6389,171,15.0909,121,0.9375,1.000000,false,0.961,0.916528,0.478707
Medium,40,40,60198,1600,769,0.480625,477,62.0286,63,8.1925,150,7.2698,126,0.9375,1.000000,false,1.142,1.111686,0.471549
Medium,40,40,60199,1600,663,0.414375,433,65.3092,47,7.0890,161,11.2917,161,1.0000,1.000000,false,1.763,1.031972,0.465775
Medium,40,40,60200,1600,659,0.411875,443,67.2231,55,8.3460,156,8.4737,191,0.8750,1.000000,false,2.084,1.011266,0.459983
Medium,40,40,60201,1600,654,0.408750,421,64.3731,47,7.1865,158,9.1702,181,1.0000,1.000000,false,1.196,1.018633,0.451804
Medium,40,40,60202,1600,730,0.456250,433,59.3151,58,7.9452,154,8.5172,242,1.0000,1.000000,false,1.078,1.071718,0.469560
Medium,40,40,60203,1600,550,0.343750,363,66.0000,52,9.4545,157,12.7358,270,0.8750,1.000000,false,1.256,0.893271,0.477270
Medium,40,40,60204,1600,640,0.400000,404,63.1250,55,8.5938,161,10.1228,192,0.9375,1.000000,false,1.040,0.986494,0.469205
Medium,40,40,60205,1600,625,0.390625,398,63.6800,41,6.5600,152,11.5610,195,0.9375,1.000000,false,1.192,0.973596,0.455044
Medium,40,40,60206,1600,485,0.303125,321,66.1856,45,9.2784,159,15.7556,284,0.8125,1.000000,false,0.937,0.814212,0.482193
Medium,40,40,60207,1600,718,0.448750,434,60.4457,59,8.2173,140,6.2667,53,1.0000,1.000000,false,1.238,1.065266,0.455964
Medium,40,40,60208,1600,668,0.417500,418,62.5749,56,8.3832,157,10.3929,127,0.9375,1.000000,false,0.988,1.012438,0.474038
Medium,40,40,60209,1600,492,0.307500,305,61.9919,48,9.7561,166,16.0000,360,0.8750,1.000000,false,1.297,0.820198,0.489811
Medium,40,40,60210,1600,516,0.322500,325,62.9845,42,8.1395,156,11.0233,106,1.0000,1.000000,false,0.943,0.872768,0.447041
Medium,40,40,60211,1600,552,0.345000,345,62.5000,40,7.2464,167,14.7500,322,0.8125,1.000000,false,1.240,0.869958,0.468151
Medium,40,40,60212,1600,714,0.446250,454,63.5854,67,9.3838,168,7.4179,200,0.9375,1.000000,false,1.007,1.063726,0.474074
Medium,40,40,60213,1600,717,0.448125,474,66.1088,51,7.1130,150,9.7115,135,0.9375,1.000000,false,1.277,1.078839,0.466264
Medium,40,40,60214,1600,685,0.428125,450,65.6934,56,8.1752,156,10.5893,107,0.9375,1.000000,false,1.033,1.043856,0.476372
Medium,40,40,60215,1600,480,0.300000,302,62.9167,30,6.2500,166,17.5484,133,0.8750,1.000000,false,1.238,0.811079,0.462177
Medium,40,40,60216,1600,479,0.299375,300,62.6305,37,7.7244,154,16.8205,180,0.7500,1.000000,false,0.980,0.784153,0.472185
Medium,40,40,60217,1600,620,0.387500,354,57.0968,46,7.4194,141,14.5319,207,0.8750,1.000000,false,1.344,0.928797,0.481268
Medium,40,40,60218,1600,690,0.431250,440,63.7681,49,7.1014,162,10.8776,266,0.8750,0.948718,false,1.307,1.019963,0.468374
Medium,40,40,60219,1600,684,0.427500,448,65.4971,61,8.9181,166,7.6935,115,1.0000,1.000000,false,1.407,1.054429,0.465516
Medium,40,40,60220,1600,654,0.408750,401,61.3150,55,8.4098,155,9.7636,162,1.0000,1.000000,false,0.973,1.005299,0.467746
Medium,40,40,60221,1600,756,0.472500,464,61.3757,62,8.2011,156,7.4194,94,1.0000,1.000000,false,1.313,1.107808,0.470132
Medium,40,40,60222,1600,573,0.358125,368,64.2234,47,8.2024,155,9.7660,160,0.8750,1.000000,false,0.981,0.910249,0.450499
Medium,40,40,60223,1600,731,0.456875,462,63.2011,55,7.5239,160,9.4364,108,1.0000,1.000000,false,1.264,1.091644,0.471279
Medium,40,40,60224,1600,712,0.445000,438,61.5169,48,6.7416,155,9.0625,76,1.0000,1.000000,false,1.043,1.064373,0.457556
Medium,40,40,60225,1600,704,0.440000,451,64.0625,56,7.9545,134,7.8772,93,1.0000,1.000000,false,1.238,1.068294,0.460778
Medium,40,40,60226,1600,468,0.292500,289,61.7521,48,10.2564,115,8.3333,68,0.8750,1.000000,false,0.879,0.795294,0.442397
Medium,40,40,60227,1600,543,0.339375,343,63.1676,60,11.0497,170,11.8500,284,1.0000,1.000000,false,1.302,0.900785,0.486372
Medium,40,40,60228,1600,597,0.373125,367,61.4740,60,10.0503,152,12.0667,330,0.8750,1.000000,false,0.962,0.923819,0.487857
Medium,40,40,60229,1600,654,0.408750,424,64.8318,46,7.0336,125,9.2609,70,1.0000,1.000000,false,1.340,1.020633,0.450842
Medium,40,40,60230,1600,454,0.283750,281,61.8943,41,9.0308,124,10.0488,106,0.8750,1.000000,false,0.896,0.781655,0.438238
Medium,40,40,60231,1600,585,0.365625,371,63.4188,46,7.8632,161,11.1522,107,0.8750,1.000000,false,0.963,0.919367,0.458021
Medium,40,40,60232,1600,726,0.453750,449,61.8457,68,9.3664,159,8.4058,99,1.0000,1.000000,false,1.086,1.080011,0.482325
Medium,40,40,60233,1600,628,0.392500,398,63.3758,47,7.4841,149,11.1667,205,0.9375,0.948718,false,0.984,0.967683,0.462382
Medium,40,40,60234,1600,582,0.363750,402,69.0722,61,10.4811,170,10.3651,322,0.8750,1.000000,false,0.948,0.938254,0.478718
Medium,40,40,60235,1600,737,0.460625,469,63.6364,61,8.2768,158,7.7903,109,1.0000,1.000000,false,0.983,1.099870,0.469645
Medium,40,40,60236,1600,698,0.436250,463,66.3324,51,7.3066,157,9.0000,108,0.9375,1.000000,false,0.997,1.060234,0.460191
Medium,40,40,60237,1600,679,0.424375,468,68.9249,60,8.8365,163,6.2656,180,0.9375,1.000000,false,1.029,1.052297,0.454838
Medium,40,40,60238,1600,810,0.506250,486,60.0000,64,7.9012,137,7.2344,99,1.0000,1.000000,false,1.066,1.154508,0.476102
Medium,40,40,60239,1600,565,0.353125,357,63.1858,43,7.6106,153,10.4651,170,0.9375,1.000000,false,0.888,0.910669,0.447451
Medium,40,40,60240,1600,671,0.419375,435,64.8286,58,8.6438,151,7.2542,149,0.9375,1.000000,false,1.714,1.025551,0.457590
Medium,40,40,60241,1600,883,0.551875,570,64.5527,76,8.6070,167,5.4416,64,1.0000,1.000000,false,1.300,1.248814,0.485642
Medium,40,40,60242,1600,496,0.310000,295,59.4758,39,7.8629,163,13.7561,272,0.8750,1.000000,false,0.948,0.815904,0.457605
Medium,40,40,60243,1600,768,0.480000,498,64.8438,69,8.9844,169,6.8406,124,1.0000,1.000000,false,1.315,1.137593,0.476597
Medium,40,40,60244,1600,632,0.395000,399,63.1329,46,7.2785,158,11.4167,138,0.9375,1.000000,false,1.028,0.978415,0.462639
Medium,40,40,60245,1600,666,0.416250,416,62.4625,58,8.7087,156,9.8621,247,0.8750,0.974359,false,1.379,0.993572,0.473600
Medium,40,40,60246,1600,567,0.354375,369,65.0794,54,9.5238,163,11.0893,187,0.9375,1.000000,false,0.943,0.919856,0.470859
Medium,40,40,60247,1600,826,0.516250,523,63.3172,69,8.3535,165,6.2464,98,1.0000,1.000000,false,1.374,1.188667,0.477450
Medium,40,40,60248,1600,851,0.531875,565,66.3925,87,10.2233,179,5.0227,67,1.0000,1.000000,false,1.014,1.229831,0.493187
Medium,40,40,60249,1600,826,0.516250,539,65.2542,59,7.1429,160,7.8833,58,1.0000,1.000000,false,1.368,1.199333,0.475574
Medium,40,40,60250,1600,602,0.376250,404,67.1096,38,6.3123,170,12.6842,240,1.0000,1.000000,false,0.973,0.976452,0.455274
Medium,40,40,60251,1600,539,0.336875,339,62.8942,40,7.4212,151,11.8837,195,0.8750,1.000000,false,1.244,0.870746,0.449547
Medium,40,40,60252,1600,552,0.345000,349,63.2246,49,8.8768,152,14.1633,289,1.0000,1.000000,false,1.037,0.910124,0.480789
Medium,40,40,60253,1600,456,0.285000,286,62.7193,41,8.9912,158,11.1591,222,0.8750,1.000000,false,1.315,0.786175,0.445157
Medium,40,40,60254,1600,617,0.385625,400,64.8298,61,9.8865,159,10.9672,209,0.9375,1.000000,false,1.037,0.970184,0.483098
Medium,40,40,60255,1600,500,0.312500,309,61.8000,44,8.8000,155,13.4545,190,0.8750,1.000000,false,1.283,0.827610,0.465841
Medium,40,40,60256,1600,760,0.475000,501,65.9211,61,8.0263,164,8.1967,87,1.0000,1.000000,false,0.991,1.134847,0.473993
Medium,40,40,60257,1600,611,0.381875,383,62.6841,48,7.8560,176,10.4490,120,0.9375,1.000000,false,1.322,0.955291,0.458428
Medium,40,40,60258,1600,641,0.400625,404,63.0265,59,9.2044,153,10.2131,268,0.8750,1.000000,false,0.982,0.974588,0.476063
Medium,40,40,60259,1600,588,0.367500,393,66.8367,53,9.0136,167,9.1509,278,0.9375,1.000000,false,1.358,0.948314,0.457579
Medium,40,40,60260,1600,560,0.350000,354,63.2143,52,9.2857,139,7.4906,83,0.9375,1.000000,false,0.910,0.905703,0.444673
Medium,40,40,60261,1600,667,0.416875,416,62.3688,51,7.6462,182,9.1731,106,0.9375,1.000000,false,1.298,1.010511,0.458856
Medium,40,40,60262,1600,537,0.335625,326,60.7076,42,7.8212,177,13.5952,257,0.8750,1.000000,false,0.945,0.860893,0.463870
Medium,40,40,60263,1600,644,0.402500,411,63.8199,47,7.2981,148,12.2766,237,0.9375,1.000000,false,1.228,0.993534,0.470460
Medium,40,40,60264,1600,531,0.331875,351,66.1017,36,6.7797,145,13.0833,99,0.8750,1.000000,false,0.917,0.874000,0.449130
Medium,40,40,60265,1600,841,0.525625,532,63.2580,75,8.9180,168,5.2933,98,1.0000,1.000000,false,1.327,1.203565,0.479950
Medium,40,40,60266,1600,506,0.316250,317,62.6482,32,6.3241,161,19.4063,194,0.9375,1.000000,false,0.965,0.849003,0.479405
Medium,40,40,60267,1600,570,0.356250,363,63.6842,52,9.1228,170,11.7593,344,0.8750,0.974359,false,1.313,0.901289,0.471598
Medium,40,40,60268,1600,729,0.455625,462,63.3745,61,8.3676,163,8.9677,129,0.9375,1.000000,false,1.006,1.077958,0.476412
Medium,40,40,60269,1600,655,0.409375,420,64.1221,67,10.2290,180,7.7164,166,0.9375,1.000000,false,1.311,1.006059,0.473330
Medium,40,40,60270,1600,870,0.543750,550,63.2184,82,9.4253,159,4.9146,152,1.0000,1.000000,false,2.120,1.232768,0.488094
Medium,40,40,60271,1600,601,0.375625,365,60.7321,42,6.9884,155,13.1905,195,0.9375,1.000000,false,1.004,0.937359,0.465012
Medium,40,40,60272,1600,740,0.462500,481,65.0000,70,9.4595,167,6.6857,135,1.0000,1.000000,false,1.232,1.109650,0.475130
Medium,40,40,60273,1600,642,0.401250,404,62.9283,55,8.5670,156,10.1818,209,0.8750,1.000000,false,0.983,0.975181,0.469681
Medium,40,40,60274,1600,686,0.428750,439,63.9942,47,6.8513,156,10.2083,120,0.9375,1.000000,false,1.424,1.037116,0.460940
Medium,40,40,60275,1600,612,0.382500,405,66.1765,56,9.1503,162,9.3729,221,1.0000,1.000000,false,0.909,0.983051,0.464834
Medium,40,40,60276,1600,634,0.396250,413,65.1420,53,8.3596,126,6.1296,58,1.0000,1.000000,false,1.255,1.001435,0.440781
Medium,40,40,60277,1600,581,0.363125,390,67.1256,37,6.3683,153,14.0000,143,0.8750,1.000000,false,0.983,0.929661,0.460121
Medium,40,40,60278,1600,723,0.451875,443,61.2725,69,9.5436,187,7.2319,108,1.0000,0.974359,false,1.331,1.070385,0.476197
Medium,40,40,60279,1600,519,0.324375,341,65.7033,38,7.3218,165,14.8947,276,0.8750,0.871795,false,1.023,0.840984,0.463622
Medium,40,40,60280,1600,662,0.413750,422,63.7462,47,7.0997,151,11.7660,135,0.9375,1.000000,false,1.286,1.011545,0.468659
Medium,40,40,60281,1600,564,0.352500,351,62.2340,44,7.8014,181,11.1778,151,0.8750,1.000000,false,0.989,0.893576,0.453625
Medium,40,40,60282,1600,702,0.438750,453,64.5299,66,9.4017,169,8.5758,140,1.0000,1.000000,false,1.315,1.068441,0.479241
Medium,40,40,60283,1600,777,0.485625,492,63.3205,71,9.1377,172,7.2535,77,1.0000,1.000000,false,0.997,1.138932,0.482399
Medium,40,40,60284,1600,762,0.476250,505,66.2730,58,7.6115,163,7.8621,161,1.0000,1.000000,false,1.354,1.138701,0.468128
Medium,40,40,60285,1600,639,0.399375,387,60.5634,58,9.0767,163,9.0345,190,0.9375,1.000000,false,0.994,0.974568,0.467045
Medium,40,40,60286,1600,553,0.345625,335,60.5787,44,7.9566,152,13.9773,162,0.9375,1.000000,false,1.365,0.888884,0.470611
Medium,40,40,60287,1600,723,0.451875,471,65.1452,61,8.4371,172,8.1475,173,0.9375,1.000000,false,0.996,1.080398,0.470855
Medium,40,40,60288,1600,736,0.460000,452,61.4130,60,8.1522,162,8.8689,167,0.9375,1.000000,false,1.363,1.075444,0.474952
Medium,40,40,60289,1600,518,0.323750,341,65.8301,53,10.2317,166,11.9245,274,0.8125,1.000000,false,0.948,0.847121,0.473970
Medium,40,40,60290,1600,674,0.421250,430,63.7982,48,7.1217,156,9.8571,163,1.0000,1.000000,false,2.077,1.036497,0.459199
Medium,40,40,60291,1600,455,0.284375,288,63.2967,39,8.5714,164,15.7500,170,0.8750,1.000000,false,1.032,0.786915,0.469464
Medium,40,40,60292,1600,624,0.390000,405,64.9038,66,10.5769,171,9.7612,328,1.0000,1.000000,false,1.049,0.990169,0.483777
Medium,40,40,60293,1600,843,0.526875,535,63.4638,59,6.9988,149,7.3770,110,1.0000,1.000000,false,1.022,1.206751,0.474157
Medium,40,40,60294,1600,562,0.351250,365,64.9466,50,8.8968,149,12.3200,132,0.8750,1.000000,false,0.964,0.901723,0.471343
Medium,40,40,60295,1600,595,0.371875,371,62.3529,55,9.2437,164,11.6182,212,1.0000,1.000000,false,0.996,0.950299,0.476613
Medium,40,40,60296,1600,546,0.341250,339,62.0879,50,9.1575,175,10.5600,180,0.9375,1.000000,false,1.006,0.887398,0.459950
Medium,40,40,60297,1600,797,0.498125,517,64.8683,73,9.1593,176,5.7397,67,1.0000,1.000000,false,1.015,1.167463,0.476904
Medium,40,40,60298,1600,547,0.341875,353,64.5338,43,7.8611,154,12.3488,168,1.0000,0.948718,false,0.923,0.902133,0.458353
Medium,40,40,60299,1600,814,0.508750,520,63.8821,63,7.7396,138,7.5156,86,1.0000,1.000000,false,0.995,1.179548,0.476993
Medium,40,40,60300,1600,679,0.424375,443,65.2430,64,9.4256,157,6.3750,80,0.9375,1.000000,false,0.966,1.035630,0.461413
Medium,40,40,60301,1600,456,0.285000,297,65.1316,33,7.2368,158,21.0909,155,0.9375,1.000000,false,0.997,0.806008,0.489687
Medium,40,40,60302,1600,793,0.495625,521,65.6999,61,7.6923,159,7.3443,55,1.0000,1.000000,false,1.010,1.167757,0.471512
Medium,40,40,60303,1600,619,0.386875,401,64.7819,43,6.9467,152,13.4651,99,0.9375,1.000000,false,0.970,0.972037,0.469686
Medium,40,40,60304,1600,550,0.343750,350,63.6364,34,6.1818,152,14.1176,156,0.9375,1.000000,false,0.979,0.897105,0.453178
Medium,40,40,60305,1600,548,0.342500,342,62.4088,42,7.6642,171,12.8333,211,1.0000,1.000000,false,0.899,0.903085,0.459601
Medium,40,40,60306,1600,711,0.444375,447,62.8692,61,8.5795,163,9.4590,142,1.0000,1.000000,false,1.063,1.069780,0.478226
Medium,40,40,60307,1600,641,0.400625,402,62.7145,51,7.9563,145,11.3922,147,0.9375,1.000000,false,0.975,0.985754,0.470952
Medium,40,40,60308,1600,644,0.402500,405,62.8882,51,7.9193,167,9.5686,90,1.0000,1.000000,false,0.993,1.002034,0.459746
Medium,40,40,60309,1600,703,0.439375,462,65.7183,58,8.2504,159,8.0333,164,0.9375,1.000000,false,1.067,1.062534,0.464524
Medium,40,40,60310,1600,705,0.440625,460,65.2482,50,7.0922,159,9.8235,107,1.0000,1.000000,false,0.996,1.074887,0.464507
Medium,40,40,60311,1600,589,0.368125,364,61.7997,34,5.7725,158,16.7941,135,1.0000,1.000000,false,0.953,0.942073,0.473126
Medium,40,40,60312,1600,698,0.436250,441,63.1805,57,8.1662,157,8.2456,221,0.8750,1.000000,false,0.988,1.033068,0.464072
Medium,40,40,60313,1600,593,0.370625,379,63.9123,38,6.4081,151,13.0526,119,1.0000,1.000000,false,0.980,0.954446,0.456847
Medium,40,40,60314,1600,569,0.355625,371,65.2021,46,8.0844,168,12.3191,246,0.9375,1.000000,false,1.038,0.922376,0.464526
Medium,40,40,60315,1600,727,0.454375,471,64.7868,54,7.4278,171,9.0000,71,1.0000,1.000000,false,0.980,1.095271,0.466840
Medium,40,40,60316,1600,532,0.332500,338,63.5338,45,8.4586,165,12.6739,233,0.8750,1.000000,false,0.964,0.865927,0.463548
Medium,40,40,60317,1600,634,0.396250,403,63.5647,61,9.6215,160,10.8065,275,0.9375,1.000000,false,1.055,0.982268,0.482630
Medium,40,40,60318,1600,831,0.519375,518,62.3345,72,8.6643,155,5.9200,76,1.0000,1.000000,false,1.017,1.188299,0.479455
Medium,40,40,60319,1600,724,0.452500,461,63.6740,68,9.3923,164,6.8429,154,0.9375,1.000000,false,2.109,1.074325,0.472441
Medium,40,40,60320,1600,666,0.416250,413,62.0120,46,6.9069,161,10.3750,253,0.8750,0.948718,false,0.990,0.987726,0.458788
Medium,40,40,60321,1600,559,0.349375,349,62.4329,33,5.9034,153,16.9118,233,1.0000,0.923077,false,1.946,0.902738,0.469545
Medium,40,40,60322,1600,807,0.504375,512,63.4449,62,7.6828,173,7.3548,94,1.0000,1.000000,false,1.026,1.170062,0.474108
Medium,40,40,60323,1600,669,0.418125,421,62.9297,73,10.9118,163,8.7500,277,0.9375,1.000000,false,1.395,1.015031,0.489243
Medium,40,40,60324,1600,482,0.301250,303,62.8631,36,7.4689,156,16.5278,309,0.8750,1.000000,false,0.860,0.812932,0.468362
Medium,40,40,60325,1600,745,0.465625,484,64.9664,63,8.4564,135,6.5238,113,1.0000,1.000000,false,1.173,1.114616,0.465025
Medium,40,40,60326,1600,637,0.398125,421,66.0911,49,7.6923,167,10.3469,194,0.8750,1.000000,false,0.984,0.983548,0.461029
Medium,40,40,60327,1600,488,0.305000,297,60.8607,46,9.4262,161,16.0870,357,0.7500,1.000000,false,1.223,0.787492,0.486306
Medium,40,40,60328,1600,704,0.440000,457,64.9148,61,8.6648,141,9.0000,113,0.9375,1.000000,false,1.049,1.059794,0.474898
Medium,40,40,60329,1600,709,0.443125,441,62.2003,58,8.1805,159,7.9655,120,1.0000,1.000000,false,1.202,1.064593,0.464527
Medium,40,40,60330,1600,671,0.419375,425,63.3383,50,7.4516,167,9.5192,165,0.9375,1.000000,false,0.992,1.018884,0.459823
Medium,40,40,60331,1600,676,0.422500,437,64.6450,51,7.5444,161,8.8824,118,1.0000,1.000000,false,1.306,1.042350,0.457708
Medium,40,40,60332,1600,557,0.348125,356,63.9138,43,7.7199,143,13.3488,132,0.9375,1.000000,false,0.939,0.905257,0.465067
Medium,40,40,60333,1600,838,0.523750,537,64.0811,85,10.1432,162,4.6163,46,1.0000,1.000000,false,1.446,1.205119,0.487409
Medium,40,40,60334,1600,668,0.417500,433,64.8204,54,8.0838,156,8.3889,227,0.8750,1.000000,false,0.986,1.009938,0.458519
Medium,40,40,60335,1600,524,0.327500,307,58.5878,54,10.3053,162,12.4727,258,1.0000,1.000000,false,1.230,0.865514,0.479258
Medium,40,40,60336,1600,690,0.431250,433,62.7536,49,7.1014,160,10.1400,185,0.9375,0.923077,false,1.053,1.023950,0.463764
Medium,40,40,60337,1600,721,0.450625,481,66.7129,60,8.3218,150,5.9516,96,0.9375,1.000000,false,1.321,1.085879,0.455603
Medium,40,40,60338,1600,655,0.409375,401,61.2214,61,9.3130,170,8.9524,125,0.9375,1.000000,false,0.993,0.993393,0.471895
Medium,40,40,60339,1600,610,0.381250,388,63.6066,49,8.0328,159,12.6327,178,0.9375,1.000000,false,1.296,0.958031,0.473657
Medium,40,40,60340,1600,748,0.467500,483,64.5722,66,8.8235,161,7.7015,95,1.0000,1.000000,false,0.992,1.115729,0.476620
Medium,40,40,60341,1600,632,0.395000,400,63.2911,51,8.0696,155,10.5000,187,0.9375,1.000000,false,1.391,0.979082,0.464821
Medium,40,40,60342,1600,609,0.380625,356,58.4565,38,6.2397,155,13.2308,98,1.0000,0.974359,false,0.978,0.944758,0.459277
Medium,40,40,60343,1600,808,0.505000,509,62.9950,76,9.4059,170,6.3421,121,1.0000,1.000000,false,1.366,1.168655,0.485198
Medium,40,40,60344,1600,608,0.380000,397,65.2961,48,7.8947,147,10.5918,126,0.9375,1.000000,false,0.970,0.962845,0.459146
Medium,40,40,60345,1600,489,0.305625,303,61.9632,48,9.8160,159,14.5000,234,0.7500,1.000000,false,1.308,0.792085,0.480472
Medium,40,40,60346,1600,562,0.351250,367,65.3025,40,7.1174,153,12.8000,222,0.8125,0.820513,false,1.095,0.863633,0.456549
Medium,40,40,60347,1600,608,0.380000,375,61.6776,63,10.3618,161,9.5692,222,0.9375,1.000000,false,1.278,0.948178,0.477426
Medium,40,40,60348,1600,586,0.366250,388,66.2116,51,8.7031,159,9.1373,93,1.0000,1.000000,false,0.948,0.956294,0.454014
Medium,40,40,60349,1600,758,0.473750,484,63.8522,64,8.4433,156,7.4615,131,1.0000,1.000000,false,1.298,1.122328,0.473192
Medium,40,40,60350,1600,846,0.528750,525,62.0567,97,11.4657,164,3.7423,67,1.0000,1.000000,false,0.987,1.201864,0.496671
Medium,40,40,60351,1600,643,0.401875,439,68.2737,70,10.8865,167,8.8000,317,0.8750,1.000000,false,1.281,0.999107,0.484427
Medium,40,40,60352,1600,597,0.373125,395,66.1642,48,8.0402,166,10.2083,107,0.8750,1.000000,false,1.046,0.942486,0.456142
Medium,40,40,60353,1600,548,0.342500,334,60.9489,41,7.4818,164,14.0732,203,1.0000,1.000000,false,2.082,0.897751,0.465525
Medium,40,40,60354,1600,738,0.461250,482,65.3117,70,9.4851,162,7.2286,89,0.9375,1.000000,false,1.073,1.096630,0.478405
Medium,40,40,60355,1600,664,0.415000,426,64.1566,46,6.9277,160,13.5217,135,0.9375,1.000000,false,1.482,1.015398,0.478288
Medium,40,40,60356,1600,708,0.442500,461,65.1130,56,7.9096,152,10.1250,167,0.9375,1.000000,false,1.141,1.064833,0.475127
Medium,40,40,60357,1600,876,0.547500,551,62.8995,74,8.4475,150,5.9054,125,1.0000,0.974359,false,1.469,1.233148,0.485634
Medium,40,40,60358,1600,767,0.479375,476,62.0600,66,8.6050,167,6.6176,142,0.9375,1.000000,false,1.078,1.109833,0.471222
Medium,40,40,60359,1600,669,0.418125,418,62.4813,56,8.3707,165,9.2105,133,1.0000,1.000000,false,1.408,1.025531,0.466710
Medium,40,40,60360,1600,832,0.520000,547,65.7452,63,7.5721,129,5.4308,92,1.0000,1.000000,false,1.096,1.208226,0.465663
Medium,40,40,60361,1600,682,0.426250,456,66.8622,63,9.2375,176,6.8594,121,0.9375,1.000000,false,1.250,1.046076,0.463121
Medium,40,40,60362,1600,667,0.416875,417,62.5187,57,8.5457,173,9.8966,188,0.9375,1.000000,false,1.034,1.011178,0.472373
Medium,40,40,60363,1600,928,0.580000,609,65.6250,82,8.8362,167,5.0602,52,1.0000,1.000000,false,1.550,1.250000,0.493989
Medium,40,40,60364,1600,677,0.423125,427,63.0724,64,9.4535,152,9.4242,215,0.8750,1.000000,false,1.029,1.011277,0.480374
Medium,40,40,60365,1600,640,0.400000,413,64.5313,53,8.2813,157,11.2037,156,0.9375,1.000000,false,1.000,0.992494,0.472836
Medium,40,40,60366,1600,568,0.355000,385,67.7817,42,7.3944,150,15.5476,184,0.9375,1.000000,false,0.967,0.931116,0.477616
Medium,40,40,60367,1600,862,0.538750,554,64.2691,79,9.1647,173,5.6790,102,1.0000,1.000000,false,1.115,1.230689,0.488766
Medium,40,40,60368,1600,668,0.417500,438,65.5689,60,8.9820,153,7.0333,202,0.9375,1.000000,false,1.002,1.025771,0.459029
Medium,40,40,60369,1600,540,0.337500,355,65.7407,34,6.2963,161,17.0882,218,0.9375,0.923077,false,0.972,0.882967,0.471014
Medium,40,40,60370,1600,700,0.437500,437,62.4286,40,5.7143,154,12.3415,179,0.9375,1.000000,false,0.976,1.044088,0.465527
Medium,40,40,60371,1600,483,0.301875,300,62.1118,40,8.2816,146,12.9500,159,0.8750,1.000000,false,1.221,0.811525,0.454316
Medium,40,40,60372,1600,528,0.330000,335,63.4470,38,7.1970,161,16.4474,376,0.8125,1.000000,false,0.988,0.849054,0.473766
Medium,40,40,60373,1600,589,0.368125,385,65.3650,44,7.4703,152,9.9545,150,1.0000,1.000000,false,0.977,0.956073,0.447356
Medium,40,40,60374,1600,677,0.423125,431,63.6632,70,10.3397,165,8.6944,157,0.9375,1.000000,false,1.059,1.026444,0.484675
Medium,40,40,60375,1600,712,0.445000,459,64.4663,54,7.5843,166,8.9815,105,1.0000,1.000000,false,1.008,1.078373,0.465477
Medium,40,40,60376,1600,763,0.476875,480,62.9096,63,8.2569,165,7.5625,61,1.0000,1.000000,false,1.012,1.122627,0.472897
Medium,40,40,60377,1600,546,0.341250,345,63.1868,31,5.6777,162,17.3750,330,0.8750,1.000000,false,0.983,0.878898,0.467745
Medium,40,40,60378,1600,717,0.448125,449,62.6220,48,6.6946,161,10.4286,116,1.0000,1.000000,false,1.009,1.074672,0.466562
Medium,40,40,60379,1600,735,0.459375,479,65.1701,63,8.5714,161,8.3692,133,1.0000,1.000000,false,1.082,1.105350,0.475834
Medium,40,40,60380,1600,721,0.450625,459,63.6616,53,7.3509,154,9.5849,115,1.0000,0.923077,false,1.002,1.072173,0.468602
Medium,40,40,60381,1600,603,0.376875,393,65.1741,60,9.9502,170,10.2000,212,1.0000,1.000000,false,0.998,0.969712,0.476315
Medium,40,40,60382,1600,465,0.290625,278,59.7849,39,8.3871,169,17.0500,220,0.8750,1.000000,false,0.966,0.786181,0.477621
Medium,40,40,60383,1600,638,0.398750,402,63.0094,51,7.9937,158,10.3922,162,0.9375,1.000000,false,0.981,0.983975,0.464513
Medium,40,40,60384,1600,781,0.488125,499,63.8924,65,8.3227,163,7.6667,87,1.0000,1.000000,false,1.074,1.145972,0.477581
Medium,40,40,60385,1600,546,0.341250,356,65.2015,46,8.4249,155,12.0000,237,0.8125,1.000000,false,1.027,0.873732,0.461624
Medium,40,40,60386,1600,966,0.603750,587,60.7660,94,9.7308,163,4.0316,73,1.0000,1.000000,false,1.032,1.250000,0.503631
Medium,40,40,60387,1600,621,0.388125,404,65.0564,70,11.2721,164,9.2714,205,0.8750,1.000000,false,0.962,0.962723,0.487105
Medium,40,40,60388,1600,802,0.501250,534,66.5835,69,8.6035,161,6.5352,96,1.0000,1.000000,false,2.958,1.181763,0.477255
Medium,40,40,60389,1600,730,0.456250,482,66.0274,55,7.5342,169,9.0182,93,1.0000,1.000000,false,1.366,1.104384,0.468581
Medium,40,40,60390,1600,519,0.324375,320,61.6570,46,8.8632,155,12.7660,236,0.7500,1.000000,false,1.036,0.821215,0.465732
Medium,40,40,60391,1600,582,0.363750,373,64.0893,38,6.5292,164,12.6579,195,0.9375,0.897436,false,1.328,0.916036,0.453529
Medium,40,40,60392,1600,626,0.391250,375,59.9042,64,10.2236,164,9.2923,177,0.9375,1.000000,false,0.985,0.958856,0.477688
Medium,40,40,60393,1600,617,0.385625,396,64.1815,48,7.7796,156,12.0625,161,0.9375,1.000000,false,1.348,0.967517,0.468874
Medium,40,40,60394,1600,713,0.445625,442,61.9916,60,8.4151,153,9.7000,91,1.0000,1.000000,false,0.999,1.067633,0.478464
Medium,40,40,60395,1600,821,0.513125,518,63.0938,66,8.0390,163,6.2727,85,1.0000,1.000000,false,1.277,1.182367,0.473532
Medium,40,40,60396,1600,610,0.381250,396,64.9180,40,6.5574,170,13.1000,106,0.9375,1.000000,false,0.974,0.963364,0.461824
Medium,40,40,60397,1600,506,0.316250,337,66.6008,43,8.4980,151,9.4651,154,0.6875,0.846154,false,1.190,0.789259,0.439012
Medium,40,40,60398,1600,682,0.426250,443,64.9560,51,7.4780,150,11.1731,136,0.8750,1.000000,false,1.042,1.024910,0.472487
Medium,40,40,60399,1600,484,0.302500,292,60.3306,43,8.8843,160,14.9778,336,0.8125,1.000000,false,1.275,0.794285,0.473204
Medium,40,40,60400,1600,676,0.422500,431,63.7574,54,7.9882,164,9.6545,124,1.0000,1.000000,false,1.052,1.038350,0.466973
Medium,40,40,60401,1600,667,0.416875,422,63.2684,47,7.0465,154,10.9149,194,1.0000,1.000000,false,1.271,1.027011,0.463745
Medium,40,40,60402,1600,485,0.303125,321,66.1856,55,11.3402,172,11.9107,223,0.8125,1.000000,false,1.830,0.814212,0.478782
Medium,40,40,60403,1600,665,0.415625,431,64.8120,56,8.4211,158,9.3684,110,1.0000,1.000000,false,0.987,1.031825,0.467451
Medium,40,40,60404,1600,706,0.441250,454,64.3059,67,9.4901,169,7.3382,92,0.8750,1.000000,false,0.993,1.046480,0.473140
Medium,40,40,60405,1600,519,0.324375,341,65.7033,48,9.2486,176,13.3125,204,0.8125,1.000000,false,0.964,0.847715,0.473001
Medium,40,40,60406,1600,493,0.308125,321,65.1116,34,6.8966,149,15.6765,341,0.8750,1.000000,false,0.954,0.831458,0.459381
Medium,40,40,60407,1600,515,0.321875,320,62.1359,56,10.8738,169,13.2281,380,0.8125,1.000000,false,1.022,0.831342,0.487976
Medium,40,40,60408,1600,713,0.445625,461,64.6564,60,8.4151,169,8.2459,113,1.0000,1.000000,false,0.975,1.080299,0.469376
Medium,40,40,60409,1600,888,0.555000,572,64.4144,82,9.2342,162,4.8537,77,1.0000,1.000000,false,2.003,1.250000,0.489178
Medium,40,40,60410,1600,779,0.486875,501,64.3132,62,7.9589,158,7.7581,127,1.0000,1.000000,false,1.974,1.146119,0.474140
Medium,40,40,60411,1600,538,0.336250,313,58.1784,40,7.4349,139,12.6000,206,0.8750,0.923077,false,0.946,0.841281,0.453974
Medium,40,40,60412,1600,691,0.431875,424,61.3603,61,8.8278,158,8.5410,196,0.8125,1.000000,false,2.449,1.005082,0.471222
Medium,40,40,60413,1600,733,0.458125,459,62.6194,72,9.8226,154,6.7838,116,1.0000,1.000000,false,2.001,1.090831,0.478063
Medium,40,40,60414,1600,845,0.528125,554,65.5621,59,6.9822,152,7.8475,68,1.0000,1.000000,false,1.668,1.220605,0.477307
Medium,40,40,60415,1600,534,0.333750,321,60.1124,29,5.4307,143,16.3000,133,1.0000,1.000000,false,0.901,0.880780,0.456307
Medium,40,40,60416,1600,616,0.385000,388,62.9870,64,10.3896,167,9.7969,187,0.8750,1.000000,false,1.139,0.949090,0.480627
Medium,40,40,60417,1600,625,0.390625,401,64.1600,45,7.2000,165,10.5000,161,1.0000,1.000000,false,1.008,0.988096,0.454813
Medium,40,40,60418,1600,657,0.410625,412,62.7093,60,9.1324,134,7.1167,126,1.0000,1.000000,false,1.429,1.014412,0.458991
Medium,40,40,60419,1600,628,0.392500,386,61.4650,54,8.5987,165,8.4182,298,0.7500,1.000000,false,0.998,0.929876,0.456351
Medium,40,40,60420,1600,704,0.440000,421,59.8011,61,8.6648,169,9.1129,93,1.0000,1.000000,false,1.075,1.048294,0.475603
Medium,40,40,60421,1600,551,0.344375,359,65.1543,46,8.3485,150,12.3043,242,0.8125,1.000000,false,1.104,0.878698,0.463699
Medium,40,40,60422,1600,563,0.351875,334,59.3250,48,8.5258,162,11.3878,201,1.0000,1.000000,false,2.290,0.906650,0.461994
Medium,40,40,60423,1600,915,0.571875,586,64.0437,72,7.8689,148,6.0411,76,1.0000,1.000000,false,1.155,1.250000,0.488008
Medium,40,40,60424,1600,635,0.396875,381,60.0000,59,9.2913,161,9.8475,215,0.8750,1.000000,false,1.090,0.955695,0.473522
Medium,40,40,60425,1600,534,0.333750,343,64.2322,46,8.6142,143,13.1277,202,0.9375,1.000000,false,1.429,0.882946,0.468315
Medium,40,40,60426,1600,683,0.426875,429,62.8111,60,8.7848,159,9.7833,257,0.8750,1.000000,false,0.997,1.016169,0.477056
Medium,40,40,60427,1600,537,0.335625,354,65.9218,54,10.0559,158,12.8909,273,0.8125,1.000000,false,1.004,0.867059,0.481814
Medium,40,40,60428,1600,557,0.348125,381,68.4022,44,7.8995,140,14.5227,174,1.0000,1.000000,false,1.131,0.934424,0.474199
Medium,40,40,60429,1600,577,0.360625,386,66.8977,42,7.2790,172,13.5238,312,0.9375,1.000000,false,1.482,0.937121,0.465502
Medium,40,40,60430,1600,892,0.557500,537,60.2018,89,9.9776,155,5.1222,63,1.0000,1.000000,false,1.117,1.233000,0.499040
Medium,40,40,60431,1600,572,0.357500,366,63.9860,57,9.9650,151,8.1053,196,0.8750,1.000000,false,0.990,0.908322,0.457558
Medium,40,40,60432,1600,638,0.398750,412,64.5768,52,8.1505,169,10.4259,98,1.0000,1.000000,false,1.040,1.003141,0.466292
Medium,40,40,60433,1600,727,0.454375,463,63.6864,58,7.9780,159,8.1356,129,1.0000,1.000000,false,1.454,1.089938,0.466940
Medium,40,40,60434,1600,691,0.431875,435,62.9522,62,8.9725,161,8.8710,138,1.0000,1.000000,false,0.986,1.049915,0.474731
Medium,40,40,60435,1600,673,0.420625,422,62.7043,46,6.8351,144,12.8261,214,1.0000,1.000000,false,1.897,1.030571,0.474701
Medium,40,40,60436,1600,853,0.533125,541,63.4232,71,8.3236,157,5.8356,84,1.0000,1.000000,false,1.085,1.216684,0.479646
Medium,40,40,60437,1600,629,0.393125,415,65.9777,53,8.4261,147,8.3704,161,1.0000,0.923077,false,2.226,0.988264,0.454513
Medium,40,40,60438,1600,515,0.321875,335,65.0485,55,10.6796,168,12.2632,377,0.7500,1.000000,false,0.960,0.827701,0.480003
Medium,40,40,60439,1600,882,0.551250,562,63.7188,73,8.2766,149,5.9324,98,1.0000,1.000000,false,1.119,1.247887,0.485219
Medium,40,40,60440,1600,746,0.466250,484,64.8794,60,8.0429,149,7.0000,57,0.9375,1.000000,false,1.343,1.102709,0.464054
Medium,40,40,60441,1600,560,0.350000,345,61.6071,37,6.6071,160,16.0526,287,1.0000,0.820513,false,0.957,0.885280,0.471400
Medium,40,40,60442,1600,709,0.443125,442,62.3413,57,8.0395,166,8.5862,97,1.0000,1.000000,false,1.036,1.065260,0.466996
Medium,40,40,60443,1600,797,0.498125,480,60.2258,65,8.1556,152,6.7463,50,1.0000,1.000000,false,1.228,1.142797,0.473158
Medium,40,40,60444,1600,670,0.418750,416,62.0896,57,8.5075,159,8.3448,113,1.0000,1.000000,false,1.432,1.024791,0.462855
Medium,40,40,60445,1600,481,0.300625,295,61.3306,35,7.2765,156,19.0286,168,0.8750,1.000000,false,0.984,0.807006,0.481881
Medium,40,40,60446,1600,538,0.336250,355,65.9851,47,8.7361,159,12.5106,347,1.0000,1.000000,false,1.008,0.905819,0.466427
Medium,40,40,60447,1600,535,0.334375,337,62.9907,39,7.2897,162,14.7949,266,1.0000,1.000000,false,1.023,0.892040,0.465678
Medium,40,40,60448,1600,775,0.484375,486,62.7097,67,8.6452,147,7.7794,151,1.0000,1.000000,false,1.452,1.133746,0.480385
Medium,40,40,60449,1600,674,0.421250,437,64.8368,45,6.6766,164,11.9130,205,0.9375,1.000000,false,1.057,1.028664,0.467597
Medium,40,40,60450,1600,534,0.333750,328,61.4232,35,6.5543,160,13.7143,233,1.0000,1.000000,false,0.946,0.885446,0.451382
Medium,40,40,60451,1600,507,0.316875,316,62.3274,54,10.6509,127,7.8889,194,0.8125,1.000000,false,0.940,0.823929,0.450877
Medium,40,40,60452,1600,591,0.369375,374,63.2826,48,8.1218,157,12.6122,126,0.9375,1.000000,false,1.419,0.937427,0.470857
Medium,40,40,60453,1600,735,0.459375,473,64.3537,51,6.9388,155,8.5192,111,1.0000,1.000000,false,1.034,1.101350,0.460445
Medium,40,40,60454,1600,647,0.404375,394,60.8964,69,10.6646,167,8.4638,150,0.8750,1.000000,false,1.058,0.971480,0.480857
Medium,40,40,60455,1600,629,0.393125,389,61.8442,54,8.5851,147,9.0370,68,1.0000,1.000000,false,1.011,0.982469,0.460270
Medium,40,40,60456,1600,586,0.366250,366,62.4573,44,7.5085,162,9.4667,134,0.8750,1.000000,false,1.345,0.916627,0.444127
Medium,40,40,60457,1600,609,0.380625,395,64.8604,48,7.8818,162,12.1224,251,0.9375,1.000000,false,1.492,0.962105,0.468771
Medium,40,40,60458,1600,755,0.471875,476,63.0464,69,9.1391,156,7.1286,121,1.0000,1.000000,false,1.146,1.115215,0.477507
Medium,40,40,60459,1600,668,0.417500,421,63.0240,56,8.3832,157,9.2143,117,0.8750,1.000000,false,1.136,1.001938,0.466672
Medium,40,40,60460,1600,685,0.428125,447,65.2555,52,7.5912,163,10.5000,207,1.0000,0.923077,false,1.464,1.042817,0.469975
Medium,40,40,60461,1600,562,0.351250,344,61.2100,46,8.1851,163,13.9783,196,0.8750,1.000000,false,1.046,0.887723,0.474590
Medium,40,40,60462,1600,566,0.353750,357,63.0742,60,10.6007,174,11.0328,208,0.8750,1.000000,false,1.020,0.898763,0.481087
Medium,40,40,60463,1600,841,0.525625,546,64.9227,66,7.8478,156,6.4559,125,0.9375,1.000000,false,1.062,1.200398,0.476515
Medium,40,40,60464,1600,784,0.490000,492,62.7551,82,10.4592,162,6.4524,264,0.9375,1.000000,false,1.472,1.130585,0.491919
Medium,40,40,60465,1600,650,0.406250,413,63.5385,60,9.2308,152,9.9000,167,1.0000,1.000000,false,0.987,1.010927,0.476058
Medium,40,40,60466,1600,560,0.350000,370,66.0714,44,7.8571,164,13.7955,186,0.9375,1.000000,false,1.118,0.916370,0.469793
Medium,40,40,60467,1600,741,0.463125,460,62.0783,64,8.6370,158,7.7231,87,1.0000,1.000000,false,1.875,1.096243,0.473577
Medium,40,40,60468,1600,658,0.411250,416,63.2219,51,7.7508,152,8.0192,101,0.9375,1.000000,false,1.083,1.005172,0.451003
Medium,40,40,60469,1600,706,0.441250,461,65.2975,51,7.2238,161,10.2353,157,1.0000,1.000000,false,1.020,1.076147,0.468584
Medium,40,40,60470,1600,558,0.348750,368,65.9498,32,5.7348,150,15.9063,120,0.9375,1.000000,false,1.014,0.913850,0.461387
Medium,40,40,60471,1600,676,0.422500,437,64.6450,59,8.7278,169,9.9492,142,1.0000,1.000000,false,1.050,1.042350,0.476210
Medium,40,40,60472,1600,704,0.440000,442,62.7841,62,8.8068,183,8.1692,175,0.8750,1.000000,false,1.120,1.037294,0.471126
Medium,40,40,60473,1600,576,0.360000,384,66.6667,43,7.4653,155,15.9535,176,0.8750,1.000000,false,1.101,0.922695,0.482362
Medium,40,40,60474,1600,543,0.339375,355,65.3775,41,7.5506,141,10.8333,126,0.8125,0.948718,false,1.006,0.863593,0.445027
Medium,40,40,60475,1600,690,0.431250,447,64.7826,59,8.5507,166,9.4576,228,0.9375,1.000000,false,1.134,1.044822,0.473992
Medium,40,40,60476,1600,717,0.448125,463,64.5746,42,5.8577,140,10.4762,76,1.0000,1.000000,false,1.069,1.084006,0.458491
Medium,40,40,60477,1600,576,0.360000,369,64.0625,49,8.5069,174,11.3061,162,1.0000,1.000000,false,1.032,0.937695,0.463733
Medium,40,40,60478,1600,737,0.460625,468,63.5007,58,7.8697,158,7.4828,163,1.0000,1.000000,false,1.183,1.099203,0.463652
Medium,40,40,60479,1600,699,0.436875,429,61.3734,56,8.0114,151,8.1552,168,1.0000,0.974359,false,1.064,1.046815,0.462147
Medium,40,40,60480,1600,737,0.460625,465,63.0936,67,9.0909,174,7.0000,104,1.0000,1.000000,false,1.107,1.097203,0.472847
Medium,40,40,60481,1600,603,0.376875,387,64.1791,55,9.1211,152,8.7500,197,0.8125,0.923077,false,1.042,0.916673,0.458961
Medium,40,40,60482,1600,802,0.501250,499,62.2195,67,8.3541,160,7.3382,190,1.0000,1.000000,false,1.071,1.158429,0.479780
Medium,40,40,60483,1600,582,0.363750,351,60.3093,42,7.2165,146,13.8837,130,0.9375,1.000000,false,1.143,0.916754,0.468063
Medium,40,40,60484,1600,577,0.360625,369,63.9515,49,8.4922,171,11.4082,330,1.0000,1.000000,false,0.973,0.938288,0.464411
Medium,40,40,60485,1600,660,0.412500,415,62.8788,49,7.4242,160,10.2600,208,0.9375,1.000000,false,1.116,1.005692,0.462117
Medium,40,40,60486,1600,593,0.370625,387,65.2614,50,8.4317,151,9.0800,74,1.0000,1.000000,false,1.025,0.959780,0.452255
Medium,40,40,60487,1600,684,0.427500,434,63.4503,49,7.1637,175,10.3400,171,0.9375,1.000000,false,1.084,1.032596,0.464512
Medium,40,40,60488,1600,529,0.330625,332,62.7599,53,10.0189,158,13.5000,293,0.8750,1.000000,false,1.044,0.860147,0.483752
Medium,40,40,60489,1600,679,0.424375,428,63.0339,50,7.3638,148,10.1600,152,1.0000,0.974359,false,1.069,1.034284,0.464450
Medium,40,40,60490,1600,691,0.431875,435,62.9522,54,7.8148,162,9.8364,123,1.0000,1.000000,false,1.149,1.049915,0.469187
Medium,40,40,60491,1600,628,0.392500,403,64.1720,60,9.5541,159,9.5500,190,0.9375,1.000000,false,1.050,0.978709,0.472979
Medium,40,40,60492,1600,709,0.443125,463,65.3032,59,8.3216,161,10.0847,126,1.0000,1.000000,false,1.083,1.079260,0.479183
Medium,40,40,60493,1600,683,0.426875,432,63.2504,46,6.7350,148,10.7660,151,1.0000,1.000000,false,1.047,1.043169,0.462700
Medium,40,40,60494,1600,686,0.428750,435,63.4111,52,7.5802,143,9.7692,78,1.0000,1.000000,false,1.056,1.046949,0.465484
Medium,40,40,60495,1600,672,0.420000,435,64.7321,55,8.1845,161,10.1091,265,0.8750,1.000000,false,1.112,1.013644,0.471027
Medium,40,40,60496,1600,460,0.287500,308,66.9565,37,8.0435,173,15.5526,395,0.8125,1.000000,false,1.908,0.790715,0.463889
Medium,40,40,60497,1600,699,0.436875,471,67.3820,58,8.2976,169,9.1525,116,1.0000,1.000000,false,1.126,1.078661,0.471242
Medium,40,40,60498,1600,617,0.385625,394,63.8574,46,7.4554,145,13.3191,111,0.9375,1.000000,false,1.044,0.966184,0.473486
Medium,40,40,60499,1600,519,0.324375,329,63.3911,42,8.0925,168,15.5714,135,1.0000,1.000000,false,1.441,0.877215,0.475559
Large,60,60,60000,3600,1095,0.304167,704,64.2922,96,8.7671,343,10.4592,310,0.9375,1.000000,false,2.251,0.888130,0.422501
Large,60,60,60001,3600,1611,0.447500,1065,66.1080,143,8.8765,322,6.2740,139,1.0000,1.000000,false,2.707,1.169603,0.449156
Large,60,60,60002,3600,1099,0.305278,696,63.3303,78,7.0974,298,12.8734,220,1.0000,1.000000,false,2.154,0.899209,0.416196
Large,60,60,60003,3600,1478,0.410556,897,60.6901,120,8.1191,346,9.7355,347,1.0000,1.000000,false,2.782,1.075940,0.444922
Large,60,60,60004,3600,986,0.273889,621,62.9817,74,7.5051,358,18.9733,314,1.0000,1.000000,false,2.272,0.841623,0.436273
Large,60,60,60005,3600,907,0.251944,592,65.2701,80,8.8203,352,19.3659,510,0.8750,1.000000,false,2.552,0.783972,0.444477
Large,60,60,60006,3600,1133,0.314722,721,63.6364,102,9.0026,376,14.3431,428,1.0000,1.000000,false,2.228,0.917326,0.444206
Large,60,60,60007,3600,1137,0.315833,740,65.0836,76,6.6843,352,17.4359,465,0.9375,1.000000,false,2.225,0.912172,0.434242
Large,60,60,60008,3600,1525,0.423611,982,64.3934,129,8.4590,382,9.1374,294,1.0000,1.000000,false,2.291,1.117361,0.449746
Large,60,60,60009,3600,1316,0.365556,843,64.0578,113,8.5866,303,8.3070,341,0.9375,1.000000,false,2.239,0.998260,0.430146
Large,60,60,60010,3600,1471,0.408611,912,61.9986,112,7.6139,358,10.9464,208,1.0000,1.000000,false,2.642,1.078751,0.444332
Large,60,60,60011,3600,1310,0.363889,842,64.2748,107,8.1679,359,12.6422,366,0.9375,1.000000,false,2.333,0.996171,0.443522
Large,60,60,60012,3600,1433,0.398056,949,66.2247,111,7.7460,378,10.0088,308,0.9375,1.000000,false,2.735,1.067087,0.438580
Large,60,60,60013,3600,1018,0.282778,648,63.6542,82,8.0550,353,16.9024,321,0.8750,1.000000,false,2.224,0.834801,0.435810
Large,60,60,60014,3600,1558,0.432778,1023,65.6611,120,7.7022,367,8.7521,246,0.9375,1.000000,false,2.746,1.127878,0.443322
Large,60,60,60015,3600,1303,0.361944,843,64.6969,105,8.0583,368,12.0660,289,0.8125,1.000000,false,2.440,0.969437,0.439442
Large,60,60,60016,3600,1245,0.345833,805,64.6586,110,8.8353,356,13.4909,362,0.9375,1.000000,false,2.302,0.965040,0.448316
Large,60,60,60017,3600,1523,0.423056,1003,65.8569,121,7.9448,361,8.3361,323,1.0000,1.000000,false,2.627,1.123591,0.441099
Large,60,60,60018,3600,1819,0.505278,1173,64.4860,149,8.1913,350,6.4605,214,1.0000,1.000000,false,2.436,1.250000,0.460415
Large,60,60,60019,3600,1096,0.304444,728,66.4234,90,8.2117,356,15.5326,440,1.0000,1.000000,false,2.530,0.908717,0.438169
Large,60,60,60020,3600,1215,0.337500,754,62.0576,82,6.7490,365,15.0244,710,0.9375,1.000000,false,2.331,0.939658,0.431341
Large,60,60,60021,3600,1108,0.307778,690,62.2744,85,7.6715,373,14.1647,393,0.9375,1.000000,false,2.631,0.887408,0.428068
Large,60,60,60022,3600,1445,0.401389,916,63.3910,95,6.5744,340,11.4316,316,1.0000,1.000000,false,2.353,1.072403,0.433792
Large,60,60,60023,3600,1073,0.298056,699,65.1445,80,7.4557,377,17.8375,281,1.0000,1.000000,false,2.257,0.892536,0.438297
Large,60,60,60024,3600,1184,0.328889,768,64.8649,99,8.3615,354,13.8800,369,1.0000,1.000000,false,2.602,0.947586,0.440115
Large,60,60,60025,3600,980,0.272222,609,62.1429,68,6.9388,351,20.9130,512,0.8750,1.000000,false,2.111,0.810963,0.438192
Large,60,60,60026,3600,1365,0.379167,849,62.1978,111,8.1319,378,10.4000,324,0.9375,1.000000,false,2.655,1.014620,0.438402
Large,60,60,60027,3600,1497,0.415833,972,64.9299,121,8.0828,351,10.2419,242,1.0000,1.000000,false,2.323,1.105879,0.448253
Large,60,60,60028,3600,1543,0.428611,1012,65.5865,112,7.2586,355,10.4732,193,0.9375,1.000000,false,2.621,1.119895,0.444808
Large,60,60,60029,3600,1267,0.351944,794,62.6677,110,8.6819,303,8.9550,155,1.0000,1.000000,false,2.210,0.980439,0.429715
Large,60,60,60030,3600,1211,0.336389,762,62.9232,84,6.9364,349,13.7381,252,0.9375,1.000000,false,2.444,0.941079,0.427523
Large,60,60,60031,3600,1439,0.399722,936,65.0452,118,8.2001,365,11.3250,386,0.9375,1.000000,false,2.259,1.064631,0.449106
Large,60,60,60032,3600,1532,0.425556,993,64.8172,106,6.9191,360,11.3302,144,1.0000,1.000000,false,2.285,1.122991,0.444066
Large,60,60,60033,3600,1426,0.396111,912,63.9551,96,6.7321,359,11.6146,199,1.0000,1.000000,false,2.748,1.065516,0.434549
Large,60,60,60034,3600,1088,0.302222,714,65.6250,84,7.7206,354,15.8837,462,0.8125,1.000000,false,4.340,0.864318,0.434055
Large,60,60,60035,3600,1399,0.388611,902,64.4746,116,8.2916,347,11.3793,287,0.9375,1.000000,false,2.256,1.041828,0.446913
Large,60,60,60036,3600,1081,0.300278,701,64.8474,62,5.7354,354,19.0000,366,1.0000,1.000000,false,2.549,0.895539,0.426604
Large,60,60,60037,3600,974,0.270556,600,61.6016,83,8.5216,305,12.4699,159,0.9375,1.000000,false,2.064,0.818776,0.418340
Large,60,60,60038,3600,1299,0.360833,838,64.5112,93,7.1594,362,14.2473,222,1.0000,1.000000,false,2.785,1.004137,0.439207
Large,60,60,60039,3600,1308,0.363333,860,65.7492,95,7.2630,368,11.6354,407,1.0000,1.000000,false,2.463,1.013927,0.430111
Large,60,60,60040,3600,1402,0.389444,889,63.4094,112,7.9886,360,10.8070,343,1.0000,1.000000,false,2.673,1.050989,0.441748
Large,60,60,60041,3600,1112,0.308889,742,66.7266,83,7.4640,365,14.9639,413,0.8750,1.000000,false,2.161,0.892968,0.429656
Large,60,60,60042,3600,1167,0.324167,739,63.3248,86,7.3693,366,14.4659,455,0.8750,1.000000,false,2.295,0.908170,0.431218
Large,60,60,60043,3600,1311,0.364167,815,62.1663,109,8.3143,345,9.5182,455,0.8750,0.983051,false,2.553,0.972656,0.432052
Large,60,60,60044,3600,1216,0.337778,801,65.8717,115,9.4572,350,10.9914,548,0.8750,1.000000,false,2.282,0.942712,0.441703
Large,60,60,60045,3600,1467,0.407500,981,66.8712,106,7.2256,350,11.5472,304,1.0000,1.000000,false,2.717,1.099977,0.442620
Large,60,60,60046,3600,1543,0.428611,965,62.5405,121,7.8419,355,9.3902,382,1.0000,1.000000,false,2.442,1.117135,0.446128
Large,60,60,60047,3600,917,0.254722,591,64.4493,76,8.2879,317,12.4474,302,0.8750,1.000000,false,2.646,0.786589,0.411160
Large,60,60,60048,3600,1412,0.392222,918,65.0142,127,8.9943,360,9.8915,152,0.9375,1.000000,false,4.662,1.050846,0.448824
Large,60,60,60049,3600,1456,0.404444,941,64.6291,111,7.6236,385,10.3130,317,0.9375,1.000000,false,2.433,1.071255,0.440541
Large,60,60,60050,3600,1709,0.474722,1099,64.3066,129,7.5483,360,7.9154,176,1.0000,1.000000,false,2.809,1.209465,0.450880
Large,60,60,60051,3600,1258,0.349444,821,65.2623,92,7.3132,359,11.3226,271,0.8750,1.000000,false,4.608,0.961558,0.425143
Large,60,60,60052,3600,1203,0.334167,784,65.1704,106,8.8113,379,8.8991,272,1.0000,1.000000,false,4.474,0.958369,0.425443
Large,60,60,60053,3600,1508,0.418889,995,65.9814,129,8.5544,359,7.6279,220,0.9375,1.000000,false,2.403,1.104081,0.442993
Large,60,60,60054,3600,1388,0.385556,903,65.0576,107,7.7089,332,9.6789,224,1.0000,1.000000,false,2.663,1.051417,0.433085
Large,60,60,60055,3600,1308,0.363333,857,65.5199,99,7.5688,359,11.2178,280,0.9375,1.000000,false,2.301,1.000453,0.431429
Large,60,60,60056,3600,1179,0.327500,753,63.8677,98,8.3121,350,10.5918,356,0.9375,1.000000,false,2.595,0.928745,0.425504
Large,60,60,60057,3600,1318,0.366111,855,64.8710,93,7.0561,353,14.7340,293,1.0000,1.000000,false,2.253,1.015244,0.441787
Large,60,60,60058,3600,1039,0.288611,638,61.4052,62,5.9673,341,19.6935,482,0.8750,1.000000,false,2.220,0.837731,0.428313
Large,60,60,60059,3600,1852,0.514444,1188,64.1469,164,8.8553,356,6.2048,144,1.0000,1.000000,false,2.818,1.250000,0.468740
Large,60,60,60060,3600,1291,0.358611,845,65.4531,100,7.7459,373,11.0392,351,0.8125,1.000000,false,2.381,0.966557,0.431039
Large,60,60,60061,3600,1328,0.368889,843,63.4789,121,9.1114,372,11.9839,542,1.0000,1.000000,false,2.713,1.014290,0.451714
Large,60,60,60062,3600,1398,0.388333,899,64.3062,110,7.8684,298,8.0893,182,1.0000,1.000000,false,2.219,1.053060,0.428889
Large,60,60,60063,3600,1476,0.410000,952,64.4986,118,7.9946,356,9.2373,308,1.0000,1.000000,false,2.638,1.093209,0.441435
Large,60,60,60064,3600,1098,0.305000,677,61.6576,67,6.1020,353,19.9254,343,1.0000,1.000000,false,2.063,0.892746,0.435542
Large,60,60,60065,3600,1311,0.364167,831,63.3867,102,7.7803,354,12.1346,314,0.9375,1.000000,false,2.294,0.992893,0.437614
Large,60,60,60066,3600,1256,0.348889,814,64.8089,83,6.6083,356,15.7209,236,1.0000,1.000000,false,2.393,0.983697,0.436253
Large,60,60,60067,3600,1148,0.318889,751,65.4181,90,7.8397,349,11.8280,190,1.0000,1.000000,false,2.274,0.931478,0.423347
Large,60,60,60068,3600,1419,0.394167,920,64.8344,112,7.8929,363,11.4825,172,1.0000,1.000000,false,2.712,1.066054,0.445022
Large,60,60,60069,3600,1697,0.471389,1093,64.4078,125,7.3659,349,8.2857,102,1.0000,1.000000,false,2.445,1.203988,0.449600
Large,60,60,60070,3600,1287,0.357500,811,63.0148,96,7.4592,349,10.4792,371,0.8750,1.000000,false,2.680,0.966841,0.425505
Large,60,60,60071,3600,1600,0.444444,1032,64.5000,131,8.1875,383,7.9030,433,1.0000,1.000000,false,2.395,1.155653,0.448137
Large,60,60,60072,3600,1421,0.394722,882,62.0690,110,7.7410,347,10.7568,265,0.9375,1.000000,false,2.731,1.041805,0.440647
Large,60,60,60073,3600,1389,0.385833,874,62.9230,106,7.6314,363,10.7407,402,1.0000,1.000000,false,2.259,1.042296,0.436817
Large,60,60,60074,3600,1607,0.446389,1045,65.0280,123,7.6540,357,9.1707,175,1.0000,1.000000,false,2.287,1.161933,0.448668
Large,60,60,60075,3600,940,0.261111,605,64.3617,85,9.0426,306,11.7701,449,0.8125,1.000000,false,2.533,0.785399,0.417801
Large,60,60,60076,3600,1422,0.395000,909,63.9241,112,7.8762,385,9.8696,428,0.9375,1.000000,false,2.383,1.050865,0.438385
Large,60,60,60077,3600,1187,0.329722,783,65.9646,89,7.4979,324,14.4382,327,1.0000,1.000000,false,2.615,0.953338,0.434055
Large,60,60,60078,3600,1283,0.356389,807,62.8995,92,7.1707,356,10.6915,250,1.0000,1.000000,false,4.464,0.989366,0.423171
Large,60,60,60079,3600,1463,0.406389,952,65.0718,131,8.9542,364,9.4328,215,1.0000,1.000000,false,2.373,1.089385,0.450762
Large,60,60,60080,3600,1250,0.347222,809,64.7200,107,8.5600,373,10.3486,517,0.9375,0.762712,false,2.805,0.932216,0.432886
Large,60,60,60081,3600,1782,0.495000,1147,64.3659,140,7.8563,361,7.8571,105,1.0000,1.000000,false,2.538,1.246520,0.459802
Large,60,60,60082,3600,1139,0.316389,771,67.6910,81,7.1115,385,16.8889,430,0.9375,1.000000,false,4.454,0.922825,0.436402
Large,60,60,60083,3600,1545,0.429167,982,63.5599,115,7.4434,368,9.1897,160,1.0000,1.000000,false,2.757,1.123243,0.441474
Large,60,60,60084,3600,985,0.273611,627,63.6548,70,7.1066,348,19.1268,422,0.9375,1.000000,false,2.213,0.830777,0.432844
Large,60,60,60085,3600,1395,0.387500,896,64.2294,115,8.2437,355,9.9915,233,1.0000,1.000000,false,2.857,1.051203,0.440319
Large,60,60,60086,3600,998,0.277222,611,61.2224,57,5.7114,341,22.9825,589,1.0000,1.000000,false,2.301,0.841906,0.436041
Large,60,60,60087,3600,1216,0.337778,780,64.1447,102,8.3882,361,15.2843,499,1.0000,1.000000,false,4.072,0.960894,0.448900
Large,60,60,60088,3600,1335,0.370833,852,63.8202,103,7.7154,347,11.6699,237,1.0000,1.000000,false,2.730,1.019270,0.437028
Large,60,60,60089,3600,1339,0.371944,853,63.7043,100,7.4683,365,11.2427,243,1.0000,1.000000,false,2.380,1.020772,0.433111
Large,60,60,60090,3600,1384,0.384444,869,62.7890,102,7.3699,330,12.5631,298,0.9375,1.000000,false,2.400,1.026702,0.441379
Large,60,60,60091,3600,1271,0.353056,811,63.8080,93,7.3171,357,15.4624,220,1.0000,1.000000,false,2.761,0.987135,0.443514
Large,60,60,60092,3600,1000,0.277778,617,61.7000,75,7.5000,337,13.6974,246,0.9375,1.000000,false,2.195,0.831942,0.415406
Large,60,60,60093,3600,1244,0.345556,804,64.6302,98,7.8778,356,14.2600,358,1.0000,1.000000,false,2.620,0.976921,0.441861
Large,60,60,60094,3600,1318,0.366111,803,60.9256,103,7.8149,362,13.2404,346,0.8750,1.000000,false,2.360,0.973361,0.443150
Large,60,60,60095,3600,1129,0.313611,717,63.5075,64,5.6687,338,18.7077,574,0.9375,1.000000,false,2.625,0.902351,0.428719
Large,60,60,60096,3600,1186,0.329444,759,63.9966,95,8.0101,352,14.5313,390,1.0000,1.000000,false,2.382,0.945252,0.439481
Large,60,60,60097,3600,1248,0.346667,776,62.1795,100,8.0128,364,12.7596,360,1.0000,1.000000,false,2.318,0.969007,0.437293
Large,60,60,60098,3600,1244,0.345556,795,63.9068,99,7.9582,349,9.9394,200,1.0000,1.000000,false,2.728,0.973999,0.424663
Large,60,60,60099,3600,1447,0.401944,937,64.7547,105,7.2564,336,10.1509,203,1.0000,1.000000,false,2.347,1.079809,0.435443
Large,60,60,60100,3600,1090,0.302778,701,64.3119,85,7.7982,349,14.2235,703,0.8125,0.966102,false,2.530,0.855601,0.428080
Large,60,60,60101,3600,1298,0.360556,828,63.7904,92,7.0878,346,14.0109,461,0.9375,1.000000,false,2.325,0.988096,0.437424
Large,60,60,60102,3600,1197,0.332500,773,64.5781,90,7.5188,356,15.4348,411,0.9375,1.000000,false,2.491,0.940533,0.439250
Large,60,60,60103,3600,1567,0.435278,1024,65.3478,116,7.4027,356,9.8250,150,1.0000,1.000000,false,2.363,1.143350,0.445548
Large,60,60,60104,3600,1537,0.426944,987,64.2160,128,8.3279,391,9.0775,226,0.9375,1.000000,false,2.638,1.110013,0.449185
Large,60,60,60105,3600,1128,0.313333,727,64.4504,75,6.6489,346,16.7532,435,1.0000,1.000000,false,2.150,0.917804,0.430295
Large,60,60,60106,3600,1110,0.308333,708,63.7838,83,7.4775,359,17.1310,367,0.9375,1.000000,false,2.308,0.893841,0.438654
Large,60,60,60107,3600,1105,0.306944,702,63.5294,93,8.4163,376,15.9032,461,0.9375,1.000000,false,2.762,0.890422,0.442510
Large,60,60,60108,3600,988,0.274444,611,61.8421,76,7.6923,359,18.6447,331,0.9375,1.000000,false,2.221,0.826465,0.436943
Large,60,60,60109,3600,1399,0.388611,897,64.1172,114,8.1487,360,10.8333,194,1.0000,1.000000,false,2.813,1.052704,0.443209
Large,60,60,60110,3600,1211,0.336389,785,64.8225,82,6.7713,368,15.8659,375,1.0000,1.000000,false,2.315,0.961047,0.434737
Large,60,60,60111,3600,966,0.268333,594,61.4907,80,8.2816,336,15.5904,455,0.8750,1.000000,false,6.516,0.801975,0.428276
Large,60,60,60112,3600,1627,0.451944,1053,64.7203,130,7.9902,375,9.4615,223,1.0000,1.000000,false,2.400,1.170413,0.454908
Large,60,60,60113,3600,933,0.259167,609,65.2733,74,7.9314,360,16.8800,412,0.8125,1.000000,false,2.614,0.784639,0.427397
Large,60,60,60114,3600,1555,0.431944,1003,64.5016,125,8.0386,381,8.8400,119,1.0000,1.000000,false,2.452,1.133002,0.446803
Large,60,60,60115,3600,1331,0.369722,847,63.6364,112,8.4147,328,8.7699,145,1.0000,1.000000,false,2.621,1.016471,0.431605
Large,60,60,60116,3600,1266,0.351667,806,63.6651,77,6.0821,360,12.5063,330,0.9375,1.000000,false,2.317,0.971541,0.418431
Large,60,60,60117,3600,1520,0.422222,972,63.9474,116,7.6316,348,10.1538,245,1.0000,1.000000,false,2.704,1.112643,0.445290
Large,60,60,60118,3600,1294,0.359444,829,64.0649,106,8.1917,374,11.6168,286,0.9375,1.000000,false,2.306,0.987244,0.438153
Large,60,60,60119,3600,1676,0.465556,1050,62.6492,126,7.5179,356,9.0781,237,0.9375,1.000000,false,2.362,1.171350,0.452671
Large,60,60,60120,3600,1055,0.293056,670,63.5071,87,8.2464,365,17.7416,398,0.9375,1.000000,false,2.502,0.865327,0.444304
Large,60,60,60121,3600,1542,0.428333,992,64.3320,121,7.8470,366,8.8770,202,1.0000,1.000000,false,2.398,1.125607,0.443957
Large,60,60,60122,3600,1120,0.311111,689,61.5179,80,7.1429,360,19.3210,463,1.0000,1.000000,false,2.598,0.903113,0.445266
Large,60,60,60123,3600,1047,0.290833,677,64.6609,96,9.1691,363,15.7526,518,0.8125,1.000000,false,2.212,0.840246,0.444576
Large,60,60,60124,3600,1096,0.304444,681,62.1350,76,6.9343,335,15.0897,280,0.8750,1.000000,false,2.774,0.868457,0.423550
Large,60,60,60125,3600,1222,0.339444,771,63.0933,101,8.2651,346,10.3168,251,1.0000,1.000000,false,2.213,0.959736,0.427472
Large,60,60,60126,3600,1522,0.422778,981,64.4547,126,8.2786,375,9.8492,190,1.0000,1.000000,false,2.366,1.116154,0.450658
Large,60,60,60127,3600,1347,0.374167,881,65.4046,97,7.2012,365,10.2424,199,0.9375,1.000000,false,2.572,1.019715,0.426939
Large,60,60,60128,3600,1333,0.370278,856,64.2161,117,8.7772,368,9.2542,600,1.0000,1.000000,false,2.037,1.019981,0.437415
Large,60,60,60129,3600,1104,0.306667,721,65.3080,85,7.6993,371,17.0116,329,0.8750,1.000000,false,2.496,0.883797,0.439875
Large,60,60,60130,3600,1076,0.298889,638,59.2937,98,9.1078,351,15.6531,690,0.8125,1.000000,false,2.253,0.836113,0.445966
Large,60,60,60131,3600,1559,0.433056,999,64.0795,96,6.1578,331,11.7083,126,1.0000,1.000000,false,2.722,1.132880,0.440279
Large,60,60,60132,3600,1450,0.402778,944,65.1034,118,8.1379,373,10.4492,192,1.0000,1.000000,false,2.391,1.082964,0.445751
Large,60,60,60133,3600,1187,0.329722,737,62.0893,87,7.3294,358,11.7222,526,0.9375,1.000000,false,2.671,0.925903,0.421053
Large,60,60,60134,3600,1720,0.477778,1116,64.8837,127,7.3837,358,7.9531,121,1.0000,1.000000,false,2.414,1.218220,0.450309
Large,60,60,60135,3600,1734,0.481667,1150,66.3206,142,8.1892,368,7.2254,218,1.0000,1.000000,false,2.507,1.233377,0.456497
Large,60,60,60136,3600,1118,0.310556,681,60.9123,77,6.8873,346,14.6494,261,1.0000,1.000000,false,2.719,0.899927,0.423079
Large,60,60,60137,3600,1223,0.339722,793,64.8406,94,7.6860,357,11.6122,347,0.8750,1.000000,false,2.309,0.942173,0.427161
Large,60,60,60138,3600,1476,0.410000,925,62.6694,117,7.9268,345,10.2991,255,1.0000,1.000000,false,2.819,1.084442,0.445181
Large,60,60,60139,3600,1353,0.375833,866,64.0059,91,6.7258,350,13.9570,311,0.9375,1.000000,false,2.417,1.016610,0.438162
Large,60,60,60140,3600,1326,0.368333,832,62.7451,92,6.9382,346,14.2500,355,1.0000,1.000000,false,2.772,1.010130,0.439257
Large,60,60,60141,3600,1593,0.442500,999,62.7119,147,9.2279,383,8.2245,277,1.0000,1.000000,false,2.499,1.142880,0.459297
Large,60,60,60142,3600,1326,0.368333,860,64.8567,103,7.7677,382,10.7524,324,1.0000,1.000000,false,4.052,1.019221,0.432979
Large,60,60,60143,3600,1250,0.347222,764,61.1200,92,7.3600,326,12.5591,370,0.8750,1.000000,false,2.578,0.940699,0.430096
Large,60,60,60144,3600,1662,0.461667,1047,62.9964,124,7.4609,384,7.6800,167,1.0000,1.000000,false,2.539,1.178759,0.445109
Large,60,60,60145,3600,1688,0.468889,1093,64.7512,137,8.1161,364,7.4357,198,1.0000,1.000000,false,2.507,1.201341,0.452810
Large,60,60,60146,3600,1298,0.360556,841,64.7920,99,7.6271,351,9.7379,209,0.9375,1.000000,false,2.753,0.992317,0.425012
Large,60,60,60147,3600,1352,0.375556,868,64.2012,106,7.8402,322,9.3551,143,1.0000,1.000000,false,2.309,1.029465,0.430049
Large,60,60,60148,3600,1297,0.360278,837,64.5335,103,7.9414,328,9.9048,217,1.0000,1.000000,false,2.780,1.003224,0.428767
Large,60,60,60149,3600,1496,0.415556,970,64.8396,101,6.7513,377,10.3366,229,1.0000,1.000000,false,2.388,1.104935,0.435249
Large,60,60,60150,3600,1382,0.383889,865,62.5904,89,6.4399,342,13.7191,229,1.0000,1.000000,false,2.771,1.037315,0.436729
Large,60,60,60151,3600,1371,0.380833,859,62.6550,103,7.5128,374,9.4712,317,1.0000,1.000000,false,2.289,1.032131,0.428841
Large,60,60,60152,3600,1464,0.406667,949,64.8224,100,6.8306,367,10.9709,164,1.0000,1.000000,false,2.373,1.088705,0.436018
Large,60,60,60153,3600,1016,0.282222,641,63.0906,62,6.1024,374,21.3492,301,0.8125,1.000000,false,2.653,0.819440,0.434645
Large,60,60,60154,3600,1391,0.386389,892,64.1265,99,7.1172,355,12.2323,315,0.9375,1.000000,false,2.429,1.036228,0.438056
Large,60,60,60155,3600,1323,0.367500,825,62.3583,105,7.9365,349,10.9245,249,0.9375,1.000000,false,2.908,0.994475,0.435134
Large,60,60,60156,3600,924,0.256667,607,65.6926,79,8.5498,380,16.4125,532,0.9375,1.000000,false,2.222,0.806343,0.430883
Large,60,60,60157,3600,1422,0.395000,900,63.2911,99,6.9620,365,11.1414,228,1.0000,1.000000,false,2.896,1.060443,0.434543
Large,60,60,60158,3600,1269,0.352500,820,64.6178,92,7.2498,361,13.4348,337,0.9375,1.000000,false,3.661,0.976969,0.434226
Large,60,60,60159,3600,1262,0.350556,806,63.8669,106,8.3994,356,13.6415,494,1.0000,1.000000,false,3.968,0.982865,0.446000
Large,60,60,60160,3600,1259,0.349722,823,65.3693,86,6.8308,357,12.8621,579,1.0000,1.000000,false,3.538,0.987502,0.426817
Large,60,60,60161,3600,1177,0.326944,750,63.7213,81,6.8819,376,13.2927,406,0.8750,1.000000,false,3.422,0.914683,0.422289
Large,60,60,60162,3600,1235,0.343056,788,63.8057,113,9.1498,378,9.7080,679,0.7500,0.932203,false,3.890,0.908910,0.434864
Large,60,60,60163,3600,1453,0.403611,931,64.0743,120,8.2588,366,10.6198,310,1.0000,1.000000,false,3.601,1.079626,0.447920
Large,60,60,60164,3600,1350,0.375000,887,65.7037,132,9.7778,354,9.4104,342,0.8750,1.000000,false,4.084,1.010046,0.449488
Large,60,60,60165,3600,1541,0.428056,971,63.0110,124,8.0467,349,9.1855,163,1.0000,1.000000,false,3.613,1.118495,0.447157
Large,60,60,60166,3600,1208,0.335556,789,65.3146,87,7.2020,348,13.5667,520,1.0000,1.000000,false,4.055,0.961463,0.429214
Large,60,60,60167,3600,1504,0.417778,978,65.0266,131,8.7101,353,9.7761,400,1.0000,1.000000,false,2.738,1.109885,0.453168
Large,60,60,60168,3600,1180,0.327778,763,64.6610,111,9.4068,362,12.0609,475,1.0000,1.000000,false,2.345,0.944786,0.442655
Large,60,60,60169,3600,1468,0.407778,963,65.5995,108,7.3569,357,10.5093,320,1.0000,1.000000,false,2.919,1.094427,0.439691
Large,60,60,60170,3600,1440,0.400000,936,65.0000,112,7.7778,364,10.6903,381,0.9375,1.000000,false,2.538,1.064926,0.442321
Large,60,60,60171,3600,1762,0.489444,1131,64.1884,141,8.0023,356,6.9091,225,0.9375,1.000000,false,3.126,1.222943,0.455644
Large,60,60,60172,3600,1130,0.313889,719,63.6283,92,8.1416,358,15.3587,603,0.9375,1.000000,false,2.281,0.903294,0.439577
Large,60,60,60173,3600,1419,0.394167,911,64.2001,97,6.8358,337,9.7010,262,0.9375,1.000000,false,2.870,1.050632,0.427029
Large,60,60,60174,3600,1247,0.346389,794,63.6728,103,8.2598,345,12.2170,381,0.9375,1.000000,false,2.287,0.962057,0.437419
Large,60,60,60175,3600,1493,0.414722,945,63.2954,121,8.1045,346,11.1736,312,1.0000,1.000000,false,2.392,1.095936,0.452018
Large,60,60,60176,3600,1156,0.321111,762,65.9170,81,7.0069,336,11.2439,335,0.9375,1.000000,false,2.733,0.924903,0.413252
Large,60,60,60177,3600,1677,0.465833,1087,64.8181,147,8.7657,349,5.9195,125,1.0000,1.000000,false,2.454,1.196157,0.452071
Large,60,60,60178,3600,1259,0.349722,782,62.1128,109,8.6577,365,11.6055,425,0.9375,1.000000,false,2.825,0.961690,0.439850
Large,60,60,60179,3600,1073,0.298056,692,64.4921,81,7.5489,357,15.7284,390,0.9375,1.000000,false,2.379,0.877764,0.430441
Large,60,60,60180,3600,1451,0.403056,943,64.9897,107,7.3742,340,11.0654,225,1.0000,1.000000,false,2.846,1.082934,0.440765
Large,60,60,60181,3600,1407,0.390833,900,63.9659,108,7.6759,353,8.6161,291,0.9375,1.000000,false,2.467,1.043531,0.429909
Large,60,60,60182,3600,1126,0.312778,698,61.9893,89,7.9041,363,16.6517,450,1.0000,1.000000,false,2.745,0.907800,0.442256
Large,60,60,60183,3600,1121,0.311389,696,62.0874,86,7.6717,372,12.8256,348,0.9375,1.000000,false,2.191,0.893180,0.423574
Large,60,60,60184,3600,1150,0.319444,739,64.2609,73,6.3478,323,17.8784,407,1.0000,1.000000,false,2.308,0.928170,0.433805
Large,60,60,60185,3600,1332,0.370000,870,65.3153,110,8.2583,369,10.6726,539,0.9375,1.000000,false,2.555,1.011732,0.438052
Large,60,60,60186,3600,1395,0.387500,885,63.4409,112,8.0287,355,10.6696,241,0.9375,1.000000,false,2.396,1.035132,0.440994
Large,60,60,60187,3600,1794,0.498333,1147,63.9353,136,7.5808,356,8.0719,207,1.0000,1.000000,false,3.030,1.247403,0.458941
Large,60,60,60188,3600,1279,0.355278,793,62.0016,99,7.7404,353,13.4040,253,1.0000,1.000000,false,2.352,0.983644,0.439838
Large,60,60,60189,3600,1172,0.325556,752,64.1638,90,7.6792,370,14.1778,323,0.9375,1.000000,false,3.092,0.926362,0.433533
Large,60,60,60190,3600,1494,0.415000,957,64.0562,114,7.6305,356,10.6638,311,1.0000,1.000000,false,2.475,1.100126,0.445238
Large,60,60,60191,3600,1501,0.416944,937,62.4250,136,9.0606,367,9.5000,263,1.0000,1.000000,false,2.472,1.095691,0.455273
Large,60,60,60192,3600,1153,0.320278,745,64.6141,73,6.3313,367,15.5000,436,1.0000,1.000000,false,2.777,0.931001,0.423980
Large,60,60,60193,3600,1414,0.392778,916,64.7808,109,7.7086,358,10.4196,400,0.9375,1.000000,false,2.442,1.050785,0.438335
Large,60,60,60194,3600,1199,0.333056,766,63.8866,109,9.0909,373,9.7027,534,1.0000,1.000000,false,2.697,0.951348,0.431254
Large,60,60,60195,3600,1273,0.353611,821,64.4933,92,7.2270,372,13.7895,301,1.0000,1.000000,false,2.317,0.990970,0.435810
Large,60,60,60196,3600,963,0.267500,603,62.6168,77,7.9958,360,19.0128,380,0.8750,1.000000,false,2.612,0.804015,0.439429
Large,60,60,60197,3600,1365,0.379167,856,62.7106,109,7.9853,360,11.6514,453,0.9375,1.000000,false,4.475,1.016893,0.442151
Large,60,60,60198,3600,1304,0.362222,826,63.3436,93,7.1319,362,11.6947,325,1.0000,1.000000,false,2.499,1.001711,0.428714
Large,60,60,60199,3600,1232,0.342222,773,62.7435,102,8.2792,361,13.9515,648,1.0000,1.000000,false,2.631,0.963327,0.443590
Large,60,60,60200,3600,1297,0.360278,822,63.3770,105,8.0956,375,10.5094,327,0.8750,1.000000,false,2.392,0.973354,0.432829
Large,60,60,60201,3600,1455,0.404167,951,65.3608,115,7.9038,371,9.1017,439,1.0000,1.000000,false,2.191,1.086707,0.438212
Large,60,60,60202,3600,1417,0.393611,903,63.7262,107,7.5512,342,11.3796,236,0.9375,1.000000,false,2.743,1.047447,0.441010
Large,60,60,60203,3600,1119,0.310833,744,66.4879,100,8.9366,364,14.3960,524,0.8125,1.000000,false,2.348,0.883176,0.442599
Large,60,60,60204,3600,1218,0.338333,777,63.7931,92,7.5534,322,11.1848,170,1.0000,1.000000,false,2.624,0.960508,0.423637
Large,60,60,60205,3600,1227,0.340833,805,65.6072,81,6.6015,363,15.4938,332,1.0000,1.000000,false,2.184,0.972246,0.432822
Large,60,60,60206,3600,1503,0.417500,951,63.2735,108,7.1856,371,9.3125,195,1.0000,1.000000,false,2.855,1.100825,0.435908
Large,60,60,60207,3600,1392,0.386667,888,63.7931,90,6.4655,369,12.3548,251,0.9375,1.000000,false,2.422,1.035223,0.432134
Large,60,60,60208,3600,1137,0.315833,714,62.7968,89,7.8276,351,16.5843,407,0.9375,1.000000,false,2.611,0.903730,0.442127
Large,60,60,60209,3600,1492,0.414444,970,65.0134,117,7.8418,354,9.8390,362,1.0000,1.000000,false,2.347,1.103759,0.443747
Large,60,60,60210,3600,1325,0.368056,859,64.8302,100,7.5472,356,10.2000,174,1.0000,1.000000,false,2.269,1.018602,0.428388
Large,60,60,60211,3600,1296,0.360000,833,64.2747,110,8.4877,369,11.1261,562,0.8125,1.000000,false,2.656,0.964131,0.439235
Large,60,60,60212,3600,1166,0.323889,747,64.0652,69,5.9177,355,15.0141,452,0.8125,0.830508,false,2.228,0.872550,0.418902
Large,60,60,60213,3600,1357,0.376944,883,65.0700,101,7.4429,355,10.5446,338,0.9375,0.966102,false,2.691,1.018221,0.431448
Large,60,60,60214,3600,1383,0.384167,892,64.4975,97,7.0137,369,11.6598,378,1.0000,1.000000,false,4.540,1.046375,0.433970
Large,60,60,60215,3600,1289,0.358056,859,66.6408,113,8.7665,381,10.9912,271,0.9375,1.000000,false,2.210,0.995514,0.440878
Large,60,60,60216,3600,1548,0.430000,1001,64.6641,135,8.7209,350,9.7338,276,1.0000,1.000000,false,2.673,1.130294,0.456767
Large,60,60,60217,3600,1377,0.382500,893,64.8511,115,8.3515,378,11.7583,304,1.0000,1.000000,false,2.370,1.044935,0.447258
Large,60,60,60218,3600,1438,0.399444,932,64.8122,124,8.6231,316,6.9762,95,1.0000,1.000000,false,2.272,1.075539,0.435132
Large,60,60,60219,3600,1514,0.420556,978,64.5971,110,7.2655,357,10.0360,263,1.0000,1.000000,false,2.740,1.112827,0.440639
Large,60,60,60220,3600,1339,0.371944,817,61.0157,82,6.1240,355,14.5904,237,1.0000,1.000000,false,2.275,1.009083,0.433616
Large,60,60,60221,3600,1370,0.380556,851,62.1168,92,6.7153,338,13.5806,287,1.0000,1.000000,false,2.603,1.029240,0.437906
Large,60,60,60222,3600,1452,0.403333,948,65.2893,129,8.8843,377,9.8485,351,1.0000,1.000000,false,2.279,1.084851,0.450878
Large,60,60,60223,3600,1483,0.411944,944,63.6548,101,6.8105,362,12.0891,190,1.0000,1.000000,false,2.601,1.092670,0.442060
Large,60,60,60224,3600,1236,0.343333,800,64.7249,105,8.4951,347,13.6190,474,0.9375,1.000000,false,2.227,0.960770,0.444697
Large,60,60,60225,3600,1454,0.403889,945,64.9931,117,8.0468,363,10.7179,173,1.0000,1.000000,false,2.347,1.084465,0.446292
Large,60,60,60226,3600,1679,0.466389,1088,64.8005,137,8.1596,350,7.4357,155,1.0000,1.000000,false,2.746,1.197070,0.452495
Large,60,60,60227,3600,1397,0.388056,917,65.6407,118,8.4467,365,9.0678,182,1.0000,1.000000,false,2.301,1.058610,0.438666
Large,60,60,60228,3600,1146,0.318333,729,63.6126,101,8.8133,353,13.5784,542,0.8125,0.949153,false,2.577,0.878620,0.440209
Large,60,60,60229,3600,1140,0.316667,720,63.1579,95,8.3333,361,15.6000,434,0.9375,1.000000,false,2.136,0.906560,0.443333
Large,60,60,60230,3600,1193,0.331389,750,62.8667,90,7.5440,351,15.3956,310,0.8125,1.000000,false,2.503,0.906889,0.439005
Large,60,60,60231,3600,1110,0.308333,690,62.1622,92,8.2883,362,13.9892,302,0.9375,1.000000,false,2.190,0.887997,0.433671
Large,60,60,60232,3600,1624,0.451111,1049,64.5936,127,7.8202,366,8.8692,193,1.0000,1.000000,false,2.814,1.168231,0.450490
Large,60,60,60233,3600,1395,0.387500,865,62.0072,125,8.9606,369,10.5556,399,0.9375,1.000000,false,2.324,1.028638,0.449837
Large,60,60,60234,3600,1563,0.434167,1011,64.6833,128,8.1894,365,8.2692,247,1.0000,1.000000,false,6.282,1.137953,0.446599
Large,60,60,60235,3600,1656,0.460000,1066,64.3720,141,8.5145,346,8.7042,253,1.0000,1.000000,false,2.557,1.183163,0.459413
Large,60,60,60236,3600,1356,0.376667,830,61.2094,98,7.2271,369,12.0202,243,1.0000,1.000000,false,2.957,1.018304,0.435356
Large,60,60,60237,3600,912,0.253333,609,66.7763,59,6.4693,359,24.4000,408,0.8750,1.000000,false,2.039,0.790963,0.442360
Large,60,60,60238,3600,1205,0.334722,786,65.2282,122,10.1245,351,12.5081,716,0.9375,1.000000,false,2.056,0.947107,0.453778
Large,60,60,60239,3600,1509,0.419167,987,65.4076,101,6.6932,339,12.2178,136,1.0000,1.000000,false,2.730,1.114278,0.443589
Large,60,60,60240,3600,1182,0.328333,765,64.7208,80,6.7682,306,12.0864,244,0.9375,1.000000,false,2.153,0.933524,0.416542
Large,60,60,60241,3600,1171,0.325278,764,65.2434,92,7.8565,363,13.2935,566,0.8750,1.000000,false,2.581,0.917464,0.431538
Large,60,60,60242,3600,1548,0.430000,966,62.4031,121,7.8165,348,9.9426,271,1.0000,1.000000,false,2.379,1.118930,0.448593
Large,60,60,60243,3600,1910,0.530556,1211,63.4031,164,8.5864,359,6.3512,146,1.0000,1.000000,false,2.925,1.250000,0.471494
Large,60,60,60244,3600,1340,0.372222,866,64.6269,108,8.0597,376,11.0183,281,1.0000,1.000000,false,2.297,1.025286,0.438173
Large,60,60,60245,3600,1177,0.326944,737,62.6168,80,6.7969,369,15.3976,471,0.9375,1.000000,false,2.507,0.922962,0.430209
Large,60,60,60246,3600,1066,0.296111,674,63.2270,87,8.1614,322,14.7356,398,0.8750,1.000000,false,2.207,0.857361,0.431845
Large,60,60,60247,3600,1352,0.375556,875,64.7189,99,7.3225,378,10.3500,234,1.0000,1.000000,false,2.326,1.031738,0.429017
Large,60,60,60248,3600,1622,0.450556,1050,64.7349,137,8.4464,368,7.7591,291,1.0000,1.000000,false,2.731,1.167968,0.451960
Large,60,60,60249,3600,1418,0.393889,880,62.0592,99,6.9817,340,10.9100,220,0.9375,1.000000,false,2.323,1.040273,0.433442
Large,60,60,60250,3600,1544,0.428889,1022,66.1917,104,6.7358,358,9.7143,259,1.0000,1.000000,false,2.829,1.135936,0.436500
Large,60,60,60251,3600,1329,0.369167,854,64.2588,99,7.4492,375,11.5000,282,1.0000,1.000000,false,2.297,1.018155,0.433159
Large,60,60,60252,3600,1595,0.443056,1007,63.1348,129,8.0878,354,8.0229,182,1.0000,1.000000,false,2.795,1.146066,0.447223
Large,60,60,60253,3600,1161,0.322500,735,63.3075,98,8.4410,334,10.0500,222,1.0000,1.000000,false,2.288,0.930107,0.423035
Large,60,60,60254,3600,1188,0.330000,758,63.8047,89,7.4916,336,12.1848,264,1.0000,1.000000,false,2.215,0.945516,0.424686
Large,60,60,60255,3600,1294,0.359444,826,63.8331,99,7.6507,359,12.7879,282,1.0000,1.000000,false,2.300,0.998770,0.437623
Large,60,60,60256,3600,1471,0.408611,945,64.2420,121,8.2257,373,8.5246,364,1.0000,1.000000,false,2.294,1.089465,0.440359
Large,60,60,60257,3600,1109,0.308056,691,62.3084,84,7.5744,363,17.2184,438,0.9375,1.000000,false,2.658,0.888027,0.439904
Large,60,60,60258,3600,1413,0.392500,914,64.6851,133,9.4126,366,6.9407,326,0.8750,1.000000,false,2.294,1.037341,0.440796
Large,60,60,60259,3600,1190,0.330556,755,63.4454,79,6.6387,353,16.6203,408,1.0000,1.000000,false,2.669,0.945130,0.434804
Large,60,60,60260,3600,1046,0.290556,676,64.6272,99,9.4646,363,14.2039,544,1.0000,1.000000,false,2.283,0.877128,0.440996
Large,60,60,60261,3600,1415,0.393056,873,61.6961,99,6.9965,353,12.0800,296,1.0000,1.000000,false,2.750,1.049618,0.438215
Large,60,60,60262,3600,1349,0.374722,881,65.3076,104,7.7094,344,11.2830,439,0.8750,0.881356,false,2.386,0.990007,0.436523
Large,60,60,60263,3600,1592,0.442222,1005,63.1281,116,7.2864,360,9.7203,235,1.0000,1.000000,false,2.379,1.144534,0.446032
Large,60,60,60264,3600,1171,0.325278,733,62.5961,100,8.5397,305,11.4059,169,0.9375,1.000000,false,2.543,0.919899,0.430505
Large,60,60,60265,3600,1227,0.340833,820,66.8297,95,7.7425,366,11.3505,468,0.8750,0.966102,false,2.375,0.947031,0.426968
Large,60,60,60266,3600,1227,0.340833,787,64.1402,100,8.1500,365,14.8614,530,1.0000,1.000000,false,2.690,0.966402,0.445672
Large,60,60,60267,3600,1671,0.464167,1056,63.1957,139,8.3184,357,8.3309,152,1.0000,1.000000,false,2.447,1.184328,0.457146
Large,60,60,60268,3600,1217,0.338056,772,63.4347,98,8.0526,356,11.2143,233,1.0000,1.000000,false,2.729,0.958591,0.428669
Large,60,60,60269,3600,1144,0.317778,712,62.2378,88,7.6923,358,16.6667,482,1.0000,1.000000,false,2.274,0.917639,0.441701
Large,60,60,60270,3600,1237,0.343611,781,63.1366,106,8.5691,337,14.4057,602,1.0000,1.000000,false,2.292,0.967395,0.448798
Large,60,60,60271,3600,1058,0.293889,665,62.8544,79,7.4669,319,13.7722,279,1.0000,1.000000,false,2.486,0.877086,0.420220
Large,60,60,60272,3600,1175,0.326389,759,64.5957,95,8.0851,368,15.1684,445,0.8750,1.000000,false,2.226,0.917017,0.441969
Large,60,60,60273,3600,1502,0.417222,959,63.8482,117,7.7896,330,9.9832,404,1.0000,1.000000,false,2.717,1.103128,0.444659
Large,60,60,60274,3600,1170,0.325000,744,63.5897,73,6.2393,358,16.5405,231,1.0000,1.000000,false,2.341,0.935676,0.428812
Large,60,60,60275,3600,1083,0.300833,732,67.5900,73,6.7405,360,16.3836,396,1.0000,1.000000,false,2.907,0.906192,0.425920
Large,60,60,60276,3600,1003,0.278611,638,63.6092,77,7.6770,353,18.1558,399,0.8125,1.000000,false,2.293,0.814643,0.436002
Large,60,60,60277,3600,1122,0.311667,713,63.5472,92,8.1996,357,14.7283,459,0.9375,1.000000,false,2.803,0.898994,0.436864
Large,60,60,60278,3600,1545,0.429167,1000,64.7249,121,7.8317,370,10.9590,193,1.0000,1.000000,false,4.635,1.129087,0.452730
Large,60,60,60279,3600,1398,0.388333,885,63.3047,97,6.9385,337,11.0918,247,0.9375,1.000000,false,2.433,1.036014,0.432101
Large,60,60,60280,3600,1258,0.349444,803,63.8315,111,8.8235,376,10.5929,494,0.8750,0.881356,false,2.376,0.937918,0.437206
Large,60,60,60281,3600,1334,0.370556,861,64.5427,96,7.1964,361,12.7526,285,1.0000,1.000000,false,2.724,1.021898,0.436266
Large,60,60,60282,3600,1206,0.335000,782,64.8425,92,7.6285,372,14.8936,415,0.8750,1.000000,false,2.379,0.933602,0.438842
Large,60,60,60283,3600,1365,0.379167,854,62.5641,109,7.9853,358,10.3784,204,1.0000,1.000000,false,2.659,1.028743,0.436847
Large,60,60,60284,3600,1306,0.362778,849,65.0077,95,7.2741,356,11.6737,321,1.0000,1.000000,false,2.447,1.009767,0.430215
Large,60,60,60285,3600,1215,0.337500,806,66.3374,98,8.0658,377,11.7374,410,0.8750,1.000000,false,3.210,0.944041,0.430814
Large,60,60,60286,3600,1317,0.365833,833,63.2498,96,7.2893,337,10.2917,215,1.0000,1.000000,false,2.253,1.007807,0.425525
Large,60,60,60287,3600,1050,0.291667,673,64.0952,71,6.7619,367,18.5634,637,0.8750,1.000000,false,2.308,0.852330,0.432466
Large,60,60,60288,3600,1457,0.404722,910,62.4571,104,7.1380,362,11.6262,289,1.0000,1.000000,false,2.327,1.073984,0.441239
Large,60,60,60289,3600,1013,0.281389,660,65.1530,62,6.1204,368,18.2063,534,1.0000,1.000000,false,2.261,0.862227,0.421481
Large,60,60,60290,3600,1558,0.432778,1002,64.3132,121,7.7664,344,8.4715,343,0.9375,1.000000,false,2.760,1.121060,0.442795
Large,60,60,60291,3600,1457,0.404722,947,64.9966,101,6.9321,363,10.2843,181,1.0000,1.000000,false,2.460,1.085997,0.433588
Large,60,60,60292,3600,938,0.260556,602,64.1791,70,7.4627,349,22.7324,443,0.9375,1.000000,false,2.714,0.808837,0.447512
Large,60,60,60293,3600,1210,0.336111,743,61.4050,86,7.1074,349,12.1047,386,0.8750,1.000000,false,2.151,0.922116,0.422344
Large,60,60,60294,3600,1008,0.280000,644,63.8889,77,7.6389,347,18.2078,366,0.9375,1.000000,false,2.597,0.843061,0.436255
Large,60,60,60295,3600,1416,0.393333,918,64.8305,107,7.5565,360,11.2569,187,0.8750,1.000000,false,2.383,1.039523,0.440469
Large,60,60,60296,3600,1645,0.456944,1007,61.2158,129,7.8419,372,8.6031,160,1.0000,1.000000,false,2.376,1.160772,0.451349
Large,60,60,60297,3600,1409,0.391389,899,63.8041,113,8.0199,364,11.3540,470,0.9375,0.898305,false,2.718,1.028541,0.444924
Large,60,60,60298,3600,1027,0.285278,661,64.3622,78,7.5949,350,16.1250,620,1.0000,1.000000,false,2.252,0.866669,0.428720
Large,60,60,60299,3600,1268,0.352222,823,64.9054,105,8.2808,360,11.4057,353,0.9375,1.000000,false,3.096,0.977649,0.435998
Large,60,60,60300,3600,914,0.253889,599,65.5361,69,7.5492,347,21.0435,400,0.8750,1.000000,false,2.160,0.788304,0.439340
Large,60,60,60301,3600,1028,0.285556,660,64.2023,93,9.0467,350,15.6702,647,0.8125,0.779661,false,2.653,0.796088,0.441426
Large,60,60,60302,3600,1358,0.377222,843,62.0766,104,7.6583,365,10.2571,590,1.0000,1.000000,false,2.303,1.023113,0.432488
Large,60,60,60303,3600,1168,0.324444,722,61.8151,101,8.6473,345,13.4257,539,0.9375,1.000000,false,2.221,0.915445,0.439747
Large,60,60,60304,3600,1179,0.327500,761,64.5462,104,8.8210,359,12.4434,464,0.9375,0.830508,false,2.215,0.905919,0.438308
Large,60,60,60305,3600,1568,0.435556,1021,65.1148,130,8.2908,362,7.7462,228,1.0000,1.000000,false,2.327,1.142670,0.445850
Large,60,60,60306,3600,1304,0.362222,841,64.4939,115,8.8190,335,9.0948,496,0.8750,1.000000,false,2.748,0.981581,0.434752
Large,60,60,60307,3600,1169,0.324722,720,61.5911,81,6.9290,346,15.5062,322,1.0000,1.000000,false,2.249,0.927590,0.431316
Large,60,60,60308,3600,1335,0.370833,863,64.6442,96,7.1910,362,12.5155,217,1.0000,1.000000,false,2.700,1.022842,0.435308
Large,60,60,60309,3600,1357,0.376944,868,63.9646,112,8.2535,362,11.9912,363,0.9375,1.000000,false,2.259,1.018436,0.445582
Large,60,60,60310,3600,1556,0.432222,1034,66.4524,115,7.3907,373,10.4310,348,1.0000,1.000000,false,2.695,1.143361,0.447037
Large,60,60,60311,3600,1156,0.321111,730,63.1488,93,8.0450,355,15.4149,446,0.8125,1.000000,false,2.157,0.889513,0.441012
Large,60,60,60312,3600,1544,0.428889,1001,64.8316,129,8.3549,361,7.9542,217,1.0000,1.000000,false,2.338,1.129118,0.445358
Large,60,60,60313,3600,1001,0.278056,664,66.3337,86,8.5914,367,13.1609,496,0.8125,1.000000,false,2.005,0.822496,0.424168
Large,60,60,60314,3600,1184,0.328889,783,66.1318,76,6.4189,360,14.1053,374,1.0000,0.881356,false,2.276,0.934659,0.421628
Large,60,60,60315,3600,1231,0.341944,772,62.7132,80,6.4988,367,16.0494,347,0.9375,1.000000,false,2.657,0.950208,0.434444
Large,60,60,60316,3600,1245,0.345833,773,62.0884,108,8.6747,363,12.8636,219,0.9375,1.000000,false,2.341,0.954650,0.444095
Large,60,60,60317,3600,1508,0.418889,949,62.9310,122,8.0902,354,8.7120,395,0.8750,1.000000,false,2.820,1.076646,0.442869
Large,60,60,60318,3600,1426,0.396111,913,64.0252,107,7.5035,353,11.9907,297,1.0000,1.000000,false,2.489,1.065840,0.443829
Large,60,60,60319,3600,1179,0.327500,736,62.4258,102,8.6514,388,14.4216,519,1.0000,1.000000,false,2.734,0.935726,0.444854
Large,60,60,60320,3600,1222,0.339444,779,63.7480,104,8.5106,360,13.6346,473,1.0000,1.000000,false,2.371,0.962334,0.443751
Large,60,60,60321,3600,1450,0.402778,898,61.9310,101,6.9655,368,10.5196,221,1.0000,1.000000,false,2.389,1.068029,0.434320
Large,60,60,60322,3600,1765,0.490278,1131,64.0793,146,8.2720,369,7.0878,123,1.0000,1.000000,false,2.996,1.236325,0.459336
Large,60,60,60323,3600,1163,0.323056,737,63.3706,99,8.5125,348,15.3535,452,1.0000,1.000000,false,2.306,0.931345,0.446014
Large,60,60,60324,3600,1279,0.355278,840,65.6763,99,7.7404,353,13.0200,359,1.0000,0.983051,false,2.861,0.996361,0.438238
Large,60,60,60325,3600,1158,0.321667,708,61.1399,80,6.9085,360,15.5875,605,0.8750,1.000000,false,2.326,0.895458,0.430533
Large,60,60,60326,3600,1226,0.340556,804,65.5791,103,8.4013,357,13.9808,427,1.0000,1.000000,false,2.903,0.971627,0.444433
Large,60,60,60327,3600,1416,0.393333,919,64.9011,113,7.9802,348,9.2957,230,1.0000,1.000000,false,2.484,1.064847,0.436534
Large,60,60,60328,3600,1595,0.443056,1018,63.8245,130,8.1505,360,7.7786,345,0.9375,1.000000,false,2.510,1.137137,0.446832
Large,60,60,60329,3600,1325,0.368056,861,64.9811,115,8.6792,334,9.8522,293,1.0000,1.000000,false,2.836,1.019251,0.438260
Large,60,60,60330,3600,1373,0.381389,894,65.1129,90,6.5550,358,12.3830,275,1.0000,0.949153,false,2.457,1.036456,0.431562
Large,60,60,60331,3600,1411,0.391944,918,65.0602,96,6.8037,372,12.9792,201,1.0000,1.000000,false,2.971,1.063052,0.439700
Large,60,60,60332,3600,1139,0.316389,732,64.2669,75,6.5847,351,18.1184,583,0.8750,0.830508,false,2.327,0.872239,0.436257
Large,60,60,60333,3600,1169,0.324722,757,64.7562,81,6.9290,352,14.0370,173,1.0000,1.000000,false,2.627,0.939603,0.425194
Large,60,60,60334,3600,1291,0.358611,824,63.8265,91,7.0488,326,11.7692,243,1.0000,1.000000,false,2.413,0.997238,0.427110
Large,60,60,60335,3600,1515,0.420833,948,62.5743,138,9.1089,371,7.2734,186,1.0000,1.000000,false,2.435,1.103380,0.447645
Large,60,60,60336,3600,1192,0.331111,751,63.0034,77,6.4597,358,15.2857,332,0.9375,1.000000,false,2.744,0.931919,0.427621
Large,60,60,60337,3600,1195,0.331944,764,63.9331,88,7.3640,368,13.5568,372,0.9375,1.000000,false,4.276,0.937023,0.429710
Large,60,60,60338,3600,1255,0.348611,837,66.6932,104,8.2869,353,14.0577,445,0.9375,1.000000,false,2.317,0.978371,0.446026
Large,60,60,60339,3600,1266,0.351667,777,61.3744,110,8.6888,372,12.5045,469,0.9375,1.000000,false,2.849,0.962126,0.444490
Large,60,60,60340,3600,1378,0.382778,923,66.9811,108,7.8374,378,9.4312,306,1.0000,1.000000,false,2.391,1.054969,0.432504
Large,60,60,60341,3600,1014,0.281667,658,64.8915,83,8.1854,353,13.3735,443,0.8750,1.000000,false,2.699,0.836872,0.422077
Large,60,60,60342,3600,1488,0.413333,951,63.9113,103,6.9220,363,11.7864,168,1.0000,1.000000,false,2.354,1.096413,0.442330
Large,60,60,60343,3600,1322,0.367222,831,62.8593,92,6.9592,338,10.9677,481,0.8750,0.949153,false,2.812,0.976002,0.425457
Large,60,60,60344,3600,1232,0.342222,791,64.2045,89,7.2240,364,12.7333,322,0.9375,1.000000,false,2.529,0.956671,0.427962
Large,60,60,60345,3600,1540,0.427778,981,63.7013,113,7.3377,350,10.2281,259,1.0000,1.000000,false,2.556,1.121448,0.444327
Large,60,60,60346,3600,1623,0.450833,1064,65.5576,128,7.8866,372,8.7846,315,1.0000,1.000000,false,2.848,1.172807,0.450719
Large,60,60,60347,3600,1195,0.331944,742,62.0921,100,8.3682,363,14.5941,427,0.9375,1.000000,false,2.373,0.929880,0.444074
Large,60,60,60348,3600,1501,0.416944,992,66.0893,101,6.7288,339,11.1881,232,1.0000,1.000000,false,2.815,1.113549,0.438989
Large,60,60,60349,3600,1119,0.310833,715,63.8963,82,7.3280,362,17.5060,374,1.0000,1.000000,false,4.436,0.911261,0.439471
Large,60,60,60350,3600,1192,0.331111,738,61.9128,109,9.1443,305,8.2091,410,0.8750,0.881356,false,2.280,0.897402,0.424981
Large,60,60,60351,3600,1428,0.396667,927,64.9160,94,6.5826,348,12.6105,253,1.0000,1.000000,false,2.731,1.070974,0.437370
Large,60,60,60352,3600,1330,0.369444,871,65.4887,83,6.2406,353,13.0118,294,0.9375,1.000000,false,2.258,1.011469,0.427455
Large,60,60,60353,3600,1565,0.434722,997,63.7061,107,6.8371,359,10.7339,157,1.0000,1.000000,false,2.840,1.133995,0.443512
Large,60,60,60354,3600,944,0.262222,599,63.4534,75,7.9449,366,17.2667,289,0.8750,1.000000,false,2.386,0.797128,0.430060
Large,60,60,60355,3600,1237,0.343611,793,64.1067,102,8.2458,353,11.5340,519,1.0000,1.000000,false,4.300,0.971291,0.433599
Large,60,60,60356,3600,1306,0.362778,856,65.5436,122,9.3415,352,11.9756,541,0.8125,1.000000,false,2.671,0.974540,0.452147
Large,60,60,60357,3600,1830,0.508333,1191,65.0820,125,6.8306,344,8.7857,79,1.0000,1.000000,false,2.592,1.250000,0.457413
Large,60,60,60358,3600,1421,0.394722,932,65.5876,105,7.3892,371,10.0093,495,0.8750,0.949153,false,2.448,1.037911,0.434014
Large,60,60,60359,3600,1376,0.382222,889,64.6076,100,7.2674,360,11.7788,172,0.9375,1.000000,false,2.834,1.030842,0.436420
Large,60,60,60360,3600,1388,0.385556,913,65.7781,84,6.0519,344,13.4048,417,1.0000,1.000000,false,2.580,1.054664,0.432039
Large,60,60,60361,3600,1139,0.316389,737,64.7059,87,7.6383,352,15.6207,457,0.9375,1.000000,false,2.883,0.911786,0.436386
Large,60,60,60362,3600,1399,0.388611,917,65.5468,105,7.5054,368,12.1524,242,1.0000,1.000000,false,2.375,1.059198,0.442272
Large,60,60,60363,3600,953,0.264722,639,67.0514,77,8.0797,339,14.8333,300,0.8750,1.000000,false,2.637,0.812762,0.422020
Large,60,60,60364,3600,1230,0.341667,768,62.4390,88,7.1545,355,14.8111,340,0.8750,1.000000,false,2.232,0.936115,0.435758
Large,60,60,60365,3600,1325,0.368056,857,64.6792,95,7.1698,366,12.1649,210,1.0000,1.000000,false,2.372,1.017953,0.432802
Large,60,60,60366,3600,1547,0.429722,999,64.5766,119,7.6923,305,7.3852,173,1.0000,1.000000,false,2.354,1.129351,0.436612
Large,60,60,60367,3600,1262,0.350556,805,63.7876,112,8.8748,373,12.9043,596,1.0000,1.000000,false,2.392,0.982540,0.447683
Large,60,60,60368,3600,1041,0.289167,647,62.1518,81,7.7810,377,18.2169,424,0.9375,1.000000,false,2.764,0.853741,0.440463
Large,60,60,60369,3600,1377,0.382500,885,64.2702,93,6.7538,366,12.9894,213,0.9375,1.000000,false,2.441,1.029838,0.436410
Large,60,60,60370,3600,1800,0.500000,1129,62.7222,138,7.6667,370,7.3406,78,1.0000,1.000000,false,2.875,1.241558,0.457252
Large,60,60,60371,3600,1271,0.353056,826,64.9882,98,7.7105,344,10.3300,197,1.0000,1.000000,false,2.320,0.992005,0.426063
Large,60,60,60372,3600,1094,0.303889,713,65.1737,73,6.6728,364,14.6133,380,1.0000,1.000000,false,2.718,0.903258,0.418783
Large,60,60,60373,3600,1554,0.431667,1015,65.3153,144,9.2664,368,8.6736,464,0.9375,1.000000,false,2.428,1.124104,0.458304
Large,60,60,60374,3600,1095,0.304167,679,62.0091,101,9.2237,372,12.3786,609,0.7500,0.745763,false,2.307,0.804378,0.435065
Large,60,60,60375,3600,1742,0.483889,1133,65.0402,141,8.0941,358,7.3264,153,1.0000,1.000000,false,2.825,1.230210,0.456635
Large,60,60,60376,3600,1353,0.375833,874,64.5972,114,8.4257,347,8.1379,342,1.0000,1.000000,false,2.380,1.031707,0.430915
Large,60,60,60377,3600,1709,0.474722,1105,64.6577,121,7.0802,353,8.7769,185,1.0000,1.000000,false,2.886,1.211413,0.449789
Large,60,60,60378,3600,1673,0.464722,1057,63.1799,128,7.6509,354,8.9380,252,1.0000,1.000000,false,2.556,1.185241,0.453168
Large,60,60,60379,3600,952,0.264444,593,62.2899,59,6.1975,362,17.3729,255,0.8750,1.000000,false,2.646,0.797532,0.413695
Large,60,60,60380,3600,1470,0.408333,950,64.6259,116,7.8912,363,11.5000,219,1.0000,1.000000,false,2.430,1.090794,0.449328
Large,60,60,60381,3600,1211,0.336389,791,65.3179,105,8.6705,357,13.4057,467,1.0000,1.000000,false,2.420,0.962995,0.443479
Large,60,60,60382,3600,1334,0.370556,877,65.7421,116,8.6957,364,10.5000,390,0.9375,1.000000,false,2.734,1.014593,0.441873
Large,60,60,60383,3600,1242,0.345000,780,62.8019,93,7.4879,357,12.7634,435,0.8125,1.000000,false,2.302,0.931041,0.431560
Large,60,60,60384,3600,1356,0.376667,884,65.1917,91,6.7109,360,12.6264,279,0.8750,1.000000,false,2.697,1.010837,0.432719
Large,60,60,60385,3600,1426,0.396111,916,64.2356,96,6.7321,358,12.3196,154,1.0000,1.000000,false,2.330,1.066814,0.437486
Large,60,60,60386,3600,1447,0.401944,962,66.4824,108,7.4637,369,10.9909,287,0.9375,1.000000,false,2.690,1.075426,0.441016
Large,60,60,60387,3600,1050,0.291667,645,61.4286,89,8.4762,278,10.4111,159,0.8750,1.000000,false,2.054,0.843239,0.415642
Large,60,60,60388,3600,1133,0.314722,725,63.9894,91,8.0318,358,13.5914,291,0.8125,1.000000,false,2.750,0.881125,0.431365
Large,60,60,60389,3600,1072,0.297778,669,62.4067,78,7.2761,358,17.6329,445,0.8125,1.000000,false,2.254,0.845002,0.435565
Large,60,60,60390,3600,1393,0.386944,887,63.6755,120,8.6145,360,11.3689,434,0.9375,1.000000,false,2.369,1.035193,0.449599
Large,60,60,60391,3600,1405,0.390278,891,63.4164,117,8.3274,351,9.0420,309,0.8750,1.000000,false,2.731,1.027521,0.438032
Large,60,60,60392,3600,1570,0.436111,991,63.1210,142,9.0446,359,7.0420,188,1.0000,1.000000,false,2.314,1.133518,0.450621
Large,60,60,60393,3600,1164,0.323333,754,64.7766,83,7.1306,365,17.1667,392,1.0000,1.000000,false,2.526,0.937158,0.439834
Large,60,60,60394,3600,1510,0.419444,959,63.5099,119,7.8808,364,9.7500,185,1.0000,1.000000,false,2.350,1.105481,0.445266
Large,60,60,60395,3600,1401,0.389167,912,65.0964,115,8.2084,357,11.6154,258,0.9375,1.000000,false,2.793,1.045663,0.447232
Large,60,60,60396,3600,1122,0.311667,725,64.6168,112,9.9822,355,9.7321,622,0.7500,1.000000,false,2.260,0.865390,0.433872
Large,60,60,60397,3600,994,0.276111,614,61.7706,72,7.2435,360,18.9452,493,0.8750,1.000000,false,3.131,0.816704,0.434206
Large,60,60,60398,3600,1321,0.366944,867,65.6321,101,7.6457,369,11.3529,321,1.0000,1.000000,false,3.190,1.020023,0.433844
Large,60,60,60399,3600,1601,0.444722,1024,63.9600,114,7.1205,353,9.2609,292,1.0000,1.000000,false,2.445,1.153350,0.443209
Large,60,60,60400,3600,1194,0.331667,789,66.0804,95,7.9564,356,14.3505,311,0.8750,1.000000,false,2.693,0.932345,0.438858
Large,60,60,60401,3600,1502,0.417222,947,63.0493,105,6.9907,340,11.1132,223,1.0000,1.000000,false,2.514,1.099232,0.441378
Large,60,60,60402,3600,1442,0.400556,950,65.8807,107,7.4202,344,10.2569,215,1.0000,1.000000,false,2.805,1.082559,0.437106
Large,60,60,60403,3600,1119,0.310833,725,64.7900,87,7.7748,345,14.2184,356,0.9375,0.881356,false,2.298,0.884211,0.430241
Large,60,60,60404,3600,1168,0.324444,742,63.5274,103,8.8185,364,11.3846,520,0.8125,1.000000,false,3.509,0.896939,0.432954
Large,60,60,60405,3600,1245,0.345833,787,63.2129,91,7.3092,363,12.9130,552,0.8750,1.000000,false,2.291,0.946696,0.430647
Large,60,60,60406,3600,920,0.255556,589,64.0217,65,7.0652,376,20.4923,545,0.8750,1.000000,false,2.323,0.786822,0.432703
Large,60,60,60407,3600,1051,0.291944,636,60.5138,102,9.7050,302,9.7745,213,0.8750,1.000000,false,2.610,0.840611,0.425361
Large,60,60,60408,3600,1655,0.459722,1030,62.2356,129,7.7946,352,8.9160,215,1.0000,1.000000,false,2.462,1.171180,0.453012
Large,60,60,60409,3600,1372,0.381111,911,66.3994,96,6.9971,383,12.0000,365,1.0000,1.000000,false,2.672,1.049309,0.434304
Large,60,60,60410,3600,1660,0.461111,1065,64.1566,107,6.4458,339,9.9450,264,1.0000,1.000000,false,2.472,1.184015,0.444228
Large,60,60,60411,3600,1349,0.374722,843,62.4907,110,8.1542,332,10.2703,225,0.9375,1.000000,false,2.799,1.007966,0.436751
Large,60,60,60412,3600,1379,0.383056,897,65.0471,99,7.1791,355,12.4900,190,1.0000,1.000000,false,2.333,1.046822,0.438749
Large,60,60,60413,3600,1311,0.364167,836,63.7681,101,7.7040,351,12.8911,243,1.0000,1.000000,false,2.396,1.007017,0.440003
Large,60,60,60414,3600,1169,0.324722,741,63.3875,80,6.8435,357,16.1250,607,0.8750,1.000000,false,2.754,0.909408,0.433039
Large,60,60,60415,3600,1178,0.327222,754,64.0068,69,5.8574,369,17.0290,273,1.0000,1.000000,false,2.396,0.941276,0.427695
Large,60,60,60416,3600,1277,0.354722,826,64.6829,98,7.6742,352,11.9293,254,1.0000,1.000000,false,2.754,0.993770,0.432864
Large,60,60,60417,3600,1498,0.416111,982,65.5541,113,7.5434,339,8.4474,210,1.0000,1.000000,false,2.481,1.109419,0.435465
Large,60,60,60418,3600,1192,0.331111,757,63.5067,102,8.5570,363,13.9806,301,0.9375,1.000000,false,2.738,0.933867,0.443156
Large,60,60,60419,3600,1089,0.302500,695,63.8200,64,5.8770,369,20.6667,409,1.0000,1.000000,false,4.480,0.895943,0.435631
Large,60,60,60420,3600,1319,0.366389,822,62.3199,89,6.7475,362,13.4066,303,1.0000,1.000000,false,2.364,1.004824,0.433253
Large,60,60,60421,3600,1210,0.336111,759,62.7273,106,8.7603,355,9.4717,403,0.8750,1.000000,false,6.824,0.927311,0.427902
Large,60,60,60422,3600,1550,0.430556,985,63.5484,108,6.9677,344,10.8796,146,1.0000,1.000000,false,4.396,1.125688,0.444176
Large,60,60,60423,3600,1559,0.433056,986,63.2457,121,7.7614,367,9.0952,167,1.0000,1.000000,false,2.390,1.128659,0.445427
Large,60,60,60424,3600,1298,0.360556,853,65.7165,90,6.9337,359,13.2500,274,0.9375,1.000000,false,2.732,0.996213,0.432712
Large,60,60,60425,3600,1493,0.414722,951,63.6973,119,7.9705,380,10.5203,172,1.0000,1.000000,false,2.432,1.097884,0.447957
Large,60,60,60426,3600,1130,0.313889,732,64.7788,81,7.1681,359,18.8889,553,0.9375,1.000000,false,2.665,0.907515,0.444552
Large,60,60,60427,3600,1226,0.340556,793,64.6819,88,7.1778,349,14.3933,320,0.9375,1.000000,false,2.409,0.955556,0.433917
Large,60,60,60428,3600,1384,0.384444,887,64.0896,86,6.2139,353,13.0805,227,1.0000,1.000000,false,2.749,1.045046,0.431974
Large,60,60,60429,3600,929,0.258056,598,64.3703,67,7.2121,309,18.0746,466,0.9375,1.000000,false,4.347,0.804891,0.424848
Large,60,60,60430,3600,1455,0.404167,943,64.8110,106,7.2852,382,10.2804,273,0.9375,1.000000,false,2.409,1.071610,0.436937
Large,60,60,60431,3600,1275,0.354167,823,64.5490,105,8.2353,352,9.5278,444,0.8750,1.000000,false,2.595,0.967208,0.428302
Large,60,60,60432,3600,1454,0.403889,922,63.4113,119,8.1843,362,9.0826,330,1.0000,1.000000,false,2.325,1.076998,0.440854
Large,60,60,60433,3600,1517,0.421389,971,64.0079,117,7.7126,349,10.6154,273,0.9375,1.000000,false,2.424,1.098936,0.447773
Large,60,60,60434,3600,1309,0.363611,849,64.8587,120,9.1673,370,10.2893,372,0.9375,1.000000,false,2.784,0.998149,0.443628
Large,60,60,60435,3600,1363,0.378611,872,63.9765,100,7.3368,354,12.0000,330,0.9375,1.000000,false,2.415,1.021499,0.436951
Large,60,60,60436,3600,1460,0.405556,933,63.9041,99,6.7808,345,11.1800,242,1.0000,1.000000,false,2.730,1.082334,0.436058
Large,60,60,60437,3600,1128,0.313333,727,64.4504,85,7.5355,364,16.0706,279,0.9375,1.000000,false,2.271,0.905304,0.436315
Large,60,60,60438,3600,999,0.277500,635,63.5636,88,8.8088,370,17.4886,669,0.9375,1.000000,false,2.490,0.837492,0.444207
Large,60,60,60439,3600,1414,0.392778,892,63.0835,112,7.9208,331,8.6786,139,1.0000,1.000000,false,4.772,1.055493,0.433202
Large,60,60,60440,3600,1442,0.400556,904,62.6907,106,7.3509,359,11.5463,414,0.9375,1.000000,false,2.461,1.055124,0.441785
Large,60,60,60441,3600,1179,0.327500,734,62.2561,101,8.5666,349,13.6961,567,1.0000,1.000000,false,2.668,0.935076,0.440983
Large,60,60,60442,3600,923,0.256389,596,64.5720,87,9.4258,355,17.0337,821,0.8750,1.000000,false,2.319,0.789977,0.442148
Large,60,60,60443,3600,1172,0.325556,733,62.5427,103,8.7884,326,9.5143,238,1.0000,1.000000,false,2.227,0.932693,0.425193
Large,60,60,60444,3600,1298,0.360556,823,63.4052,99,7.6271,371,10.5500,285,0.9375,1.000000,false,2.614,0.986472,0.428396
Large,60,60,60445,3600,1035,0.287500,630,60.8696,82,7.9227,353,16.6747,494,0.9375,1.000000,false,2.119,0.846457,0.434955
Large,60,60,60446,3600,993,0.275833,630,63.4441,63,6.3444,362,22.8615,501,0.8750,0.949153,false,2.640,0.813977,0.441451
Large,60,60,60447,3600,1397,0.388056,867,62.0616,103,7.3729,343,11.4175,414,1.0000,1.000000,false,2.321,1.042376,0.437719
Large,60,60,60448,3600,1265,0.351389,809,63.9526,101,7.9842,359,14.1765,396,0.9375,1.000000,false,2.710,0.972221,0.444327
Large,60,60,60449,3600,1141,0.316944,722,63.2778,84,7.3620,356,12.5294,335,1.0000,1.000000,false,2.307,0.920004,0.420909
Large,60,60,60450,3600,1009,0.280278,653,64.7175,81,8.0278,322,16.1481,329,0.9375,1.000000,false,2.520,0.846278,0.431645
Large,60,60,60451,3600,1202,0.333889,751,62.4792,90,7.4875,348,13.5222,232,1.0000,1.000000,false,4.476,0.947361,0.431384
Large,60,60,60452,3600,1174,0.326111,757,64.4804,89,7.5809,368,14.7191,314,0.9375,1.000000,false,2.525,0.928573,0.434972
Large,60,60,60453,3600,1565,0.434722,1001,63.9617,102,6.5176,354,10.3786,187,1.0000,1.000000,false,2.759,1.135294,0.438837
Large,60,60,60454,3600,1514,0.420556,952,62.8798,106,7.0013,364,11.3645,111,1.0000,1.000000,false,2.367,1.104385,0.443532
Large,60,60,60455,3600,1290,0.358333,836,64.8062,91,7.0543,353,11.6064,370,0.9375,1.000000,false,2.341,0.988340,0.426403
Large,60,60,60456,3600,958,0.266111,607,63.3612,78,8.1420,346,20.1899,461,0.8750,1.000000,false,2.527,0.803843,0.445377
Large,60,60,60457,3600,1510,0.419444,943,62.4503,114,7.5497,356,9.5128,275,1.0000,1.000000,false,2.359,1.100286,0.440967
Large,60,60,60458,3600,1237,0.343611,799,64.5918,83,6.7098,368,12.7882,336,1.0000,1.000000,false,2.541,0.973239,0.423465
Large,60,60,60459,3600,1210,0.336111,782,64.6281,93,7.6860,352,13.1563,348,1.0000,1.000000,false,2.306,0.959778,0.432511
Large,60,60,60460,3600,1067,0.296389,705,66.0731,87,8.1537,371,15.6552,569,1.0000,1.000000,false,2.662,0.892720,0.435684
Large,60,60,60461,3600,1563,0.434167,990,63.3397,116,7.4216,349,9.4790,283,1.0000,1.000000,false,2.400,1.131134,0.443962
Large,60,60,60462,3600,1655,0.459722,1055,63.7462,141,8.5196,355,8.3986,274,1.0000,1.000000,false,2.438,1.179297,0.458107
Large,60,60,60463,3600,1472,0.408889,949,64.4701,104,7.0652,355,11.0095,213,1.0000,1.000000,false,2.693,1.091058,0.439192
Large,60,60,60464,3600,1277,0.354722,835,65.3876,103,8.0658,341,11.9143,230,1.0000,1.000000,false,2.268,0.996692,0.436717
Large,60,60,60465,3600,1306,0.362778,816,62.4809,116,8.8821,358,12.6780,455,1.0000,0.966102,false,4.498,0.993968,0.450479
Large,60,60,60466,3600,1434,0.398333,918,64.0167,108,7.5314,335,9.9722,306,1.0000,1.000000,false,2.723,1.069817,0.436365
Large,60,60,60467,3600,963,0.267500,615,63.8629,78,8.0997,361,19.6000,628,0.8125,1.000000,false,2.224,0.795411,0.442914
Large,60,60,60468,3600,1410,0.391667,908,64.3972,101,7.1631,354,10.4712,150,1.0000,1.000000,false,2.789,1.059511,0.432761
Large,60,60,60469,3600,1738,0.482778,1140,65.5926,121,6.9620,346,9.1032,137,1.0000,1.000000,false,2.436,1.231306,0.452383
Large,60,60,60470,3600,1011,0.280833,654,64.6884,76,7.5173,356,16.2895,608,0.6250,1.000000,false,1.991,0.784691,0.427296
Large,60,60,60471,3600,1058,0.293889,657,62.0983,89,8.4121,337,16.8202,442,0.8125,0.915254,false,2.254,0.824276,0.442372
Large,60,60,60472,3600,1308,0.363333,827,63.2263,120,9.1743,359,12.5082,569,1.0000,1.000000,false,2.358,1.003212,0.452861
Large,60,60,60473,3600,1497,0.415833,974,65.0635,102,6.8136,352,11.2718,181,1.0000,1.000000,false,2.636,1.106528,0.439852
Large,60,60,60474,3600,1360,0.377778,887,65.2206,97,7.1324,341,11.3232,242,0.9375,1.000000,false,2.375,1.025487,0.431837
Large,60,60,60475,3600,1346,0.373889,859,63.8187,99,7.3551,368,12.7475,179,1.0000,1.000000,false,2.860,1.024778,0.438832
Large,60,60,60476,3600,1589,0.441389,1001,62.9956,129,8.1183,364,9.2308,197,1.0000,1.000000,false,2.404,1.142353,0.452061
Large,60,60,60477,3600,1721,0.478056,1080,62.7542,135,7.8443,348,7.7926,198,1.0000,1.000000,false,2.879,1.206826,0.454329
Large,60,60,60478,3600,1778,0.493889,1126,63.3296,146,8.2115,366,6.6939,166,1.0000,1.000000,false,2.424,1.238526,0.458173
Large,60,60,60479,3600,1287,0.357500,831,64.5688,87,6.7599,338,12.8864,304,0.9375,1.000000,false,2.305,0.985835,0.428542
Large,60,60,60480,3600,1385,0.384722,890,64.2599,96,6.9314,346,13.0206,284,1.0000,1.000000,false,2.727,1.046314,0.438983
Large,60,60,60481,3600,1098,0.305000,714,65.0273,97,8.8342,373,14.9796,475,0.9375,1.000000,false,2.225,0.892259,0.442257
Large,60,60,60482,3600,1363,0.378611,853,62.5825,88,6.4563,348,11.6444,384,1.0000,1.000000,false,2.744,1.027830,0.426665
Large,60,60,60483,3600,973,0.270278,613,63.0010,76,7.8109,365,17.4557,379,0.9375,1.000000,false,2.209,0.822702,0.431924
Large,60,60,60484,3600,1299,0.360833,828,63.7413,103,7.9292,367,13.0962,333,0.9375,1.000000,false,2.654,0.988390,0.442109
Large,60,60,60485,3600,992,0.275556,656,66.1290,80,8.0645,349,17.8193,706,0.8750,1.000000,false,2.057,0.829752,0.437559
Large,60,60,60486,3600,1353,0.375833,903,66.7406,97,7.1693,358,13.4444,238,0.9375,1.000000,false,2.347,1.028623,0.440461
Large,60,60,60487,3600,1775,0.493056,1150,64.7887,150,8.4507,366,6.8940,103,1.0000,1.000000,false,2.633,1.245435,0.461149
Large,60,60,60488,3600,1372,0.381111,859,62.6093,107,7.7988,338,9.8333,328,0.8750,1.000000,false,2.298,1.007426,0.433294
Large,60,60,60489,3600,1478,0.410556,941,63.6671,105,7.1042,354,11.3208,288,1.0000,1.000000,false,2.771,1.090225,0.441378
Large,60,60,60490,3600,1210,0.336111,792,65.4545,99,8.1818,349,10.1300,433,0.9375,1.000000,false,2.324,0.950525,0.424860
Large,60,60,60491,3600,1251,0.347500,807,64.5084,85,6.7946,358,15.1529,232,0.8750,1.000000,false,2.706,0.954954,0.435333
Large,60,60,60492,3600,940,0.261111,635,67.5532,67,7.1277,364,18.6618,465,0.8125,1.000000,false,2.119,0.795139,0.427367
Large,60,60,60493,3600,1545,0.429167,977,63.2362,116,7.5081,362,10.2328,172,1.0000,1.000000,false,2.613,1.121620,0.446467
Large,60,60,60494,3600,1010,0.280556,643,63.6634,78,7.7228,349,16.0128,461,0.8750,1.000000,false,1.999,0.830825,0.428114
Large,60,60,60495,3600,1669,0.463611,1085,65.0090,145,8.6878,374,7.3378,233,1.0000,1.000000,false,2.402,1.193155,0.456536
Large,60,60,60496,3600,975,0.270833,602,61.7436,81,8.3077,368,16.4444,509,0.8125,1.000000,false,2.607,0.794719,0.432845
Large,60,60,60497,3600,1278,0.355000,834,65.2582,93,7.2770,349,11.5000,510,0.8750,1.000000,false,2.399,0.971662,0.427187
Large,60,60,60498,3600,1591,0.441944,1003,63.0421,115,7.2282,344,10.0603,335,1.0000,1.000000,false,2.795,1.143591,0.446783
Large,60,60,60499,3600,1211,0.336389,766,63.2535,90,7.4319,366,12.7802,252,1.0000,1.000000,false,2.266,0.954878,0.428486
Expert,80,80,60000,6400,2339,0.365469,1516,64.8140,173,7.3963,674,12.3771,563,1.0000,1.000000,false,4.631,1.079816,0.422282
Expert,80,80,60001,6400,2228,0.348125,1427,64.0485,159,7.1364,625,13.4877,697,1.0000,1.000000,false,4.342,1.041743,0.417951
Expert,80,80,60002,6400,1809,0.282656,1123,62.0785,127,7.0205,624,19.9531,606,0.9375,1.000000,false,4.269,0.891968,0.417355
Expert,80,80,60003,6400,2456,0.383750,1561,63.5586,169,6.8811,626,11.2647,322,1.0000,1.000000,false,4.791,1.110106,0.419138
Expert,80,80,60004,6400,1719,0.268594,1109,64.5143,115,6.6899,629,22.3391,638,0.9375,1.000000,false,4.254,0.872824,0.417287
Expert,80,80,60005,6400,1693,0.264531,1100,64.9734,123,7.2652,638,17.6720,494,1.0000,1.000000,false,4.334,0.878795,0.407236
Expert,80,80,60006,6400,2801,0.437656,1758,62.7633,217,7.7472,650,8.9954,306,1.0000,1.000000,false,4.740,1.212389,0.436880
Expert,80,80,60007,6400,2406,0.375937,1560,64.8379,174,7.2319,638,10.6136,639,0.9375,1.000000,false,4.451,1.088337,0.418268
Expert,80,80,60008,6400,1991,0.311094,1295,65.0427,178,8.9402,635,14.3944,868,0.9375,1.000000,false,4.330,0.959651,0.427713
Expert,80,80,60009,6400,1493,0.233281,982,65.7736,104,6.9658,630,24.4857,594,0.9375,1.000000,false,4.253,0.806235,0.416161
Expert,80,80,60010,6400,2330,0.364063,1500,64.3777,199,8.5408,631,12.5176,877,1.0000,1.000000,false,4.533,1.074958,0.433744
Expert,80,80,60011,6400,1956,0.305625,1263,64.5706,156,7.9755,623,16.0063,691,0.9375,1.000000,false,4.264,0.946852,0.421462
Expert,80,80,60012,6400,2515,0.392969,1647,65.4871,191,7.5944,630,11.2256,302,1.0000,1.000000,false,4.577,1.138145,0.428915
Expert,80,80,60013,6400,1765,0.275781,1166,66.0623,129,7.3088,647,19.3101,776,0.9375,1.000000,false,4.397,0.892658,0.416166
Expert,80,80,60014,6400,2587,0.404219,1670,64.5535,202,7.8083,648,9.4851,607,0.9375,1.000000,false,4.655,1.143339,0.428989
Expert,80,80,60015,6400,2490,0.389062,1557,62.5301,197,7.9116,609,9.3030,382,1.0000,1.000000,false,4.565,1.115466,0.424907
Expert,80,80,60016,6400,2568,0.401250,1687,65.6931,175,6.8146,639,10.7200,334,1.0000,1.000000,false,4.559,1.155820,0.422021
Expert,80,80,60017,6400,2555,0.399219,1661,65.0098,191,7.4755,667,10.4845,259,1.0000,1.000000,false,4.536,1.148221,0.427285
Expert,80,80,60018,6400,2192,0.342500,1376,62.7737,140,6.3869,636,14.8214,549,1.0000,1.000000,false,4.436,1.024932,0.412936
Expert,80,80,60019,6400,2455,0.383594,1623,66.1100,171,6.9654,626,10.7500,421,1.0000,1.000000,false,4.635,1.122425,0.418326
Expert,80,80,60020,6400,1928,0.301250,1249,64.7822,158,8.1950,566,10.5220,378,0.9375,1.000000,false,4.130,0.938952,0.405206
Expert,80,80,60021,6400,2354,0.367812,1522,64.6559,160,6.7969,647,12.3975,433,0.9375,1.000000,false,4.713,1.071246,0.417055
Expert,80,80,60022,6400,2780,0.434375,1784,64.1727,219,7.8777,658,7.9910,221,1.0000,1.000000,false,4.758,1.213822,0.434061
Expert,80,80,60023,6400,2684,0.419375,1727,64.3443,218,8.1222,651,9.5826,349,1.0000,1.000000,false,4.823,1.184921,0.436980
Expert,80,80,60024,6400,2382,0.372188,1527,64.1058,166,6.9689,666,11.7024,426,0.9375,1.000000,false,4.792,1.077332,0.417916
Expert,80,80,60025,6400,2063,0.322344,1359,65.8749,155,7.5133,643,15.3185,754,1.0000,1.000000,false,4.517,0.998111,0.419707
Expert,80,80,60026,6400,2034,0.317812,1260,61.9469,145,7.1288,615,14.2013,809,0.8750,0.886076,false,4.513,0.930804,0.411011
Expert,80,80,60027,6400,2391,0.373594,1537,64.2827,183,7.6537,649,12.1559,382,1.0000,1.000000,false,4.747,1.093480,0.426602
Expert,80,80,60028,6400,2354,0.367812,1515,64.3585,179,7.6041,650,11.1778,514,1.0000,1.000000,false,4.526,1.082335,0.421315
Expert,80,80,60029,6400,1882,0.294063,1203,63.9214,169,8.9798,619,16.2515,1055,1.0000,1.000000,false,4.373,0.933836,0.428803
Expert,80,80,60030,6400,2144,0.335000,1313,61.2407,158,7.3694,651,14.3500,490,1.0000,1.000000,false,4.606,1.003526,0.419038
Expert,80,80,60031,6400,2599,0.406094,1688,64.9481,194,7.4644,657,10.2980,342,1.0000,1.000000,false,4.650,1.161644,0.428653
Expert,80,80,60032,6400,1900,0.296875,1231,64.7895,155,8.1579,601,13.4777,560,1.0000,1.000000,false,4.252,0.942745,0.412759
Expert,80,80,60033,6400,2143,0.334844,1426,66.5422,150,6.9995,646,13.0993,535,1.0000,1.000000,false,4.432,1.026127,0.411384
Expert,80,80,60034,6400,1985,0.310156,1253,63.1234,170,8.5642,650,14.5000,653,1.0000,0.962025,false,4.445,0.956899,0.424002
Expert,80,80,60035,6400,2071,0.323594,1356,65.4756,159,7.6775,612,10.4375,421,1.0000,1.000000,false,4.344,0.998957,0.406470
Expert,80,80,60036,6400,2655,0.414844,1709,64.3691,186,7.0056,630,10.5585,381,1.0000,1.000000,false,4.643,1.176033,0.427505
Expert,80,80,60037,6400,2299,0.359219,1483,64.5063,166,7.2205,668,12.1813,349,1.0000,1.000000,false,4.454,1.065909,0.418037
Expert,80,80,60038,6400,1799,0.281094,1171,65.0917,138,7.6709,614,13.3453,709,0.9375,1.000000,false,4.167,0.899832,0.402742
Expert,80,80,60039,6400,2550,0.398438,1678,65.8039,174,6.8235,634,11.8000,376,1.0000,1.000000,false,4.646,1.150742,0.424642
Expert,80,80,60040,6400,1800,0.281250,1149,63.8333,137,7.6111,627,14.9928,613,0.8750,1.000000,false,7.716,0.883078,0.407339
Expert,80,80,60041,6400,2639,0.412344,1700,64.4183,193,7.3134,655,11.1399,258,1.0000,1.000000,false,4.670,1.171317,0.431649
Expert,80,80,60042,6400,2071,0.323594,1332,64.3168,153,7.3877,663,14.5935,432,1.0000,1.000000,false,4.699,0.994118,0.416560
Expert,80,80,60043,6400,2518,0.393437,1614,64.0985,197,7.8237,641,10.7990,313,1.0000,1.000000,false,4.868,1.132035,0.430015
Expert,80,80,60044,6400,1675,0.261719,1069,63.8209,119,7.1045,651,21.4167,783,0.8750,1.000000,false,4.294,0.844281,0.416487
Expert,80,80,60045,6400,2699,0.421719,1739,64.4313,220,8.1512,644,9.2036,238,1.0000,1.000000,false,4.764,1.190061,0.436789
Expert,80,80,60046,6400,2831,0.442344,1786,63.0872,199,7.0293,637,9.1921,208,1.0000,1.000000,false,4.708,1.223474,0.431722
Expert,80,80,60047,6400,2017,0.315156,1302,64.5513,135,6.6931,674,15.8759,327,1.0000,1.000000,false,4.620,0.978277,0.411090
Expert,80,80,60048,6400,2646,0.413438,1674,63.2653,213,8.0499,583,9.5869,466,1.0000,1.000000,false,4.762,1.167345,0.434489
Expert,80,80,60049,6400,2267,0.354219,1440,63.5201,143,6.3079,637,15.6871,665,1.0000,1.000000,false,4.725,1.051437,0.418367
Expert,80,80,60050,6400,1768,0.276250,1119,63.2919,130,7.3529,659,18.1353,780,1.0000,1.000000,false,4.471,0.896227,0.413077
Expert,80,80,60051,6400,1637,0.255781,1059,64.6915,129,7.8803,616,15.0155,599,0.8750,1.000000,false,4.486,0.835373,0.402461
Expert,80,80,60052,6400,1739,0.271719,1104,63.4848,127,7.3030,629,18.8992,832,0.9375,1.000000,false,4.552,0.875443,0.413606
Expert,80,80,60053,6400,2614,0.408438,1661,63.5425,191,7.3068,636,11.2228,247,1.0000,1.000000,false,4.861,1.158920,0.430671
Expert,80,80,60054,6400,2110,0.329688,1372,65.0237,166,7.8673,652,14.5266,626,0.9375,1.000000,false,4.511,0.996755,0.422975
Expert,80,80,60055,6400,2802,0.437812,1810,64.5967,196,6.9950,629,9.8794,460,1.0000,1.000000,false,4.862,1.223054,0.432167
Expert,80,80,60056,6400,2074,0.324062,1344,64.8023,148,7.1360,652,16.8188,534,1.0000,1.000000,false,4.493,0.997082,0.421137
Expert,80,80,60057,6400,2285,0.357031,1483,64.9015,159,6.9584,581,11.2562,453,0.9375,1.000000,false,4.532,1.050870,0.411869
Expert,80,80,60058,6400,2436,0.380625,1532,62.8900,180,7.3892,636,11.5028,441,1.0000,1.000000,false,4.596,1.100633,0.424025
Expert,80,80,60059,6400,3027,0.472969,1940,64.0899,236,7.7965,655,8.2008,252,1.0000,1.000000,false,5.033,1.250000,0.445483
Expert,80,80,60060,6400,1886,0.294687,1231,65.2704,125,6.6278,648,19.5238,509,0.9375,1.000000,false,4.423,0.927706,0.415696
Expert,80,80,60061,6400,1811,0.282969,1110,61.2921,119,6.5710,631,19.7851,695,0.8750,1.000000,false,4.369,0.877210,0.412429
Expert,80,80,60062,6400,2355,0.367969,1501,63.7367,165,7.0064,636,13.9401,371,1.0000,1.000000,false,4.616,1.079694,0.424017
Expert,80,80,60063,6400,2268,0.354375,1450,63.9330,155,6.8342,635,13.5506,301,1.0000,1.000000,false,4.604,1.053634,0.417000
Expert,80,80,60064,6400,1890,0.295312,1234,65.2910,176,9.3122,653,12.6011,1071,0.8125,1.000000,false,4.314,0.904036,0.421094
Expert,80,80,60065,6400,1592,0.248750,1017,63.8819,116,7.2864,627,19.6667,627,1.0000,1.000000,false,7.326,0.843745,0.408948
Expert,80,80,60066,6400,2315,0.361719,1472,63.5853,147,6.3499,634,15.2763,766,0.8750,1.000000,false,4.223,1.041593,0.419753
Expert,80,80,60067,6400,2100,0.328125,1362,64.8571,133,6.3333,642,16.0370,618,0.8750,1.000000,false,4.069,0.980426,0.411887
Expert,80,80,60068,6400,1564,0.244375,990,63.2992,120,7.6726,623,21.6417,714,0.7500,1.000000,false,3.764,0.783224,0.417669
Expert,80,80,60069,6400,2386,0.372812,1519,63.6630,181,7.5859,664,12.6612,426,1.0000,1.000000,false,4.126,1.088944,0.427269
Expert,80,80,60070,6400,2473,0.386406,1576,63.7283,204,8.2491,611,8.5485,330,1.0000,1.000000,false,4.132,1.116213,0.425127
Expert,80,80,60071,6400,2226,0.347813,1407,63.2075,160,7.1878,634,11.8589,525,1.0000,1.000000,false,3.920,1.037348,0.413281
Expert,80,80,60072,6400,2847,0.444844,1855,65.1563,221,7.7626,633,9.0224,281,1.0000,1.000000,false,4.447,1.240287,0.439274
Expert,80,80,60073,6400,2547,0.397969,1651,64.8214,176,6.9101,663,10.9492,371,1.0000,1.000000,false,4.227,1.144754,0.422708
Expert,80,80,60074,6400,2246,0.350938,1418,63.1345,160,7.1238,626,13.8199,412,0.9375,1.000000,false,4.178,1.030693,0.419706
Expert,80,80,60075,6400,2263,0.353594,1450,64.0742,174,7.6889,636,13.6457,506,0.8750,1.000000,false,4.086,1.027727,0.425610
Expert,80,80,60076,6400,2384,0.372500,1542,64.6812,192,8.0537,593,9.4051,305,1.0000,1.000000,false,4.108,1.093219,0.421678
Expert,80,80,60077,6400,2083,0.325469,1341,64.3783,182,8.7374,626,13.9071,1127,0.9375,1.000000,false,4.146,0.985609,0.428474
Expert,80,80,60078,6400,1569,0.245156,984,62.7151,139,8.8591,645,18.7643,1021,1.0000,1.000000,false,3.631,0.832921,0.420777
Expert,80,80,60079,6400,2432,0.380000,1586,65.2138,178,7.3191,651,12.5691,447,1.0000,1.000000,false,4.246,1.110794,0.426469
Expert,80,80,60080,6400,2663,0.416094,1711,64.2508,208,7.8107,650,8.8810,381,0.9375,1.000000,false,4.356,1.165387,0.430688
Expert,80,80,60081,6400,2802,0.437812,1877,66.9879,224,7.9943,650,9.2711,285,1.0000,1.000000,false,8.094,1.233135,0.440259
Expert,80,80,60082,6400,2129,0.332656,1372,64.4434,159,7.4683,635,13.0373,429,1.0000,1.000000,false,5.155,1.012701,0.415221
Expert,80,80,60083,6400,2315,0.361719,1492,64.4492,166,7.1706,624,12.7262,687,0.9375,0.949367,false,6.323,1.050530,0.419991
Expert,80,80,60084,6400,1784,0.278750,1155,64.7422,130,7.2870,598,17.4286,660,1.0000,1.000000,false,6.066,0.906386,0.410959
Expert,80,80,60085,6400,2229,0.348281,1410,63.2571,150,6.7295,617,11.4710,643,0.8750,1.000000,false,7.117,1.013497,0.407626
Expert,80,80,60086,6400,1760,0.275000,1144,65.0000,130,7.3864,634,18.5000,501,0.9375,1.000000,false,6.512,0.887316,0.414176
Expert,80,80,60087,6400,1598,0.249688,1035,64.7685,135,8.4481,638,15.6176,750,0.9375,0.835443,false,6.263,0.811279,0.408192
Expert,80,80,60088,6400,2343,0.366094,1518,64.7887,169,7.2130,645,11.5765,422,0.9375,1.000000,false,6.719,1.068445,0.418134
Expert,80,80,60089,6400,2512,0.392500,1618,64.4108,169,6.7277,654,11.0058,560,1.0000,1.000000,false,4.847,1.131754,0.419420
Expert,80,80,60090,6400,2292,0.358125,1484,64.7469,168,7.3298,559,11.3353,680,0.9375,1.000000,false,8.433,1.052341,0.416159
Expert,80,80,60091,6400,1763,0.275469,1137,64.4923,127,7.2036,661,19.2344,725,0.9375,1.000000,false,3.917,0.886449,0.414784
Expert,80,80,60092,6400,2315,0.361719,1483,64.0605,141,6.0907,618,15.3889,432,1.0000,1.000000,false,4.625,1.068811,0.417513
Expert,80,80,60093,6400,1564,0.244375,1009,64.5141,101,6.4578,611,25.4455,576,0.9375,1.000000,false,5.075,0.824554,0.417408
Expert,80,80,60094,6400,2052,0.320625,1295,63.1092,160,7.7973,641,12.0494,561,1.0000,1.000000,false,6.066,0.983213,0.411815
Expert,80,80,60095,6400,1804,0.281875,1190,65.9645,151,8.3703,608,13.2745,602,0.8750,1.000000,false,4.231,0.892070,0.409748
Expert,80,80,60096,6400,1775,0.277344,1157,65.1831,133,7.4930,623,20.0370,767,1.0000,1.000000,false,3.943,0.905157,0.420748
Expert,80,80,60097,6400,2778,0.434063,1825,65.6947,198,7.1274,632,9.9650,184,1.0000,1.000000,false,4.508,1.221726,0.432634
Expert,80,80,60098,6400,1604,0.250625,1011,63.0299,131,8.1671,630,20.0526,851,0.8125,1.000000,false,3.986,0.807211,0.419523
Expert,80,80,60099,6400,2139,0.334219,1357,63.4409,162,7.5736,627,14.1455,615,1.0000,1.000000,false,3.960,1.011490,0.420206
Expert,80,80,60100,6400,2631,0.411094,1654,62.8658,185,7.0315,657,9.9893,326,1.0000,1.000000,false,4.433,1.160592,0.424860
Expert,80,80,60101,6400,2287,0.357344,1488,65.0634,170,7.4333,665,14.2339,393,1.0000,1.000000,false,4.198,1.064741,0.426017
Expert,80,80,60102,6400,1836,0.286875,1247,67.9194,156,8.4967,631,15.9051,1112,1.0000,1.000000,false,4.104,0.934365,0.420733
Expert,80,80,60103,6400,2226,0.347813,1441,64.7350,179,8.0413,648,13.5055,679,0.8750,1.000000,false,4.555,1.019203,0.426962
Expert,80,80,60104,6400,1968,0.307500,1253,63.6687,149,7.5711,640,13.6711,467,0.9375,1.000000,false,4.241,0.947012,0.410684
Expert,80,80,60105,6400,2288,0.357500,1461,63.8549,149,6.5122,626,12.0654,384,1.0000,1.000000,false,4.744,1.059479,0.410077
Expert,80,80,60106,6400,2254,0.352187,1455,64.5519,198,8.7844,643,12.3450,399,1.0000,1.000000,false,4.368,1.052103,0.432078
Expert,80,80,60107,6400,1572,0.245625,1004,63.8677,115,7.3155,646,22.0598,712,1.0000,1.000000,false,3.982,0.837497,0.415780
Expert,80,80,60108,6400,2756,0.430625,1761,63.8970,232,8.4180,636,9.3319,581,1.0000,1.000000,false,4.516,1.204833,0.442530
Expert,80,80,60109,6400,1630,0.254688,1049,64.3558,135,8.2822,659,18.2426,810,0.8750,1.000000,false,4.090,0.832088,0.416237
Expert,80,80,60110,6400,2061,0.322031,1329,64.4833,164,7.9573,662,14.9212,681,0.8750,1.000000,false,4.097,0.966700,0.422811
Expert,80,80,60111,6400,1808,0.282500,1152,63.7168,132,7.3009,630,18.1742,562,0.9375,1.000000,false,4.069,0.897634,0.414553
Expert,80,80,60112,6400,2245,0.350781,1449,64.5434,156,6.9488,638,13.2025,516,0.9375,1.000000,false,4.139,1.036761,0.415980
Expert,80,80,60113,6400,1765,0.275781,1128,63.9093,114,6.4589,643,20.1897,594,0.9375,0.936709,false,3.921,0.875503,0.410416
Expert,80,80,60114,6400,2247,0.351094,1459,64.9310,167,7.4321,661,12.6163,324,1.0000,1.000000,false,3.989,1.051640,0.419075
Expert,80,80,60115,6400,1950,0.304688,1255,64.3590,180,9.2308,520,8.2099,400,0.8750,0.974684,false,3.763,0.927854,0.409370
Expert,80,80,60116,6400,2105,0.328906,1362,64.7031,150,7.1259,639,15.0714,580,1.0000,1.000000,false,4.092,1.006333,0.417029
Expert,80,80,60117,6400,2555,0.399219,1623,63.5225,195,7.6321,639,8.8400,363,1.0000,1.000000,false,4.294,1.140560,0.423712
Expert,80,80,60118,6400,1942,0.303438,1245,64.1092,124,6.3852,626,16.9040,1117,0.9375,1.000000,false,4.096,0.940684,0.407708
Expert,80,80,60119,6400,2773,0.433281,1806,65.1280,225,8.1140,642,8.3656,312,0.9375,1.000000,false,4.311,1.204489,0.437267
Expert,80,80,60120,6400,1690,0.264062,1098,64.9704,130,7.6923,630,19.1504,958,0.8125,1.000000,false,3.895,0.840348,0.415987
Expert,80,80,60121,6400,1995,0.311719,1282,64.2607,124,6.2155,634,15.6290,640,1.0000,1.000000,false,4.051,0.970255,0.404512
Expert,80,80,60122,6400,1945,0.303906,1286,66.1183,147,7.5578,645,16.8133,765,0.9375,1.000000,false,3.995,0.949494,0.419292
Expert,80,80,60123,6400,1969,0.307656,1272,64.6013,162,8.2275,548,10.2561,371,1.0000,1.000000,false,3.834,0.963524,0.406622
Expert,80,80,60124,6400,1936,0.302500,1192,61.5702,139,7.1798,654,15.8000,389,0.9375,1.000000,false,4.037,0.928911,0.411923
Expert,80,80,60125,6400,2297,0.358906,1440,62.6905,140,6.0949,625,13.2113,480,0.9375,1.000000,false,11.229,1.044377,0.409906
Expert,80,80,60126,6400,1861,0.290781,1206,64.8039,149,8.0064,644,11.5333,751,0.7500,1.000000,false,4.812,0.880632,0.403341
Expert,80,80,60127,6400,2187,0.341719,1426,65.2035,141,6.4472,645,15.5423,403,1.0000,1.000000,false,4.386,1.034106,0.415557
Expert,80,80,60128,6400,1889,0.295156,1226,64.9021,109,5.7702,635,19.2124,724,0.9375,1.000000,false,4.291,0.927242,0.406288
Expert,80,80,60129,6400,1892,0.295625,1197,63.2664,135,7.1353,659,17.3577,1063,0.9375,1.000000,false,3.949,0.921939,0.414283
Expert,80,80,60130,6400,2122,0.331562,1369,64.5146,208,9.8021,647,11.8785,1120,1.0000,1.000000,false,4.188,1.010827,0.434610
Expert,80,80,60131,6400,2296,0.358750,1394,60.7143,144,6.2718,612,14.2759,500,1.0000,1.000000,false,4.426,1.047421,0.414955
Expert,80,80,60132,6400,3273,0.511406,2133,65.1696,273,8.3410,645,6.2410,216,1.0000,1.000000,false,4.902,1.250000,0.456335
Expert,80,80,60133,6400,2093,0.327031,1326,63.3540,150,7.1667,622,13.7039,457,1.0000,1.000000,false,4.312,0.996898,0.412602
Expert,80,80,60134,6400,2455,0.383594,1568,63.8697,173,7.0468,643,9.8343,551,1.0000,0.924051,false,4.440,1.099944,0.416279
Expert,80,80,60135,6400,1728,0.270000,1110,64.2361,122,7.0602,493,12.4524,391,0.8750,1.000000,false,3.894,0.862158,0.390516
Expert,80,80,60136,6400,2170,0.339062,1412,65.0691,169,7.7880,626,14.3235,703,1.0000,1.000000,false,4.291,1.028201,0.424360
Expert,80,80,60137,6400,2142,0.334688,1399,65.3128,173,8.0766,639,12.2898,500,0.9375,1.000000,false,4.307,1.008002,0.419577
Expert,80,80,60138,6400,1625,0.253906,1024,63.0154,121,7.4462,640,16.9426,838,0.9375,1.000000,false,3.676,0.838641,0.403579
Expert,80,80,60139,6400,2189,0.342031,1394,63.6820,160,7.3093,640,13.3395,522,1.0000,1.000000,false,4.066,1.028017,0.417388
Expert,80,80,60140,6400,1869,0.292031,1179,63.0819,141,7.5441,638,15.1197,562,1.0000,1.000000,false,3.988,0.926639,0.410300
Expert,80,80,60141,6400,2108,0.329375,1375,65.2277,182,8.6338,650,14.0924,968,0.9375,1.000000,false,3.950,0.996998,0.429189
Expert,80,80,60142,6400,2450,0.382813,1562,63.7551,183,7.4694,642,11.0328,378,1.0000,1.000000,false,4.318,1.109220,0.424015
Expert,80,80,60143,6400,1817,0.283906,1138,62.6307,139,7.6500,622,12.3165,527,0.9375,0.898734,false,4.031,0.881253,0.400161
Expert,80,80,60144,6400,1826,0.285313,1129,61.8291,137,7.5027,613,15.3188,722,0.8750,1.000000,false,4.123,0.883761,0.408493
Expert,80,80,60145,6400,2642,0.412813,1697,64.2316,186,7.0401,632,9.7273,484,1.0000,1.000000,false,4.144,1.171256,0.424643
Expert,80,80,60146,6400,1668,0.260625,1085,65.0480,121,7.2542,643,21.4959,828,0.9375,1.000000,false,3.868,0.858737,0.417904
Expert,80,80,60147,6400,1807,0.282344,1154,63.8628,107,5.9214,618,16.9537,740,0.8750,0.987342,false,4.068,0.883457,0.396898
Expert,80,80,60148,6400,2242,0.350313,1452,64.7636,188,8.3854,620,13.2969,746,1.0000,1.000000,false,4.222,1.049322,0.430500
Expert,80,80,60149,6400,1746,0.272813,1144,65.5212,134,7.6747,647,18.3382,413,0.9375,1.000000,false,4.044,0.884777,0.415898
Expert,80,80,60150,6400,2503,0.391094,1571,62.7647,173,6.9117,623,10.9017,384,1.0000,1.000000,false,4.188,1.120646,0.420513
Expert,80,80,60151,6400,2351,0.367344,1559,66.3122,172,7.3160,638,11.6092,444,0.8750,1.000000,false,4.037,1.065662,0.419642
Expert,80,80,60152,6400,2264,0.353750,1428,63.0742,154,6.8021,613,14.8077,734,0.9375,1.000000,false,4.174,1.035973,0.420420
Expert,80,80,60153,6400,1574,0.245938,1017,64.6125,93,5.9085,621,21.9149,803,0.9375,1.000000,false,3.968,0.827981,0.401350
Expert,80,80,60154,6400,1739,0.271719,1132,65.0949,120,6.9005,589,18.8689,451,1.0000,1.000000,false,3.918,0.893589,0.409486
Expert,80,80,60155,6400,1839,0.287344,1209,65.7423,139,7.5585,660,16.9640,614,1.0000,1.000000,false,4.022,0.927247,0.414800
Expert,80,80,60156,6400,2162,0.337813,1427,66.0037,141,6.5217,623,15.4014,709,1.0000,1.000000,false,4.167,1.029774,0.414691
Expert,80,80,60157,6400,1907,0.297969,1247,65.3907,126,6.6072,645,17.1890,1096,0.8125,0.886076,false,4.053,0.892652,0.409179
Expert,80,80,60158,6400,1984,0.310000,1282,64.6169,143,7.2077,631,16.4552,512,0.9375,1.000000,false,4.092,0.955760,0.416499
Expert,80,80,60159,6400,2019,0.315469,1292,63.9921,173,8.5686,624,13.9943,835,0.9375,1.000000,false,4.126,0.964124,0.424059
Expert,80,80,60160,6400,1755,0.274219,1133,64.5584,109,6.2108,603,15.4364,569,1.0000,1.000000,false,7.609,0.896692,0.392613
Expert,80,80,60161,6400,2069,0.323281,1319,63.7506,150,7.2499,650,13.7105,664,1.0000,1.000000,false,4.328,0.991135,0.412329
Expert,80,80,60162,6400,2122,0.331562,1411,66.4939,159,7.4929,651,12.0881,597,0.8750,0.987342,false,4.542,0.992396,0.412173
Expert,80,80,60163,6400,2000,0.312500,1279,63.9500,167,8.3500,612,11.3684,306,0.9375,1.000000,false,4.479,0.958057,0.412776
Expert,80,80,60164,6400,1805,0.282031,1126,62.3823,147,8.1440,633,15.9060,727,0.9375,1.000000,false,4.280,0.891848,0.415756
Expert,80,80,60165,6400,2306,0.360312,1476,64.0069,174,7.5455,627,12.8192,481,0.9375,1.000000,false,4.618,1.053267,0.423609
Expert,80,80,60166,6400,1841,0.287656,1185,64.3672,114,6.1923,618,18.3966,485,0.9375,1.000000,false,4.485,0.910271,0.405709
Expert,80,80,60167,6400,2281,0.356406,1480,64.8838,152,6.6637,630,12.9805,343,1.0000,1.000000,false,4.589,1.062040,0.414123
Expert,80,80,60168,6400,1612,0.251875,1022,63.3995,129,8.0025,641,21.1385,645,0.9375,1.000000,false,4.508,0.835880,0.421645
Expert,80,80,60169,6400,2044,0.319375,1344,65.7534,167,8.1703,644,13.5090,873,0.8750,1.000000,false,4.476,0.966641,0.419731
Expert,80,80,60170,6400,2030,0.317188,1323,65.1724,144,7.0936,669,13.4218,411,1.0000,1.000000,false,4.470,0.984869,0.408035
Expert,80,80,60171,6400,2290,0.357812,1469,64.1485,170,7.4236,638,11.2339,519,1.0000,1.000000,false,4.739,1.061454,0.416686
Expert,80,80,60172,6400,1890,0.295312,1190,62.9630,118,6.2434,640,16.0924,434,0.9375,1.000000,false,4.248,0.920165,0.401316
Expert,80,80,60173,6400,2401,0.375156,1526,63.5569,169,7.0387,647,12.0000,530,1.0000,1.000000,false,4.505,1.093076,0.420434
Expert,80,80,60174,6400,1626,0.254063,1032,63.4686,112,6.8881,632,18.5398,501,1.0000,1.000000,false,4.105,0.852935,0.403036
Expert,80,80,60175,6400,1806,0.282187,1122,62.1262,139,7.6966,633,17.6525,524,0.8750,1.000000,false,4.415,0.878723,0.416786
Expert,80,80,60176,6400,2463,0.384844,1586,64.3930,185,7.5112,632,10.6613,558,1.0000,1.000000,false,5.451,1.116416,0.423881
Expert,80,80,60177,6400,2150,0.335938,1358,63.1628,166,7.7209,602,12.4345,534,0.9375,1.000000,false,4.490,1.001187,0.416848
Expert,80,80,60178,6400,2216,0.346250,1437,64.8466,178,8.0325,623,12.1593,438,1.0000,1.000000,false,7.726,1.041583,0.422198
Expert,80,80,60179,6400,2743,0.428594,1785,65.0747,216,7.8746,646,9.3733,232,1.0000,1.000000,false,4.399,1.207314,0.436615
Expert,80,80,60180,6400,1642,0.256563,1038,63.2156,100,6.0901,347,11.8020,174,0.9375,1.000000,false,3.512,0.844546,0.374751
Expert,80,80,60181,6400,1912,0.298750,1259,65.8473,152,7.9498,551,11.8831,542,0.9375,1.000000,false,4.180,0.938066,0.406258
Expert,80,80,60182,6400,2239,0.349844,1448,64.6717,157,7.0121,641,13.3208,673,0.9375,1.000000,false,4.584,1.035472,0.416701
Expert,80,80,60183,6400,1582,0.247188,1004,63.4640,92,5.8154,620,21.0000,845,0.8125,1.000000,false,4.217,0.801811,0.397935
Expert,80,80,60184,6400,2004,0.313125,1307,65.2196,137,6.8363,604,17.8440,798,0.9375,1.000000,false,4.441,0.964428,0.418063
Expert,80,80,60185,6400,1598,0.249688,1035,64.7685,97,6.0701,621,23.5408,670,0.8750,1.000000,false,4.253,0.823462,0.409172
Expert,80,80,60186,6400,1801,0.281406,1169,64.9084,121,6.7185,655,20.2258,715,0.8750,1.000000,false,4.370,0.887292,0.414812
Expert,80,80,60187,6400,2288,0.357500,1443,63.0682,175,7.6486,625,13.4205,625,0.8750,1.000000,false,4.577,1.030850,0.425675
Expert,80,80,60188,6400,2339,0.365469,1485,63.4887,153,6.5413,612,11.0260,597,1.0000,1.000000,false,4.430,1.073566,0.409509
Expert,80,80,60189,6400,2820,0.440625,1798,63.7589,191,6.7730,606,9.6302,209,1.0000,1.000000,false,4.707,1.223899,0.430012
Expert,80,80,60190,6400,1912,0.298750,1215,63.5460,128,6.6946,629,17.4385,692,0.8750,1.000000,false,4.321,0.916695,0.411066
Expert,80,80,60191,6400,1991,0.311094,1283,64.4400,161,8.0864,660,15.6687,951,1.0000,1.000000,false,4.413,0.969732,0.423157
Expert,80,80,60192,6400,2003,0.312969,1274,63.6046,147,7.3390,676,14.0884,524,1.0000,1.000000,false,4.398,0.970093,0.411307
Expert,80,80,60193,6400,2344,0.366250,1514,64.5904,161,6.8686,656,11.7006,406,1.0000,1.000000,false,4.929,1.080320,0.415125
Expert,80,80,60194,6400,2379,0.371719,1547,65.0273,179,7.5242,626,10.4153,563,0.9375,1.000000,false,4.827,1.080820,0.419305
Expert,80,80,60195,6400,1640,0.256250,1084,66.0976,124,7.5610,632,20.3175,643,0.9375,1.000000,false,4.348,0.853458,0.415977
Expert,80,80,60196,6400,1863,0.291094,1162,62.3725,158,8.4809,603,15.2857,903,0.8750,1.000000,false,4.550,0.897124,0.419905
Expert,80,80,60197,6400,1735,0.271094,1115,64.2651,122,7.0317,551,13.8710,375,0.9375,1.000000,false,4.549,0.876936,0.394992
Expert,80,80,60198,6400,2058,0.321562,1295,62.9252,145,7.0457,600,12.7114,476,0.9375,1.000000,false,4.608,0.971801,0.406649
Expert,80,80,60199,6400,1687,0.263594,1109,65.7380,128,7.5874,652,14.9766,1186,0.8125,1.000000,false,4.654,0.842021,0.401754
Expert,80,80,60200,6400,1663,0.259844,1031,61.9964,128,7.6969,647,21.2344,692,1.0000,1.000000,false,4.585,0.859443,0.421280
Expert,80,80,60201,6400,2082,0.325313,1331,63.9289,153,7.3487,655,13.2581,623,0.8750,1.000000,false,4.549,0.970912,0.412512
Expert,80,80,60202,6400,1583,0.247344,996,62.9185,102,6.4435,632,22.5294,990,0.9375,1.000000,false,4.241,0.825379,0.409042
Expert,80,80,60203,6400,1757,0.274531,1125,64.0296,118,6.7160,630,18.0085,491,0.9375,1.000000,false,4.587,0.882941,0.405796
Expert,80,80,60204,6400,2331,0.364219,1516,65.0365,169,7.2501,635,13.0353,320,0.9375,1.000000,false,4.795,1.065865,0.422502
Expert,80,80,60205,6400,2655,0.414844,1696,63.8795,200,7.5330,639,9.7562,314,1.0000,1.000000,false,4.831,1.173412,0.430271
Expert,80,80,60206,6400,2424,0.378750,1575,64.9752,168,6.9307,636,12.6369,523,0.9375,1.000000,false,4.834,1.094626,0.422422
Expert,80,80,60207,6400,1798,0.280938,1155,64.2380,138,7.6752,620,20.7899,1161,0.9375,1.000000,false,4.344,0.896425,0.426001
Expert,80,80,60208,6400,2158,0.337187,1435,66.4968,157,7.2753,646,13.3671,304,1.0000,1.000000,false,4.850,1.030662,0.415681
Expert,80,80,60209,6400,2938,0.459062,1927,65.5888,211,7.1818,622,9.1801,215,1.0000,1.000000,false,5.084,1.250000,0.438224
Expert,80,80,60210,6400,2480,0.387500,1614,65.0806,199,8.0242,665,9.8500,442,1.0000,1.000000,false,4.935,1.125144,0.427273
Expert,80,80,60211,6400,1543,0.241094,977,63.3182,104,6.7401,642,21.8190,1033,0.8750,1.000000,false,4.398,0.801794,0.407914
Expert,80,80,60212,6400,2103,0.328594,1344,63.9087,156,7.4180,657,14.7722,454,1.0000,1.000000,false,4.676,1.002341,0.418921
Expert,80,80,60213,6400,2422,0.378437,1559,64.3683,188,7.7622,666,10.9788,412,1.0000,1.000000,false,4.679,1.103537,0.425462
Expert,80,80,60214,6400,2318,0.362187,1449,62.5108,182,7.8516,561,11.6364,783,1.0000,1.000000,false,4.697,1.062500,0.423536
Expert,80,80,60215,6400,2281,0.356406,1424,62.4288,168,7.3652,637,11.6036,531,0.9375,1.000000,false,4.648,1.038250,0.416835
Expert,80,80,60216,6400,1990,0.310937,1247,62.6633,148,7.4372,666,15.7297,421,1.0000,1.000000,false,4.622,0.962292,0.416809
Expert,80,80,60217,6400,1942,0.303438,1258,64.7786,143,7.3635,643,15.6781,318,1.0000,1.000000,false,5.366,0.955805,0.413661
Expert,80,80,60218,6400,1655,0.258594,1032,62.3565,130,7.8550,606,17.4733,788,0.9375,1.000000,false,4.393,0.845694,0.410732
Expert,80,80,60219,6400,2631,0.411094,1700,64.6142,196,7.4496,663,9.8010,340,1.0000,1.000000,false,4.829,1.169866,0.428453
Expert,80,80,60220,6400,2467,0.385469,1552,62.9104,177,7.1747,647,12.4078,408,1.0000,1.000000,false,4.711,1.110287,0.426162
Expert,80,80,60221,6400,2401,0.375156,1557,64.8480,186,7.7468,644,11.9096,399,0.9375,1.000000,false,5.206,1.086826,0.427232
Expert,80,80,60222,6400,2693,0.420781,1730,64.2406,217,8.0579,663,8.6743,270,1.0000,1.000000,false,5.048,1.187158,0.433921
Expert,80,80,60223,6400,2060,0.321875,1353,65.6796,123,5.9709,629,16.2419,513,0.9375,1.000000,false,4.461,0.983857,0.407027
Expert,80,80,60224,6400,2206,0.344687,1408,63.8259,157,7.1170,634,12.3711,470,1.0000,1.000000,false,4.444,1.033923,0.413235
Expert,80,80,60225,6400,2471,0.386094,1594,64.5083,185,7.4868,655,10.9415,266,1.0000,1.000000,false,4.827,1.119480,0.424889
Expert,80,80,60226,6400,2529,0.395156,1582,62.5544,197,7.7896,587,9.3182,196,1.0000,1.000000,false,4.541,1.127579,0.425563
Expert,80,80,60227,6400,2424,0.378750,1582,65.2640,193,7.9620,594,9.2732,234,1.0000,1.000000,false,4.643,1.108537,0.422224
Expert,80,80,60228,6400,1910,0.298438,1198,62.7225,149,7.8010,625,16.6933,610,0.9375,1.000000,false,4.472,0.925405,0.419708
Expert,80,80,60229,6400,1761,0.275156,1095,62.1806,124,7.0415,636,16.4516,735,0.9375,1.000000,false,4.204,0.877618,0.404373
Expert,80,80,60230,6400,2478,0.387188,1553,62.6715,182,7.3446,616,11.9126,331,1.0000,1.000000,false,4.784,1.112483,0.426829
Expert,80,80,60231,6400,1897,0.296406,1232,64.9446,151,7.9599,609,12.8013,568,1.0000,1.000000,false,4.630,0.942403,0.408525
Expert,80,80,60232,6400,2374,0.370937,1540,64.8694,161,6.7818,630,13.1707,312,1.0000,1.000000,false,5.584,1.091002,0.420258
Expert,80,80,60233,6400,2296,0.358750,1458,63.5017,169,7.3606,641,12.9474,344,1.0000,1.000000,false,4.966,1.060325,0.421692
Expert,80,80,60234,6400,2109,0.329531,1379,65.3864,154,7.3020,612,12.5290,559,0.8750,1.000000,false,4.829,0.985485,0.411033
Expert,80,80,60235,6400,2450,0.382813,1571,64.1224,189,7.7143,638,12.1376,285,1.0000,1.000000,false,5.005,1.111034,0.429917
Expert,80,80,60236,6400,1630,0.254688,1025,62.8834,142,8.7117,629,16.6736,862,0.8750,1.000000,false,4.591,0.827249,0.415628
Expert,80,80,60237,6400,2899,0.452969,1871,64.5395,215,7.4164,655,9.3287,153,1.0000,1.000000,false,5.111,1.250000,0.439206
Expert,80,80,60238,6400,2284,0.356875,1445,63.2662,171,7.4869,604,11.3886,572,1.0000,1.000000,false,4.720,1.055528,0.417520
Expert,80,80,60239,6400,2694,0.420938,1696,62.9547,191,7.0898,628,10.7120,501,1.0000,1.000000,false,4.674,1.180485,0.430655
Expert,80,80,60240,6400,2217,0.346406,1387,62.5620,173,7.8033,639,12.7701,435,0.9375,1.000000,false,4.586,1.019184,0.421862
Expert,80,80,60241,6400,1878,0.293438,1240,66.0277,108,5.7508,647,17.4587,755,1.0000,1.000000,false,4.196,0.940570,0.400098
Expert,80,80,60242,6400,1670,0.260937,1041,62.3353,98,5.8683,642,18.7959,605,0.9375,0.898734,false,4.494,0.835039,0.395701
Expert,80,80,60243,6400,2748,0.429375,1754,63.8282,204,7.4236,640,9.5388,331,1.0000,1.000000,false,4.939,1.201971,0.432857
Expert,80,80,60244,6400,2737,0.427656,1767,64.5597,210,7.6726,656,9.4387,469,1.0000,1.000000,false,4.838,1.202597,0.434519
Expert,80,80,60245,6400,2596,0.405625,1660,63.9445,187,7.2034,627,10.4526,659,1.0000,1.000000,false,4.638,1.155455,0.426386
Expert,80,80,60246,6400,1669,0.260781,1091,65.3685,122,7.3098,574,12.6129,549,0.9375,1.000000,false,10.977,0.860128,0.390747
Expert,80,80,60247,6400,2458,0.384062,1604,65.2563,222,9.0317,656,10.6579,832,1.0000,1.000000,false,4.635,1.119138,0.438842
Expert,80,80,60248,6400,2480,0.387500,1590,64.1129,180,7.2581,652,10.8840,414,1.0000,1.000000,false,4.650,1.120305,0.422843
Expert,80,80,60249,6400,2264,0.353750,1440,63.6042,155,6.8463,609,13.9103,417,0.9375,1.000000,false,4.604,1.038393,0.418057
Expert,80,80,60250,6400,2763,0.431719,1740,62.9750,194,7.0214,629,9.3232,373,1.0000,1.000000,false,4.999,1.201869,0.428864
Expert,80,80,60251,6400,2007,0.313594,1287,64.1256,154,7.6731,647,13.9545,739,0.8750,1.000000,false,4.532,0.948440,0.414418
Expert,80,80,60252,6400,2532,0.395625,1628,64.2970,173,6.8325,645,11.4057,483,1.0000,1.000000,false,4.762,1.137397,0.422656
Expert,80,80,60253,6400,2185,0.341406,1397,63.9359,175,8.0092,640,13.4716,573,1.0000,1.000000,false,4.506,1.027897,0.424612
Expert,80,80,60254,6400,2441,0.381406,1574,64.4818,194,7.9476,640,10.4154,690,0.9375,0.886076,false,4.674,1.080418,0.426446
Expert,80,80,60255,6400,1583,0.247344,1012,63.9292,127,8.0227,639,19.0156,813,0.9375,1.000000,false,4.261,0.828605,0.413854
Expert,80,80,60256,6400,2463,0.384844,1577,64.0276,192,7.7954,637,9.4663,604,1.0000,1.000000,false,4.652,1.114602,0.422989
Expert,80,80,60257,6400,1968,0.307500,1254,63.7195,148,7.5203,626,16.4094,522,0.8750,1.000000,false,4.310,0.934714,0.418733
Expert,80,80,60258,6400,2354,0.367812,1486,63.1266,167,7.0943,646,12.7857,367,1.0000,1.000000,false,4.794,1.076488,0.421242
Expert,80,80,60259,6400,2300,0.359375,1479,64.3043,175,7.6087,642,12.3657,426,1.0000,1.000000,false,4.785,1.065284,0.422542
Expert,80,80,60260,6400,1785,0.278906,1165,65.2661,123,6.8908,634,17.1301,533,1.0000,1.000000,false,4.520,0.908584,0.406111
Expert,80,80,60261,6400,2660,0.415625,1716,64.5113,197,7.4060,663,9.6750,388,1.0000,1.000000,false,4.982,1.178351,0.428982
Expert,80,80,60262,6400,2326,0.363438,1493,64.1874,167,7.1797,645,11.8521,690,0.9375,1.000000,false,4.718,1.060322,0.417866
Expert,80,80,60263,6400,1838,0.287187,1196,65.0707,142,7.7258,653,14.2292,995,0.8750,1.000000,false,4.669,0.899445,0.407880
Expert,80,80,60264,6400,2341,0.365781,1542,65.8693,155,6.6211,648,13.9554,230,1.0000,1.000000,false,4.736,1.085421,0.419556
Expert,80,80,60265,6400,1795,0.280469,1153,64.2340,111,6.1838,635,20.0965,1345,1.0000,1.000000,false,4.414,0.907978,0.408781
Expert,80,80,60266,6400,1829,0.285781,1185,64.7895,140,7.6545,641,18.2199,696,0.9375,1.000000,false,4.485,0.908095,0.419216
Expert,80,80,60267,6400,2637,0.412031,1717,65.1119,177,6.7122,619,11.4775,365,1.0000,1.000000,false,4.980,1.174382,0.426598
Expert,80,80,60268,6400,1780,0.278125,1157,65.0000,143,8.0337,573,11.7413,498,0.8750,1.000000,false,4.257,0.881064,0.400466
Expert,80,80,60269,6400,2704,0.422500,1727,63.8683,188,6.9527,642,10.4096,435,0.9375,1.000000,false,4.757,1.176048,0.428807
Expert,80,80,60270,6400,1994,0.311563,1292,64.7944,154,7.7232,639,15.9355,636,0.9375,1.000000,false,4.512,0.959590,0.420499
Expert,80,80,60271,6400,2026,0.316563,1280,63.1787,139,6.8608,639,13.0571,609,0.9375,1.000000,false,4.544,0.962974,0.404380
Expert,80,80,60272,6400,1717,0.268281,1076,62.6674,111,6.4648,489,15.1261,186,0.8750,1.000000,false,4.265,0.853309,0.392401
Expert,80,80,60273,6400,2549,0.398281,1606,63.0051,213,8.3562,652,9.8592,438,1.0000,1.000000,false,4.651,1.136044,0.433856
Expert,80,80,60274,6400,2083,0.325469,1350,64.8104,127,6.0970,621,16.7907,395,1.0000,1.000000,false,4.676,0.999924,0.411081
Expert,80,80,60275,6400,2449,0.382656,1557,63.5770,188,7.6766,663,11.5876,424,1.0000,1.000000,false,4.844,1.108030,0.427774
Expert,80,80,60276,6400,1874,0.292812,1195,63.7673,150,8.0043,643,15.3000,504,0.8750,1.000000,false,4.415,0.905772,0.415699
Expert,80,80,60277,6400,1760,0.275000,1125,63.9205,124,7.0455,650,18.7840,689,1.0000,1.000000,false,4.315,0.895986,0.411655
Expert,80,80,60278,6400,1925,0.300781,1238,64.3117,147,7.6364,661,13.5425,654,0.9375,1.000000,false,4.573,0.936190,0.408918
Expert,80,80,60279,6400,2375,0.371094,1556,65.5158,163,6.8632,628,11.8072,448,1.0000,1.000000,false,4.759,1.094409,0.416857
Expert,80,80,60280,6400,1926,0.300938,1250,64.9013,156,8.0997,659,12.6752,756,1.0000,1.000000,false,3.745,0.951291,0.410888
Expert,80,80,60281,6400,2269,0.354531,1461,64.3896,138,6.0820,614,14.8369,535,1.0000,1.000000,false,4.169,1.056033,0.413544
Expert,80,80,60282,6400,1662,0.259688,1042,62.6955,112,6.7389,604,19.1518,491,0.8750,1.000000,false,7.978,0.836480,0.405144
Expert,80,80,60283,6400,2299,0.359219,1464,63.6799,170,7.3945,632,11.6279,330,1.0000,1.000000,false,4.820,1.062078,0.418048
Expert,80,80,60284,6400,2616,0.408750,1716,65.5963,198,7.5688,657,10.1515,502,0.9375,1.000000,false,5.014,1.157872,0.430037
Expert,80,80,60285,6400,1860,0.290625,1168,62.7957,137,7.3656,635,13.5180,923,0.8750,1.000000,false,4.811,0.897790,0.403087
Expert,80,80,60286,6400,2490,0.389062,1587,63.7349,194,7.7912,657,10.2974,656,1.0000,1.000000,false,4.640,1.121514,0.426810
Expert,80,80,60287,6400,2050,0.320313,1303,63.5610,149,7.2683,647,15.9866,359,1.0000,1.000000,false,4.645,0.984463,0.418735
Expert,80,80,60288,6400,2545,0.397656,1623,63.7721,194,7.6228,643,9.8543,481,1.0000,0.949367,false,4.889,1.131151,0.426319
Expert,80,80,60289,6400,2114,0.330313,1400,66.2252,166,7.8524,613,14.4024,886,0.9375,1.000000,false,7.908,1.003126,0.422625
Expert,80,80,60290,6400,2404,0.375625,1560,64.8918,180,7.4875,632,12.1311,435,1.0000,1.000000,false,4.702,1.100475,0.425473
Expert,80,80,60291,6400,2240,0.350000,1421,63.4375,154,6.8750,665,13.2293,612,0.8750,1.000000,false,4.685,1.017710,0.415092
Expert,80,80,60292,6400,1589,0.248281,1013,63.7508,89,5.6010,562,24.5843,492,0.8750,1.000000,false,4.443,0.817394,0.407320
Expert,80,80,60293,6400,2604,0.406875,1683,64.6313,184,7.0661,622,10.3261,402,1.0000,1.000000,false,4.811,1.161542,0.424992
Expert,80,80,60294,6400,1843,0.287969,1179,63.9718,129,6.9995,650,19.4000,466,1.0000,1.000000,false,4.299,0.921924,0.417010
Expert,80,80,60295,6400,2679,0.418594,1727,64.4644,212,7.9134,627,10.3832,484,1.0000,1.000000,false,4.929,1.184014,0.437160
Expert,80,80,60296,6400,2277,0.355781,1461,64.1634,181,7.9491,646,10.7849,754,1.0000,1.000000,false,4.627,1.057484,0.419928
Expert,80,80,60297,6400,2424,0.378750,1529,63.0776,170,7.0132,624,12.8655,523,1.0000,1.000000,false,4.762,1.097852,0.423962
Expert,80,80,60298,6400,2010,0.314063,1291,64.2289,143,7.1144,657,14.8562,542,1.0000,1.000000,false,4.422,0.974790,0.411789
Expert,80,80,60299,6400,1963,0.306719,1274,64.9007,123,6.2659,634,19.2778,613,0.8750,1.000000,false,4.434,0.937839,0.414918
Expert,80,80,60300,6400,2256,0.352500,1414,62.6773,185,8.2004,662,12.3172,576,1.0000,1.000000,false,4.635,1.044200,0.426245
Expert,80,80,60301,6400,1919,0.299844,1206,62.8452,132,6.8786,650,16.5714,633,0.9375,1.000000,false,4.306,0.928650,0.410525
Expert,80,80,60302,6400,1924,0.300625,1212,62.9938,128,6.6528,624,15.5426,676,1.0000,1.000000,false,4.554,0.943267,0.405286
Expert,80,80,60303,6400,1854,0.289687,1179,63.5922,148,7.9827,643,16.6667,735,0.9375,1.000000,false,4.438,0.911419,0.418817
Expert,80,80,60304,6400,2326,0.363438,1502,64.5744,164,7.0507,638,12.3293,463,1.0000,1.000000,false,4.581,1.074636,0.418068
Expert,80,80,60305,6400,1791,0.279844,1162,64.8800,104,5.8068,632,21.0865,590,0.9375,0.987342,false,4.406,0.894668,0.407917
Expert,80,80,60306,6400,1582,0.247188,1030,65.1075,105,6.6372,624,22.0857,564,1.0000,1.000000,false,4.344,0.844552,0.409546
Expert,80,80,60307,6400,2041,0.318906,1334,65.3601,145,7.1044,644,14.3310,536,0.8750,1.000000,false,4.467,0.964081,0.411500
Expert,80,80,60308,6400,2316,0.361875,1464,63.2124,170,7.3402,634,11.4419,472,0.9375,1.000000,false,4.707,1.052661,0.417721
Expert,80,80,60309,6400,1841,0.287656,1205,65.4536,143,7.7675,646,17.8182,1033,0.9375,1.000000,false,4.330,0.914304,0.419654
Expert,80,80,60310,6400,2744,0.428750,1753,63.8848,207,7.5437,589,8.8429,421,1.0000,1.000000,false,4.700,1.201044,0.431696
Expert,80,80,60311,6400,1678,0.262188,1077,64.1836,134,7.9857,642,17.7426,792,0.9375,1.000000,false,4.163,0.858938,0.413959
Expert,80,80,60312,6400,2746,0.429063,1797,65.4406,205,7.4654,616,9.2780,238,1.0000,1.000000,false,4.846,1.210278,0.432367
Expert,80,80,60313,6400,2038,0.318437,1341,65.7998,151,7.4092,616,13.5779,686,1.0000,1.000000,false,4.010,0.989948,0.412055
Expert,80,80,60314,6400,2305,0.360156,1509,65.4664,181,7.8525,652,11.1202,809,0.8750,1.000000,false,4.133,1.047239,0.421323
Expert,80,80,60315,6400,1561,0.243906,1011,64.7662,114,7.3030,658,20.2544,1198,0.8750,1.000000,false,3.419,0.811914,0.409497
Expert,80,80,60316,6400,1660,0.259375,1040,62.6506,117,7.0482,634,18.3613,1049,0.8750,1.000000,false,3.464,0.835714,0.405674
Expert,80,80,60317,6400,3081,0.481406,1987,64.4920,244,7.9195,648,7.4858,223,1.0000,1.000000,false,4.511,1.250000,0.447010
Expert,80,80,60318,6400,2669,0.417031,1728,64.7433,194,7.2686,623,10.1850,240,1.0000,1.000000,false,4.337,1.182403,0.429624
Expert,80,80,60319,6400,2383,0.372344,1577,66.1771,178,7.4696,612,10.2278,212,1.0000,1.000000,false,4.087,1.100094,0.418361
Expert,80,80,60320,6400,2386,0.372812,1523,63.8307,199,8.3403,621,12.5297,808,0.9375,1.000000,false,7.678,1.077251,0.434402
Expert,80,80,60321,6400,2336,0.365000,1527,65.3682,172,7.3630,629,10.4138,565,1.0000,1.000000,false,4.582,1.081490,0.415673
Expert,80,80,60322,6400,2073,0.323906,1326,63.9653,146,7.0429,650,15.0000,887,0.8750,1.000000,false,4.538,0.968271,0.414476
Expert,80,80,60323,6400,2331,0.364219,1464,62.8057,186,7.9794,663,11.4737,455,1.0000,1.000000,false,4.595,1.067881,0.424915
Expert,80,80,60324,6400,2256,0.352500,1433,63.5195,178,7.8901,634,13.2111,459,1.0000,1.000000,false,4.528,1.048030,0.425935
Expert,80,80,60325,6400,2491,0.389219,1583,63.5488,189,7.5873,641,11.6308,440,1.0000,1.000000,false,4.476,1.120889,0.428985
Expert,80,80,60326,6400,2312,0.361250,1510,65.3114,182,7.8720,653,11.3514,698,0.9375,1.000000,false,4.427,1.061210,0.422568
Expert,80,80,60327,6400,1833,0.286406,1160,63.2842,151,8.2379,666,16.7566,894,0.8750,1.000000,false,4.288,0.891280,0.420665
Expert,80,80,60328,6400,2277,0.355781,1443,63.3729,168,7.3781,599,11.3609,403,1.0000,1.000000,false,4.501,1.053855,0.416019
Expert,80,80,60329,6400,2148,0.335625,1389,64.6648,139,6.4711,639,13.5957,493,0.9375,1.000000,false,4.725,1.007074,0.407886
Expert,80,80,60330,6400,2484,0.388125,1611,64.8551,178,7.1659,650,10.0110,266,1.0000,1.000000,false,4.753,1.125265,0.419381
Expert,80,80,60331,6400,2210,0.345313,1414,63.9819,158,7.1493,643,12.0750,639,1.0000,1.000000,false,4.683,1.035858,0.412821
Expert,80,80,60332,6400,2267,0.354219,1456,64.2258,152,6.7049,624,14.0455,431,0.9375,1.000000,false,4.697,1.042162,0.417207
Expert,80,80,60333,6400,1663,0.259844,1071,64.4017,129,7.7571,561,13.8992,438,0.8750,1.000000,false,4.185,0.842508,0.398959
Expert,80,80,60334,6400,2476,0.386875,1578,63.7318,170,6.8659,624,11.2151,281,1.0000,1.000000,false,4.784,1.117161,0.419769
Expert,80,80,60335,6400,2537,0.396406,1619,63.8155,183,7.2132,626,10.4011,520,1.0000,1.000000,false,8.259,1.136489,0.423558
Expert,80,80,60336,6400,1842,0.287813,1204,65.3637,142,7.7090,607,13.6528,356,0.9375,1.000000,false,4.277,0.914283,0.406099
Expert,80,80,60337,6400,1684,0.263125,1101,65.3800,120,7.1259,578,15.7500,362,1.0000,1.000000,false,4.329,0.877364,0.399415
Expert,80,80,60338,6400,2005,0.313281,1249,62.2943,166,8.2793,561,11.7440,421,0.9375,1.000000,false,3.881,0.952916,0.413478
Expert,80,80,60339,6400,2426,0.379063,1526,62.9019,178,7.3372,631,11.4696,641,0.8750,1.000000,false,4.304,1.072609,0.422933
Expert,80,80,60340,6400,2794,0.436563,1834,65.6407,216,7.7309,689,7.7945,312,1.0000,1.000000,false,4.483,1.226442,0.432635
Expert,80,80,60341,6400,1973,0.308281,1271,64.4197,135,6.8424,646,15.9853,740,0.8750,1.000000,false,4.079,0.939048,0.410862
Expert,80,80,60342,6400,2649,0.413906,1713,64.6659,190,7.1725,627,10.8667,418,1.0000,1.000000,false,4.408,1.175752,0.429855
Expert,80,80,60343,6400,2427,0.379219,1544,63.6176,177,7.2930,659,11.3539,428,1.0000,1.000000,false,7.924,1.101420,0.422176
Expert,80,80,60344,6400,2284,0.356875,1463,64.0543,173,7.5744,647,13.0791,578,0.9375,1.000000,false,4.490,1.046657,0.423679
Expert,80,80,60345,6400,1925,0.300781,1243,64.5714,149,7.7403,563,12.7320,787,0.7500,1.000000,false,4.264,0.899698,0.407425
Expert,80,80,60346,6400,1893,0.295781,1210,63.9197,137,7.2372,628,16.8058,543,1.0000,1.000000,false,4.242,0.937242,0.413624
Expert,80,80,60347,6400,2571,0.401719,1631,63.4384,204,7.9347,639,9.8088,664,0.9375,1.000000,false,4.771,1.132574,0.430515
Expert,80,80,60348,6400,2194,0.342813,1449,66.0438,168,7.6572,663,11.7882,562,0.8125,1.000000,false,4.750,1.002513,0.416254
Expert,80,80,60349,6400,2599,0.406094,1672,64.3324,183,7.0412,642,11.7097,463,1.0000,1.000000,false,4.860,1.158418,0.428833
Expert,80,80,60350,6400,1722,0.269062,1121,65.0987,138,8.0139,668,16.7482,549,0.9375,1.000000,false,4.256,0.875788,0.413196
Expert,80,80,60351,6400,2237,0.349531,1455,65.0425,156,6.9736,635,12.2500,480,0.9375,1.000000,false,4.751,1.036520,0.412877
Expert,80,80,60352,6400,2343,0.366094,1533,65.4289,164,6.9996,636,11.2619,323,0.9375,1.000000,false,8.060,1.071469,0.415017
Expert,80,80,60353,6400,1688,0.263750,1101,65.2251,102,6.0427,630,18.8269,655,0.9375,0.924051,false,4.322,0.854197,0.398386
Expert,80,80,60354,6400,1682,0.262813,1085,64.5065,127,7.5505,621,15.8923,853,0.8750,1.000000,false,4.298,0.848776,0.404013
Expert,80,80,60355,6400,2350,0.367188,1514,64.4255,163,6.9362,644,12.1265,471,0.9375,1.000000,false,4.596,1.068908,0.417413
Expert,80,80,60356,6400,2033,0.317656,1307,64.2892,142,6.9848,670,12.5804,658,0.9375,0.822785,false,4.380,0.943105,0.404458
Expert,80,80,60357,6400,1572,0.245625,1035,65.8397,120,7.6336,657,21.1583,736,0.8750,1.000000,false,4.250,0.818747,0.416143
Expert,80,80,60358,6400,2446,0.382188,1529,62.5102,162,6.6231,629,11.4848,354,1.0000,1.000000,false,4.726,1.101841,0.416777
Expert,80,80,60359,6400,2626,0.410313,1692,64.4326,183,6.9688,642,10.2228,358,1.0000,1.000000,false,5.190,1.167347,0.424728
Expert,80,80,60360,6400,2048,0.320000,1320,64.4531,160,7.8125,651,15.8812,606,0.9375,1.000000,false,4.443,0.975028,0.423754
Expert,80,80,60361,6400,2250,0.351563,1468,65.2444,168,7.4667,578,10.5740,297,1.0000,1.000000,false,4.531,1.053999,0.413179
Expert,80,80,60362,6400,1907,0.297969,1214,63.6602,147,7.7084,648,16.3851,719,0.9375,1.000000,false,4.435,0.928087,0.417679
Expert,80,80,60363,6400,2348,0.366875,1523,64.8637,172,7.3254,669,13.1782,1016,0.9375,1.000000,false,4.743,1.070360,0.424498
Expert,80,80,60364,6400,2221,0.347031,1409,63.4399,157,7.0689,637,13.4114,440,1.0000,1.000000,false,4.061,1.036845,0.416709
Expert,80,80,60365,6400,2388,0.373125,1512,63.3166,187,7.8308,619,13.1789,723,0.9375,1.000000,false,4.228,1.075396,0.431430
Expert,80,80,60366,6400,1985,0.310156,1260,63.4761,137,6.9018,602,15.5252,367,1.0000,1.000000,false,4.112,0.964006,0.410581
Expert,80,80,60367,6400,2781,0.434531,1793,64.4732,204,7.3355,618,9.5971,254,1.0000,1.000000,false,4.386,1.215818,0.433705
Expert,80,80,60368,6400,2170,0.339062,1402,64.6083,173,7.9724,652,13.4148,533,1.0000,1.000000,false,4.271,1.026185,0.423363
Expert,80,80,60369,6400,2058,0.321562,1289,62.6336,130,6.3168,622,16.3609,619,1.0000,1.000000,false,5.346,0.983091,0.410765
Expert,80,80,60370,6400,1941,0.303281,1270,65.4302,115,5.9248,623,18.3136,363,1.0000,1.000000,false,4.423,0.958043,0.407462
Expert,80,80,60371,6400,2531,0.395469,1642,64.8755,188,7.4279,647,11.6402,374,1.0000,1.000000,false,5.121,1.140038,0.429295
Expert,80,80,60372,6400,3047,0.476094,1952,64.0630,247,8.1063,645,7.6667,268,1.0000,1.000000,false,5.678,1.250000,0.447850
Expert,80,80,60373,6400,1860,0.290625,1219,65.5376,117,6.2903,623,16.3445,337,1.0000,1.000000,false,8.444,0.933072,0.401167
Expert,80,80,60374,6400,2469,0.385781,1549,62.7380,180,7.2904,651,11.5380,465,1.0000,1.000000,false,4.794,1.110045,0.424695
Expert,80,80,60375,6400,2265,0.353906,1465,64.6799,161,7.1082,644,13.0932,354,0.8750,1.000000,false,4.507,1.031114,0.418170
Expert,80,80,60376,6400,1992,0.311250,1299,65.2108,131,6.5763,638,15.8561,524,1.0000,0.987342,false,4.654,0.971240,0.408688
Expert,80,80,60377,6400,2979,0.465469,1899,63.7462,238,7.9893,599,7.0456,218,1.0000,1.000000,false,5.037,1.250000,0.441551
Expert,80,80,60378,6400,2742,0.428438,1726,62.9468,211,7.6951,623,9.9528,437,1.0000,1.000000,false,4.959,1.195238,0.436585
Expert,80,80,60379,6400,1874,0.292812,1229,65.5816,166,8.8581,657,16.5964,1377,0.8750,1.000000,false,4.469,0.912627,0.428288
Expert,80,80,60380,6400,2658,0.415312,1709,64.2965,205,7.7126,646,9.6039,247,1.0000,1.000000,false,5.117,1.176577,0.431731
Expert,80,80,60381,6400,1915,0.299219,1267,66.1619,151,7.8851,643,15.0850,603,0.8750,1.000000,false,4.695,0.927723,0.415757
Expert,80,80,60382,6400,2140,0.334375,1410,65.8879,156,7.2897,661,14.2115,571,1.0000,1.000000,false,4.421,1.022357,0.417621
Expert,80,80,60383,6400,2334,0.364687,1484,63.5818,161,6.8980,648,14.3168,326,1.0000,1.000000,false,5.672,1.072458,0.423126
Expert,80,80,60384,6400,2613,0.408281,1704,65.2124,189,7.2331,665,10.2094,501,1.0000,1.000000,false,4.831,1.167408,0.426719
Expert,80,80,60385,6400,2674,0.417812,1723,64.4353,210,7.8534,657,9.4554,367,1.0000,0.962025,false,4.859,1.176605,0.433426
Expert,80,80,60386,6400,2191,0.342344,1402,63.9890,153,6.9831,641,13.3013,500,0.9375,1.000000,false,4.634,1.017493,0.414101
Expert,80,80,60387,6400,2171,0.339219,1395,64.2561,165,7.6002,652,13.7289,614,0.8750,1.000000,false,4.569,0.999955,0.420670
Expert,80,80,60388,6400,1675,0.261719,1077,64.2985,123,7.3433,593,18.1667,671,0.8750,1.000000,false,4.574,0.845894,0.408719
Expert,80,80,60389,6400,2036,0.318125,1291,63.4086,142,6.9745,472,12.3427,406,1.0000,1.000000,false,4.301,0.979505,0.403753
Expert,80,80,60390,6400,2099,0.327969,1301,61.9819,160,7.6227,652,14.0793,866,0.8750,1.000000,false,4.389,0.967946,0.418615
Expert,80,80,60391,6400,2528,0.395000,1613,63.8054,198,7.8323,648,9.2587,466,1.0000,1.000000,false,4.718,1.133647,0.425756
Expert,80,80,60392,6400,2026,0.316563,1282,63.2774,152,7.5025,641,12.3161,392,0.8750,1.000000,false,4.499,0.950877,0.408481
Expert,80,80,60393,6400,2445,0.382031,1566,64.0491,207,8.4663,623,10.8810,851,1.0000,1.000000,false,4.579,1.109120,0.433275
Expert,80,80,60394,6400,2416,0.377500,1543,63.8659,170,7.0364,631,12.9532,269,1.0000,1.000000,false,4.786,1.099223,0.424093
Expert,80,80,60395,6400,3116,0.486875,2001,64.2169,223,7.1566,633,8.1200,178,1.0000,1.000000,false,5.062,1.250000,0.443004
Expert,80,80,60396,6400,1774,0.277187,1118,63.0214,99,5.5806,629,20.4059,610,0.9375,1.000000,false,4.503,0.884613,0.402731
Expert,80,80,60397,6400,2379,0.371719,1523,64.0185,184,7.7343,596,8.4728,348,0.9375,1.000000,false,4.704,1.075981,0.415337
Expert,80,80,60398,6400,1677,0.262031,1074,64.0429,129,7.6923,562,13.8000,524,0.9375,0.962025,false,4.149,0.852455,0.398657
Expert,80,80,60399,6400,1440,0.225000,925,64.2361,87,6.0417,528,20.0114,331,0.9375,1.000000,false,4.188,0.785132,0.390452
Expert,80,80,60400,6400,2696,0.421250,1743,64.6513,181,6.7136,633,8.7181,548,1.0000,1.000000,false,4.726,1.190323,0.420756
Expert,80,80,60401,6400,1786,0.279062,1121,62.7660,117,6.5510,631,20.0000,1034,1.0000,1.000000,false,4.031,0.899894,0.411728
Expert,80,80,60402,6400,2188,0.341875,1401,64.0311,159,7.2669,648,12.6604,568,0.9375,1.000000,false,4.626,1.016747,0.414795
Expert,80,80,60403,6400,2085,0.325781,1342,64.3645,173,8.2974,650,12.8678,622,1.0000,1.000000,false,4.319,0.998673,0.420920
Expert,80,80,60404,6400,1700,0.265625,1057,62.1765,118,6.9412,548,14.0847,392,1.0000,1.000000,false,4.326,0.871395,0.393114
Expert,80,80,60405,6400,1718,0.268437,1114,64.8428,131,7.6251,630,20.2576,663,0.8125,1.000000,false,4.307,0.848651,0.420088
Expert,80,80,60406,6400,1948,0.304375,1242,63.7577,152,7.8029,642,15.6471,588,0.9375,1.000000,false,4.445,0.941167,0.418238
Expert,80,80,60407,6400,1647,0.257344,1035,62.8415,112,6.8002,575,17.9292,434,1.0000,1.000000,false,4.394,0.857348,0.401234
Expert,80,80,60408,6400,1699,0.265469,1093,64.3320,136,8.0047,639,18.8686,713,0.9375,1.000000,false,4.612,0.865972,0.418652
Expert,80,80,60409,6400,2345,0.366406,1562,66.6098,156,6.6525,634,12.7736,315,1.0000,1.000000,false,4.572,1.090178,0.416364
Expert,80,80,60410,6400,2035,0.317969,1315,64.6192,136,6.6830,625,16.4559,911,0.8750,1.000000,false,4.800,0.959162,0.413646
Expert,80,80,60411,6400,1600,0.250000,985,61.5625,105,6.5625,608,18.4667,747,0.8750,0.886076,false,4.626,0.796656,0.398333
Expert,80,80,60412,6400,1670,0.260937,1063,63.6527,126,7.5449,619,15.4341,451,1.0000,1.000000,false,4.045,0.867164,0.401962
Expert,80,80,60413,6400,2575,0.402344,1594,61.9029,182,7.0680,606,11.8925,522,1.0000,1.000000,false,4.373,1.138340,0.428547
Expert,80,80,60414,6400,1842,0.287813,1171,63.5722,128,6.9490,599,12.3154,464,0.8750,0.924051,false,4.088,0.883738,0.394319
Expert,80,80,60415,6400,2835,0.442969,1833,64.6561,193,6.8078,632,9.6205,163,1.0000,1.000000,false,4.520,1.233676,0.431032
Expert,80,80,60416,6400,2329,0.363906,1465,62.9025,195,8.3727,649,10.7186,750,0.8750,1.000000,false,4.358,1.042720,0.426394
Expert,80,80,60417,6400,2413,0.377031,1576,65.3129,174,7.2109,624,10.9379,364,1.0000,1.000000,false,4.329,1.105333,0.419400
Expert,80,80,60418,6400,1888,0.295000,1184,62.7119,126,6.6737,653,19.2109,483,1.0000,1.000000,false,7.904,0.931093,0.415271
Expert,80,80,60419,6400,2517,0.393281,1569,62.3361,176,6.9925,615,11.5787,491,0.9375,1.000000,false,4.709,1.110281,0.424092
Expert,80,80,60420,6400,1787,0.279219,1151,64.4096,121,6.7711,621,17.2893,545,0.9375,0.949367,false,4.317,0.886029,0.405506
Expert,80,80,60421,6400,1391,0.217344,923,66.3551,84,6.0388,610,23.5833,464,1.0000,1.000000,false,4.233,0.788343,0.399289
Expert,80,80,60422,6400,1892,0.295625,1191,62.9493,144,7.6110,657,16.5548,481,1.0000,1.000000,false,4.386,0.933230,0.416531
Expert,80,80,60423,6400,1949,0.304531,1251,64.1868,130,6.6701,621,15.9542,674,1.0000,1.000000,false,4.321,0.955663,0.407917
Expert,80,80,60424,6400,2422,0.378437,1573,64.9463,181,7.4732,639,11.3261,355,1.0000,1.000000,false,4.638,1.106360,0.423657
Expert,80,80,60425,6400,2186,0.341562,1376,62.9460,163,7.4565,641,12.6994,427,0.9375,1.000000,false,4.605,1.011344,0.416720
Expert,80,80,60426,6400,2257,0.352656,1449,64.2003,195,8.6398,658,13.4518,702,0.9375,1.000000,false,4.498,1.038938,0.434232
Expert,80,80,60427,6400,2629,0.410781,1705,64.8536,174,6.6185,629,11.4358,359,1.0000,1.000000,false,11.609,1.170512,0.425156
Expert,80,80,60428,6400,2505,0.391406,1595,63.6727,184,7.3453,640,12.7258,546,1.0000,1.000000,false,4.470,1.125847,0.430643
Expert,80,80,60429,6400,2100,0.328125,1327,63.1905,134,6.3810,667,17.1471,618,1.0000,1.000000,false,4.942,0.998369,0.415832
Expert,80,80,60430,6400,2133,0.333281,1364,63.9475,151,7.0792,643,14.0921,642,0.9375,1.000000,false,4.599,0.999313,0.414815
Expert,80,80,60431,6400,2063,0.322344,1329,64.4207,148,7.1740,646,15.0805,886,0.9375,1.000000,false,4.833,0.979563,0.415570
Expert,80,80,60432,6400,2892,0.451875,1858,64.2462,224,7.7455,643,8.5526,256,1.0000,1.000000,false,4.922,1.249053,0.439745
Expert,80,80,60433,6400,2122,0.331562,1397,65.8341,157,7.3987,636,14.3987,649,0.9375,1.000000,false,4.601,1.003972,0.418452
Expert,80,80,60434,6400,1764,0.275625,1106,62.6984,130,7.3696,624,15.8626,725,0.7500,0.848101,false,4.484,0.820095,0.405954
Expert,80,80,60435,6400,2266,0.354063,1447,63.8570,163,7.1933,640,12.4012,648,0.9375,1.000000,false,4.650,1.040167,0.416905
Expert,80,80,60436,6400,2190,0.342187,1385,63.2420,157,7.1689,642,13.6433,599,0.9375,1.000000,false,4.700,1.013884,0.416981
Expert,80,80,60437,6400,1966,0.307188,1250,63.5809,143,7.2737,654,13.6690,860,0.9375,1.000000,false,3.756,0.946045,0.407608
Expert,80,80,60438,6400,1608,0.251250,1033,64.2413,111,6.9030,631,23.8739,831,0.9375,1.000000,false,3.936,0.837372,0.419011
Expert,80,80,60439,6400,2390,0.373437,1518,63.5146,174,7.2803,621,12.0894,369,1.0000,1.000000,false,4.424,1.089468,0.422614
Expert,80,80,60440,6400,2468,0.385625,1588,64.3436,181,7.3339,652,11.0874,370,1.0000,1.000000,false,4.345,1.117726,0.423674
Expert,80,80,60441,6400,2158,0.337187,1346,62.3726,143,6.6265,605,13.4583,291,1.0000,1.000000,false,4.229,1.012718,0.409479
Expert,80,80,60442,6400,1924,0.300625,1257,65.3326,164,8.5239,655,14.7273,837,0.9375,1.000000,false,4.197,0.939839,0.421449
Expert,80,80,60443,6400,1891,0.295469,1225,64.7805,127,6.7160,670,17.1154,658,1.0000,1.000000,false,4.212,0.939903,0.409286
Expert,80,80,60444,6400,1589,0.248281,1018,64.0654,126,7.9295,649,18.5827,753,0.8125,1.000000,false,4.193,0.805903,0.411850
Expert,80,80,60445,6400,1961,0.306406,1207,61.5502,136,6.9352,612,19.1387,481,0.8750,1.000000,false,4.131,0.923969,0.421083
Expert,80,80,60446,6400,1973,0.308281,1300,65.8895,138,6.9944,657,12.5942,447,1.0000,1.000000,false,4.177,0.969895,0.401786
Expert,80,80,60447,6400,2407,0.376094,1556,64.6448,186,7.7275,633,11.5936,693,0.8750,1.000000,false,4.447,1.075212,0.426333
Expert,80,80,60448,6400,1867,0.291719,1212,64.9170,119,6.3739,627,15.5210,639,0.8750,0.898734,false,4.180,0.892740,0.399757
Expert,80,80,60449,6400,2474,0.386562,1602,64.7534,173,6.9927,638,11.6264,289,1.0000,1.000000,false,4.465,1.121637,0.422229
Expert,80,80,60450,6400,2199,0.343594,1422,64.6658,170,7.7308,649,12.3931,875,1.0000,1.000000,false,4.316,1.035476,0.419114
Expert,80,80,60451,6400,2096,0.327500,1320,62.9771,146,6.9656,644,15.7483,537,1.0000,1.000000,false,4.324,0.996233,0.417120
Expert,80,80,60452,6400,1858,0.290312,1164,62.6480,170,9.1496,636,15.1221,979,1.0000,1.000000,false,4.163,0.921620,0.425847
Expert,80,80,60453,6400,2472,0.386250,1599,64.6845,171,6.9175,677,10.6839,319,1.0000,1.000000,false,4.387,1.120669,0.418437
Expert,80,80,60454,6400,1995,0.311719,1288,64.5614,142,7.1178,631,15.8621,663,0.8125,1.000000,false,4.158,0.933965,0.414263
Expert,80,80,60455,6400,2316,0.361875,1498,64.6805,159,6.8653,611,11.8889,212,1.0000,1.000000,false,4.258,1.072016,0.414368
Expert,80,80,60456,6400,2392,0.373750,1532,64.0468,168,7.0234,645,12.1462,583,0.9375,1.000000,false,4.386,1.080153,0.420316
Expert,80,80,60457,6400,2598,0.405938,1694,65.2040,198,7.6212,637,9.1089,453,1.0000,1.000000,false,4.416,1.162672,0.426459
Expert,80,80,60458,6400,1980,0.309375,1263,63.7879,143,7.2222,643,16.6014,628,1.0000,1.000000,false,4.079,0.963704,0.416914
Expert,80,80,60459,6400,2102,0.328437,1363,64.8430,137,6.5176,642,15.4460,412,1.0000,1.000000,false,4.122,1.005990,0.411976
Expert,80,80,60460,6400,3144,0.491250,1955,62.1819,257,8.1743,644,7.1423,234,1.0000,1.000000,false,4.574,1.250000,0.451438
Expert,80,80,60461,6400,2291,0.357969,1495,65.2553,187,8.1624,628,11.6979,726,0.8750,1.000000,false,4.225,1.041878,0.425570
Expert,80,80,60462,6400,2841,0.443906,1843,64.8715,238,8.3773,619,7.0290,268,1.0000,1.000000,false,4.374,1.236780,0.438911
Expert,80,80,60463,6400,2794,0.436563,1803,64.5311,198,7.0866,623,10.1950,449,1.0000,1.000000,false,4.325,1.220192,0.433694
Expert,80,80,60464,6400,2304,0.360000,1491,64.7135,182,7.8993,668,10.9624,320,1.0000,1.000000,false,4.180,1.068429,0.421250
Expert,80,80,60465,6400,1704,0.266250,1061,62.2653,127,7.4531,658,20.1719,828,1.0000,1.000000,false,4.014,0.872927,0.417443
Expert,80,80,60466,6400,2765,0.432031,1835,66.3653,196,7.0886,632,9.3706,311,1.0000,1.000000,false,4.811,1.221385,0.429778
Expert,80,80,60467,6400,1902,0.297187,1205,63.3544,144,7.5710,631,16.5137,578,0.8750,1.000000,false,7.582,0.912866,0.416471
Expert,80,80,60468,6400,1923,0.300469,1240,64.4826,138,7.1763,637,15.2086,577,0.9375,1.000000,false,4.480,0.936231,0.409430
Expert,80,80,60469,6400,2490,0.389062,1650,66.2651,158,6.3454,648,11.4750,403,1.0000,1.000000,false,4.507,1.134216,0.416032
Expert,80,80,60470,6400,2826,0.441563,1816,64.2604,206,7.2895,627,9.7321,238,1.0000,1.000000,false,8.506,1.228616,0.435776
Expert,80,80,60471,6400,1950,0.304688,1273,65.2821,141,7.2308,617,17.5105,675,0.9375,1.000000,false,4.355,0.947780,0.418434
Expert,80,80,60472,6400,1821,0.284531,1182,64.9094,149,8.1823,647,15.3154,891,0.9375,1.000000,false,4.448,0.906040,0.415043
Expert,80,80,60473,6400,2089,0.326406,1366,65.3901,149,7.1326,629,12.7351,417,1.0000,1.000000,false,4.694,1.004237,0.409045
Expert,80,80,60474,6400,2287,0.357344,1507,65.8942,162,7.0835,613,11.8788,337,1.0000,1.000000,false,4.698,1.068572,0.415159
Expert,80,80,60475,6400,2425,0.378906,1503,61.9794,158,6.5155,632,12.3750,395,1.0000,1.000000,false,4.615,1.092791,0.417498
Expert,80,80,60476,6400,1852,0.289375,1164,62.8510,137,7.3974,614,14.5180,759,0.8125,1.000000,false,4.467,0.883032,0.406155
Expert,80,80,60477,6400,2827,0.441719,1812,64.0962,238,8.4188,631,9.1799,356,1.0000,1.000000,false,4.903,1.227991,0.445391
Expert,80,80,60478,6400,2445,0.382031,1581,64.6626,178,7.2802,649,11.1989,367,1.0000,1.000000,false,7.777,1.112144,0.422408
Expert,80,80,60479,6400,2116,0.330625,1364,64.4612,160,7.5614,661,14.6770,424,1.0000,1.000000,false,4.257,1.008731,0.420668
Expert,80,80,60480,6400,2200,0.343750,1388,63.0909,152,6.9091,652,13.9412,438,1.0000,1.000000,false,4.268,1.028802,0.415782
Expert,80,80,60481,6400,1859,0.290469,1183,63.6364,138,7.4233,613,15.9231,606,0.7500,1.000000,false,4.184,0.875632,0.411134
Expert,80,80,60482,6400,2020,0.315625,1253,62.0297,126,6.2376,638,18.0000,579,0.9375,1.000000,false,4.230,0.956442,0.413314
Expert,80,80,60483,6400,2284,0.356875,1439,63.0035,148,6.4799,610,12.2483,601,1.0000,1.000000,false,4.322,1.054318,0.410137
Expert,80,80,60484,6400,1958,0.305937,1258,64.2492,111,5.6691,626,18.0804,802,1.0000,1.000000,false,3.927,0.958707,0.404973
Expert,80,80,60485,6400,2030,0.317188,1333,65.6650,122,6.0099,654,14.5317,481,1.0000,1.000000,false,4.261,0.986885,0.400666
Expert,80,80,60486,6400,2280,0.356250,1501,65.8333,181,7.9386,653,11.4064,842,1.0000,1.000000,false,4.424,1.066092,0.421906
Expert,80,80,60487,6400,2165,0.338281,1383,63.8799,166,7.6674,660,12.4819,478,1.0000,1.000000,false,4.405,1.021447,0.417165
Expert,80,80,60488,6400,1614,0.252188,1019,63.1351,123,7.6208,641,20.5081,830,0.8750,1.000000,false,4.063,0.823138,0.415952
Expert,80,80,60489,6400,2912,0.455000,1871,64.2514,214,7.3489,624,9.1349,237,1.0000,1.000000,false,4.621,1.250000,0.438536
Expert,80,80,60490,6400,1665,0.260156,1071,64.3243,112,6.7267,646,21.2719,983,0.9375,1.000000,false,4.016,0.855370,0.411789
Expert,80,80,60491,6400,1739,0.271719,1105,63.5423,124,7.1305,411,12.3065,396,0.9375,1.000000,false,3.840,0.875645,0.391279
Expert,80,80,60492,6400,1950,0.304688,1249,64.0513,131,6.7179,629,15.2815,905,0.8750,0.772152,false,4.592,0.896264,0.406340
Expert,80,80,60493,6400,1858,0.290312,1189,63.9935,117,6.2971,631,17.9407,921,1.0000,1.000000,false,4.383,0.926661,0.406129
Expert,80,80,60494,6400,1768,0.276250,1105,62.5000,122,6.9005,605,17.1967,1175,1.0000,1.000000,false,3.982,0.893404,0.405619
Expert,80,80,60495,6400,2058,0.321562,1341,65.1603,151,7.3372,644,12.3377,997,0.8750,1.000000,false,4.578,0.968575,0.408396
Expert,80,80,60496,6400,1966,0.307188,1250,63.5809,152,7.7314,643,15.7078,612,1.0000,1.000000,false,4.594,0.958545,0.418557
Expert,80,80,60497,6400,1725,0.269531,1142,66.2029,130,7.5362,589,12.8647,743,0.8750,0.898734,false,4.401,0.852876,0.396424
Expert,80,80,60498,6400,1581,0.247031,1006,63.6306,117,7.4004,633,21.8718,552,0.8125,1.000000,false,4.336,0.802032,0.416463
Expert,80,80,60499,6400,1646,0.257188,1037,63.0012,123,7.4727,549,12.6290,423,0.9375,1.000000,false,4.145,0.845070,0.391349
Monster,100,100,60000,10000,2686,0.268600,1731,64.4453,189,7.0365,945,15.1667,969,0.8750,1.000000,false,6.869,0.880720,0.388862
Monster,100,100,60001,10000,3025,0.302500,1861,61.5207,205,6.7769,1009,16.2947,857,1.0000,1.000000,false,7.392,0.963966,0.399255
Monster,100,100,60002,10000,3064,0.306400,1958,63.9034,220,7.1802,994,15.4439,1142,0.9375,1.000000,false,12.067,0.969194,0.402331
Monster,100,100,60003,10000,3872,0.387200,2455,63.4039,264,6.8182,993,12.2612,876,0.9375,1.000000,false,7.591,1.133178,0.414995
Monster,100,100,60004,10000,3851,0.385100,2507,65.1000,260,6.7515,968,11.3688,594,1.0000,1.000000,false,9.433,1.150141,0.411467
Monster,100,100,60005,10000,2968,0.296800,1919,64.6563,198,6.6712,969,17.5126,1447,0.9375,1.000000,false,6.970,0.952406,0.399533
Monster,100,100,60006,10000,2477,0.247700,1614,65.1595,147,5.9346,1016,22.1224,944,0.9375,1.000000,false,7.453,0.852356,0.388962
Monster,100,100,60007,10000,3232,0.323200,2054,63.5520,212,6.5594,972,14.8160,929,1.0000,1.000000,false,7.322,1.014804,0.399594
Monster,100,100,60008,10000,3342,0.334200,2188,65.4698,240,7.1813,1033,11.9549,648,0.9375,1.000000,false,7.252,1.033545,0.401961
Monster,100,100,60009,10000,3586,0.358600,2293,63.9431,232,6.4696,975,12.4958,579,1.0000,1.000000,false,7.410,1.089505,0.403515
Monster,100,100,60010,10000,3389,0.338900,2144,63.2635,223,6.5801,969,14.3661,1228,1.0000,1.000000,false,7.495,1.045784,0.403386
Monster,100,100,60011,10000,3093,0.309300,2053,66.3757,232,7.5008,1004,15.2553,608,1.0000,1.000000,false,7.167,0.997951,0.405936
Monster,100,100,60012,10000,3092,0.309200,1973,63.8098,234,7.5679,991,13.9874,932,0.7500,1.000000,false,7.136,0.937078,0.403408
Monster,100,100,60013,10000,2918,0.291800,1891,64.8047,230,7.8821,1006,15.1466,907,0.9375,1.000000,false,7.284,0.942629,0.404227
Monster,100,100,60014,10000,2449,0.244900,1568,64.0261,195,7.9624,996,20.6050,1672,0.7500,1.000000,false,6.971,0.805306,0.404607
Monster,100,100,60015,10000,2828,0.282800,1795,63.4724,193,6.8246,994,15.6939,952,1.0000,1.000000,false,7.230,0.931401,0.392321
Monster,100,100,60016,10000,2706,0.270600,1722,63.6364,194,7.1693,863,12.3866,537,0.8125,1.000000,false,6.526,0.869416,0.383839
Monster,100,100,60017,10000,2829,0.282900,1826,64.5458,195,6.8929,1038,17.1777,828,0.9375,1.000000,false,7.097,0.923188,0.396743
Monster,100,100,60018,10000,3100,0.310000,1976,63.7419,215,6.9355,930,13.2409,766,1.0000,1.000000,false,6.839,0.988444,0.395457
Monster,100,100,60019,10000,2865,0.286500,1848,64.5026,210,7.3298,901,14.0047,916,0.9375,1.000000,false,6.619,0.930475,0.394260
Monster,100,100,60020,10000,2957,0.295700,1949,65.9114,221,7.4738,1023,16.8326,793,0.8750,1.000000,false,12.000,0.942615,0.405529
Monster,100,100,60021,10000,3376,0.337600,2176,64.4550,224,6.6351,982,14.8496,705,1.0000,1.000000,false,8.102,1.048521,0.404755
Monster,100,100,60022,10000,3413,0.341300,2241,65.6607,221,6.4752,977,14.7883,1301,1.0000,1.000000,false,7.158,1.061708,0.404113
Monster,100,100,60023,10000,3330,0.333000,2121,63.6937,252,7.5676,1012,12.9567,802,1.0000,1.000000,false,6.946,1.035596,0.407967
Monster,100,100,60024,10000,3460,0.346000,2238,64.6821,235,6.7919,1000,13.1590,1094,1.0000,1.000000,false,7.065,1.066958,0.404617
Monster,100,100,60025,10000,2755,0.275500,1751,63.5572,176,6.3884,1004,17.3333,1269,0.9375,1.000000,false,6.670,0.904207,0.389867
Monster,100,100,60026,10000,2390,0.239000,1523,63.7238,149,6.2343,1015,23.2384,1428,0.9375,1.000000,false,6.431,0.829661,0.392139
Monster,100,100,60027,10000,3466,0.346600,2222,64.1085,232,6.6936,992,12.9099,720,0.9375,1.000000,false,7.278,1.053029,0.403191
Monster,100,100,60028,10000,4480,0.448000,2867,63.9955,312,6.9643,986,9.9905,248,1.0000,1.000000,false,8.195,1.250000,0.429019
Monster,100,100,60029,10000,3544,0.354400,2261,63.7980,264,7.4492,1011,10.7612,882,1.0000,1.000000,false,7.397,1.080152,0.407715
Monster,100,100,60030,10000,3474,0.347400,2200,63.3276,286,8.2326,987,13.1828,1397,1.0000,1.000000,false,7.201,1.063534,0.419503
Monster,100,100,60031,10000,3648,0.364800,2360,64.6930,256,7.0175,972,10.1907,314,1.0000,1.000000,false,7.625,1.105967,0.405092
Monster,100,100,60032,10000,3729,0.372900,2397,64.2800,284,7.6160,1015,11.2951,662,1.0000,1.000000,false,7.218,1.120683,0.416268
Monster,100,100,60033,10000,3992,0.399200,2567,64.3036,280,7.0140,1017,11.3156,375,1.0000,1.000000,false,7.621,1.175164,0.418189
Monster,100,100,60034,10000,2601,0.260100,1661,63.8601,186,7.1511,992,19.5882,1115,0.8750,1.000000,false,6.784,0.861088,0.398512
Monster,100,100,60035,10000,2459,0.245900,1594,64.8231,198,8.0521,1022,19.5729,1712,0.8750,1.000000,false,6.358,0.835003,0.403223
Monster,100,100,60036,10000,2645,0.264500,1698,64.1966,172,6.5028,1016,19.7797,955,0.9375,0.787879,false,7.034,0.852035,0.393828
Monster,100,100,60037,10000,2933,0.293300,1845,62.9049,205,6.9894,999,18.8029,945,1.0000,1.000000,false,7.840,0.950750,0.404892
Monster,100,100,60038,10000,3913,0.391300,2519,64.3752,293,7.4879,1018,10.5067,673,0.9375,1.000000,false,7.680,1.146711,0.418535
Monster,100,100,60039,10000,3834,0.383400,2501,65.2321,264,6.8858,981,11.6075,455,1.0000,1.000000,false,7.581,1.147290,0.412896
Monster,100,100,60040,10000,2942,0.294200,1888,64.1740,234,7.9538,827,10.8686,610,0.8750,1.000000,false,6.786,0.932612,0.394969
Monster,100,100,60041,10000,3848,0.384800,2491,64.7349,266,6.9127,1000,11.3383,511,1.0000,1.000000,false,7.464,1.147630,0.412913
Monster,100,100,60042,10000,4338,0.433800,2825,65.1222,350,8.0682,1019,9.0480,387,1.0000,1.000000,false,7.693,1.246753,0.433442
Monster,100,100,60043,10000,3056,0.305600,1953,63.9071,207,6.7736,978,14.2452,767,1.0000,1.000000,false,6.554,0.980060,0.395029
Monster,100,100,60044,10000,2802,0.280200,1793,63.9900,206,7.3519,1034,18.9612,1122,1.0000,1.000000,false,6.676,0.928005,0.404982
Monster,100,100,60045,10000,4110,0.411000,2657,64.6472,309,7.5182,1039,9.2572,305,1.0000,1.000000,false,7.642,1.201454,0.421626
Monster,100,100,60046,10000,4095,0.409500,2626,64.1270,294,7.1795,989,10.5253,486,1.0000,1.000000,false,7.519,1.195483,0.420958
Monster,100,100,60047,10000,2763,0.276300,1774,64.2056,211,7.6366,1014,16.7877,920,1.0000,1.000000,false,6.360,0.920760,0.401226
Monster,100,100,60048,10000,3604,0.360400,2298,63.7625,273,7.5749,1021,11.0618,543,1.0000,1.000000,false,7.153,1.092342,0.411524
Monster,100,100,60049,10000,3071,0.307100,2004,65.2556,203,6.6102,1037,14.5291,571,1.0000,1.000000,false,6.866,0.988719,0.394555
Monster,100,100,60050,10000,3938,0.393800,2555,64.8807,273,6.9325,999,12.4601,444,1.0000,1.000000,false,7.567,1.167057,0.418615
Monster,100,100,60051,10000,3182,0.318200,2087,65.5877,251,7.8881,1032,14.9921,705,1.0000,1.000000,false,7.323,1.013226,0.411822
Monster,100,100,60052,10000,2683,0.268300,1732,64.5546,164,6.1126,1006,18.3494,925,0.9375,1.000000,false,6.837,0.892993,0.387489
Monster,100,100,60053,10000,2802,0.280200,1776,63.3833,218,7.7802,988,17.6027,1435,0.8125,1.000000,false,6.562,0.888220,0.405868
Monster,100,100,60054,10000,3272,0.327200,2099,64.1504,229,6.9988,996,13.2457,895,0.9375,1.000000,false,6.522,1.013163,0.401262
Monster,100,100,60055,10000,3691,0.369100,2364,64.0477,273,7.3964,1012,11.1848,906,1.0000,1.000000,false,7.189,1.111677,0.412656
Monster,100,100,60056,10000,3113,0.311300,2010,64.5679,232,7.4526,1000,16.0259,859,0.8750,1.000000,false,7.047,0.969577,0.407981
Monster,100,100,60057,10000,2682,0.268200,1759,65.5854,159,5.9284,961,19.5031,573,0.9375,1.000000,false,6.599,0.896502,0.388502
Monster,100,100,60058,10000,2961,0.296100,1918,64.7754,208,7.0247,954,12.8009,667,0.9375,1.000000,false,6.947,0.951430,0.391079
Monster,100,100,60059,10000,4912,0.491200,3137,63.8640,372,7.5733,1005,7.3931,213,1.0000,1.000000,false,8.496,1.250000,0.441576
Monster,100,100,60060,10000,3130,0.313000,1997,63.8019,234,7.4760,933,12.2255,1198,1.0000,0.929293,false,7.004,0.984268,0.399224
Monster,100,100,60061,10000,2857,0.285700,1815,63.5282,190,6.6503,1029,15.2656,992,0.9375,1.000000,false,7.233,0.925077,0.390377
Monster,100,100,60062,10000,3068,0.306800,1977,64.4394,194,6.3233,985,17.9898,518,0.9375,1.000000,false,6.915,0.972229,0.400248
Monster,100,100,60063,10000,4133,0.413300,2654,64.2149,297,7.1861,979,10.1812,570,1.0000,1.000000,false,7.502,1.203817,0.421304
Monster,100,100,60064,10000,3307,0.330700,2102,63.5621,231,6.9852,981,14.5708,760,1.0000,1.000000,false,7.050,1.030276,0.405489
Monster,100,100,60065,10000,3360,0.336000,2156,64.1667,245,7.2917,1010,12.2996,665,0.9375,1.000000,false,7.205,1.031409,0.404466
Monster,100,100,60066,10000,2965,0.296500,1895,63.9123,233,7.8583,938,11.0921,1100,1.0000,1.000000,false,6.721,0.961319,0.395264
Monster,100,100,60067,10000,3176,0.317600,2036,64.1058,256,8.0605,1015,14.9730,1033,1.0000,1.000000,false,7.024,1.005649,0.413317
Monster,100,100,60068,10000,3217,0.321700,2065,64.1902,231,7.1806,963,16.6810,810,1.0000,1.000000,false,6.978,1.014478,0.410019
Monster,100,100,60069,10000,2503,0.250300,1591,63.5637,171,6.8318,981,20.0581,696,0.8750,1.000000,false,6.492,0.839892,0.393553
Monster,100,100,60070,10000,3416,0.341600,2207,64.6077,245,7.1721,1008,12.1951,889,1.0000,0.888889,false,7.655,1.040832,0.404689
Monster,100,100,60071,10000,3754,0.375400,2414,64.3047,270,7.1923,955,12.0110,786,1.0000,1.000000,false,7.371,1.125974,0.414571
Monster,100,100,60072,10000,4053,0.405300,2592,63.9526,280,6.9085,982,10.7880,620,1.0000,1.000000,false,7.636,1.185861,0.417645
Monster,100,100,60073,10000,3295,0.329500,2094,63.5508,217,6.5857,976,13.7409,778,1.0000,1.000000,false,7.091,1.027757,0.399060
Monster,100,100,60074,10000,4309,0.430900,2766,64.1912,331,7.6816,964,8.4149,478,1.0000,1.000000,false,8.272,1.240039,0.427123
Monster,100,100,60075,10000,3321,0.332100,2113,63.6254,259,7.7989,1025,13.1698,593,1.0000,1.000000,false,12.832,1.033438,0.410543
Monster,100,100,60076,10000,2345,0.234500,1525,65.0320,154,6.5672,974,23.9167,709,1.0000,1.000000,false,6.714,0.837018,0.395813
Monster,100,100,60077,10000,3475,0.347500,2144,61.6978,241,6.9353,964,12.7541,652,1.0000,1.000000,false,7.186,1.056127,0.405488
Monster,100,100,60078,10000,2928,0.292800,1897,64.7883,237,8.0943,830,10.5188,370,1.0000,1.000000,false,6.515,0.957138,0.395080
Monster,100,100,60079,10000,2549,0.254900,1638,64.2605,164,6.4339,980,22.6909,830,0.9375,1.000000,false,6.529,0.864242,0.397536
Monster,100,100,60080,10000,2438,0.243800,1558,63.9048,148,6.0705,978,22.7114,750,1.0000,0.979798,false,7.008,0.849609,0.390624
Monster,100,100,60081,10000,2958,0.295800,1952,65.9905,197,6.6599,1021,17.6965,807,1.0000,1.000000,false,12.301,0.968139,0.399580
Monster,100,100,60082,10000,3521,0.352100,2285,64.8963,249,7.0719,993,13.0703,1249,0.9375,0.878788,false,7.622,1.049930,0.409024
Monster,100,100,60083,10000,3671,0.367100,2381,64.8597,231,6.2926,979,13.4723,627,1.0000,1.000000,false,7.934,1.111556,0.406736
Monster,100,100,60084,10000,2760,0.276000,1737,62.9348,201,7.2826,1006,18.7268,850,1.0000,1.000000,false,6.883,0.915427,0.402443
Monster,100,100,60085,10000,2784,0.278400,1821,65.4095,177,6.3578,993,18.0506,1552,0.7500,1.000000,false,6.567,0.879603,0.392224
Monster,100,100,60086,10000,2973,0.297300,1919,64.5476,213,7.1645,996,16.4744,715,0.9375,1.000000,false,7.208,0.953007,0.402021
Monster,100,100,60087,10000,2628,0.262800,1710,65.0685,198,7.5342,939,14.7402,614,0.8750,1.000000,false,6.806,0.870921,0.391033
Monster,100,100,60088,10000,3227,0.322700,2048,63.4645,242,7.4992,988,14.7910,1066,0.8750,1.000000,false,6.809,0.988396,0.408780
Monster,100,100,60089,10000,3310,0.331000,2096,63.3233,245,7.4018,1025,12.3080,820,0.9375,1.000000,false,7.117,1.017330,0.404088
Monster,100,100,60090,10000,3931,0.393100,2585,65.7593,278,7.0720,1002,10.2740,477,1.0000,1.000000,false,7.376,1.170247,0.414335
Monster,100,100,60091,10000,3205,0.320500,2096,65.3978,264,8.2371,1012,13.6180,906,0.9375,1.000000,false,7.060,1.004702,0.412566
Monster,100,100,60092,10000,2927,0.292700,1847,63.1022,209,7.1404,956,13.4834,742,0.9375,1.000000,false,6.732,0.937797,0.392923
Monster,100,100,60093,10000,2313,0.231300,1506,65.1102,174,7.5227,1013,21.5000,1319,0.7500,1.000000,false,11.659,0.780615,0.398367
Monster,100,100,60094,10000,3157,0.315700,2012,63.7314,244,7.7289,992,15.6240,1022,1.0000,1.000000,false,7.063,1.000138,0.411059
Monster,100,100,60095,10000,3010,0.301000,1890,62.7907,223,7.4086,997,15.1333,1630,0.8750,0.888889,false,7.088,0.924393,0.402220
Monster,100,100,60096,10000,3031,0.303100,1945,64.1702,222,7.3243,965,13.4643,588,0.9375,1.000000,false,7.279,0.963478,0.397834
Monster,100,100,60097,10000,3218,0.321800,2059,63.9838,225,6.9919,995,14.3509,592,1.0000,1.000000,false,7.029,1.013792,0.402336
Monster,100,100,60098,10000,2616,0.261600,1687,64.4878,170,6.4985,967,16.9123,787,0.9375,1.000000,false,7.210,0.878886,0.385745
Monster,100,100,60099,10000,3344,0.334400,2131,63.7261,255,7.6256,1013,12.4788,1252,0.8750,1.000000,false,7.182,1.013624,0.407773
Monster,100,100,60100,10000,2732,0.273200,1751,64.0922,208,7.6135,839,11.6316,541,1.0000,1.000000,false,6.355,0.913941,0.387174
Monster,100,100,60101,10000,3010,0.301000,1966,65.3156,218,7.2425,1004,14.2624,756,1.0000,1.000000,false,6.555,0.976275,0.398381
Monster,100,100,60102,10000,3389,0.338900,2210,65.2110,231,6.8162,1019,14.3362,780,1.0000,1.000000,false,7.410,1.054655,0.405672
Monster,100,100,60103,10000,3012,0.301200,1911,63.4462,194,6.4409,985,15.6904,531,0.8750,1.000000,false,7.025,0.944123,0.393995
Monster,100,100,60104,10000,3160,0.316000,2012,63.6709,244,7.7215,1034,11.9677,1048,0.9375,0.828283,false,6.832,0.962241,0.401935
Monster,100,100,60105,10000,2863,0.286300,1852,64.6874,187,6.5316,979,18.3822,709,1.0000,0.989899,false,6.701,0.941757,0.397162
Monster,100,100,60106,10000,3068,0.306800,1970,64.2112,210,6.8449,997,16.5327,930,1.0000,0.949495,false,6.889,0.976213,0.401820
Monster,100,100,60107,10000,3505,0.350500,2265,64.6220,268,7.6462,1027,11.1771,948,0.8750,1.000000,false,7.156,1.050999,0.409555
Monster,100,100,60108,10000,3098,0.309800,2015,65.0420,208,6.7140,975,15.3110,1215,0.8750,1.000000,false,7.025,0.968445,0.398358
Monster,100,100,60109,10000,2565,0.256500,1698,66.1988,195,7.6023,985,18.7487,1523,0.8750,1.000000,false,6.277,0.861731,0.399845
Monster,100,100,60110,10000,3289,0.328900,2108,64.0924,246,7.4795,1007,15.6371,1038,0.9375,1.000000,false,6.864,1.016418,0.412558
Monster,100,100,60111,10000,2904,0.290400,1831,63.0510,184,6.3361,978,17.0588,916,1.0000,1.000000,false,7.130,0.945381,0.393128
Monster,100,100,60112,10000,2823,0.282300,1829,64.7892,194,6.8721,989,16.2234,1194,0.8750,0.959596,false,6.811,0.904309,0.393970
Monster,100,100,60113,10000,3002,0.300200,1912,63.6909,205,6.8288,957,15.9563,580,0.9375,1.000000,false,6.741,0.955555,0.398239
Monster,100,100,60114,10000,3301,0.330100,2094,63.4353,245,7.4220,881,11.1169,374,0.9375,1.000000,false,6.845,1.015979,0.401042
Monster,100,100,60115,10000,2586,0.258600,1676,64.8105,189,7.3086,1006,21.0567,1732,0.8750,1.000000,false,6.665,0.861300,0.403308
Monster,100,100,60116,10000,3211,0.321100,2066,64.3413,223,6.9449,954,16.2545,1223,0.8750,1.000000,false,7.154,0.988891,0.406415
Monster,100,100,60117,10000,3213,0.321300,2069,64.3946,217,6.7538,995,13.1086,561,1.0000,1.000000,false,6.980,1.014535,0.396700
Monster,100,100,60118,10000,3232,0.323200,2067,63.9542,249,7.7042,960,11.0478,784,0.9375,0.969697,false,7.384,0.999506,0.401622
Monster,100,100,60119,10000,2893,0.289300,1823,63.0142,217,7.5009,889,12.0731,358,0.9375,1.000000,false,6.666,0.930482,0.391981
Monster,100,100,60120,10000,3137,0.313700,1981,63.1495,227,7.2362,1011,16.2814,752,1.0000,1.000000,false,7.035,0.993566,0.407176
Monster,100,100,60121,10000,2930,0.293000,1824,62.2526,192,6.5529,998,16.6166,1542,0.9375,1.000000,false,7.013,0.935067,0.394970
Monster,100,100,60122,10000,2476,0.247600,1615,65.2262,179,7.2294,1013,21.3867,1320,0.9375,1.000000,false,6.985,0.852371,0.400041
Monster,100,100,60123,10000,3782,0.378200,2433,64.3310,255,6.7425,981,11.6148,510,1.0000,1.000000,false,7.701,1.131896,0.409922
Monster,100,100,60124,10000,2721,0.272100,1763,64.7924,217,7.9750,958,12.6055,1065,0.9375,1.000000,false,7.236,0.901730,0.392894
Monster,100,100,60125,10000,3656,0.365600,2329,63.7035,263,7.1937,981,13.6856,491,1.0000,1.000000,false,7.510,1.102763,0.415831
Monster,100,100,60126,10000,3223,0.322300,2098,65.0946,248,7.6947,993,13.3960,703,1.0000,1.000000,false,7.195,1.019635,0.407127
Monster,100,100,60127,10000,4002,0.400200,2612,65.2674,292,7.2964,987,10.1122,460,1.0000,1.000000,false,7.609,1.182415,0.418304
Monster,100,100,60128,10000,3319,0.331900,2147,64.6882,256,7.7132,949,10.1583,593,1.0000,0.949495,false,7.092,1.030192,0.402097
Monster,100,100,60129,10000,2587,0.258700,1665,64.3603,200,7.7310,1019,21.0950,1520,1.0000,1.000000,false,6.738,0.884942,0.407657
Monster,100,100,60130,10000,2851,0.285100,1805,63.3111,210,7.3658,990,18.1981,1487,0.9375,1.000000,false,6.914,0.923011,0.404684
Monster,100,100,60131,10000,2894,0.289400,1844,63.7180,172,5.9433,934,17.4686,643,1.0000,1.000000,false,7.125,0.945925,0.389925
Monster,100,100,60132,10000,3443,0.344300,2227,64.6820,235,6.8254,995,13.0042,730,1.0000,1.000000,false,7.314,1.063434,0.404055
Monster,100,100,60133,10000,4429,0.442900,2848,64.3035,307,6.9316,998,9.2765,385,1.0000,1.000000,false,8.347,1.250000,0.425377
Monster,100,100,60134,10000,3557,0.355700,2311,64.9705,259,7.2814,1024,11.4674,918,0.8125,1.000000,false,7.392,1.050936,0.408193
Monster,100,100,60135,10000,3145,0.314500,2028,64.4833,220,6.9952,1004,17.2773,869,1.0000,1.000000,false,6.801,1.000845,0.407495
Monster,100,100,60136,10000,4322,0.432200,2789,64.5303,339,7.8436,988,8.9765,564,1.0000,1.000000,false,13.351,1.244694,0.430537
Monster,100,100,60137,10000,3410,0.341000,2172,63.6950,254,7.4487,982,12.5234,688,1.0000,1.000000,false,7.608,1.052073,0.408095
Monster,100,100,60138,10000,2894,0.289400,1878,64.8929,204,7.0491,773,11.9565,401,1.0000,1.000000,false,6.673,0.950495,0.387202
Monster,100,100,60139,10000,3896,0.389600,2469,63.3727,293,7.5205,1000,9.6453,312,1.0000,1.000000,false,7.736,1.150446,0.416199
Monster,100,100,60140,10000,2762,0.276200,1743,63.1064,202,7.3135,1024,14.3932,943,0.7500,1.000000,false,6.823,0.866474,0.391978
Monster,100,100,60141,10000,2544,0.254400,1592,62.5786,184,7.2327,1011,22.0160,1770,0.8750,0.808081,false,6.777,0.816170,0.403687
Monster,100,100,60142,10000,3268,0.326800,2131,65.2081,253,7.7417,822,8.6797,272,0.9375,1.000000,false,6.797,1.016983,0.397157
Monster,100,100,60143,10000,3990,0.399000,2548,63.8596,276,6.9173,998,10.2186,385,1.0000,1.000000,false,7.699,1.172370,0.414420
Monster,100,100,60144,10000,2774,0.277400,1757,63.3381,172,6.2004,974,18.4011,1186,0.9375,1.000000,false,6.309,0.907299,0.391227
Monster,100,100,60145,10000,3188,0.318800,2002,62.7980,203,6.3676,970,14.5243,558,1.0000,1.000000,false,7.769,1.002522,0.395627
Monster,100,100,60146,10000,3269,0.326900,2132,65.2187,276,8.4429,1011,13.3972,857,1.0000,1.000000,false,7.114,1.029738,0.415992
Monster,100,100,60147,10000,2683,0.268300,1698,63.2874,188,7.0071,996,19.3704,771,0.8750,1.000000,false,12.070,0.875923,0.398987
Monster,100,100,60148,10000,3182,0.318200,2082,65.4305,227,7.1339,1028,14.4825,664,1.0000,1.000000,false,6.829,1.012553,0.403005
Monster,100,100,60149,10000,3395,0.339500,2245,66.1267,233,6.8630,964,11.8559,308,1.0000,1.000000,false,7.286,1.060081,0.400120
Monster,100,100,60150,10000,3566,0.356600,2312,64.8345,260,7.2911,1008,11.8276,580,1.0000,1.000000,false,7.648,1.089653,0.409460
Monster,100,100,60151,10000,3846,0.384600,2492,64.7946,296,7.6963,1018,10.7939,488,0.9375,1.000000,false,7.754,1.135024,0.419328
Monster,100,100,60152,10000,2776,0.277600,1766,63.6167,183,6.5922,992,17.3243,1033,1.0000,1.000000,false,6.864,0.921249,0.392513
Monster,100,100,60153,10000,3906,0.390600,2511,64.2857,275,7.0405,992,11.3085,727,0.9375,1.000000,false,7.668,1.144794,0.415856
Monster,100,100,60154,10000,2799,0.279900,1850,66.0950,176,6.2880,1003,18.6364,757,1.0000,1.000000,false,6.825,0.935305,0.393441
Monster,100,100,60155,10000,3217,0.321700,2029,63.0712,219,6.8076,1000,15.3632,767,1.0000,1.000000,false,7.122,1.009639,0.402994
Monster,100,100,60156,10000,3431,0.343100,2227,64.9082,252,7.3448,1010,11.2846,621,1.0000,1.000000,false,7.182,1.061991,0.404589
Monster,100,100,60157,10000,4241,0.424100,2703,63.7350,290,6.8380,999,10.5777,336,1.0000,1.000000,false,7.739,1.223392,0.422054
Monster,100,100,60158,10000,2860,0.286000,1853,64.7902,186,6.5035,970,15.6684,1096,0.9375,1.000000,false,7.165,0.930545,0.390006
Monster,100,100,60159,10000,4121,0.412100,2681,65.0570,325,7.8864,1023,9.3160,425,1.0000,1.000000,false,7.453,1.206002,0.425784
Monster,100,100,60160,10000,3805,0.380500,2455,64.5204,263,6.9120,983,12.0376,899,1.0000,0.959596,false,7.608,1.131559,0.413364
Monster,100,100,60161,10000,3331,0.333100,2120,63.6446,226,6.7847,967,13.0000,875,0.9375,1.000000,false,7.596,1.023082,0.400277
Monster,100,100,60162,10000,3252,0.325200,2103,64.6679,247,7.5953,1050,11.8024,1327,1.0000,1.000000,false,6.679,1.023795,0.403019
Monster,100,100,60163,10000,3577,0.357700,2285,63.8803,284,7.9396,990,11.3240,696,1.0000,1.000000,false,7.646,1.087347,0.415016
Monster,100,100,60164,10000,3823,0.382300,2450,64.0858,260,6.8009,1009,12.5385,473,1.0000,1.000000,false,7.358,1.139112,0.414046
Monster,100,100,60165,10000,2706,0.270600,1759,65.0037,199,7.3540,829,12.3168,528,0.9375,1.000000,false,6.385,0.899389,0.385512
Monster,100,100,60166,10000,2372,0.237200,1511,63.7015,144,6.0708,978,23.3878,1749,0.9375,1.000000,false,6.629,0.825883,0.390338
Monster,100,100,60167,10000,2592,0.259200,1644,63.4259,187,7.2145,967,21.7606,1152,0.9375,1.000000,false,6.604,0.870220,0.404307
Monster,100,100,60168,10000,2766,0.276600,1805,65.2567,174,6.2907,996,21.1910,977,1.0000,1.000000,false,6.688,0.925288,0.398864
Monster,100,100,60169,10000,3104,0.310400,2039,65.6894,216,6.9588,1011,13.0365,980,0.8750,0.919192,false,7.019,0.960271,0.395299
Monster,100,100,60170,10000,4016,0.401600,2631,65.5129,287,7.1464,1003,10.4517,335,1.0000,1.000000,false,7.541,1.186653,0.418073
Monster,100,100,60171,10000,3626,0.362600,2361,65.1131,270,7.4462,948,10.3150,595,1.0000,1.000000,false,7.337,1.103456,0.409030
Monster,100,100,60172,10000,2844,0.284400,1871,65.7876,232,8.1575,991,16.8819,1289,1.0000,1.000000,false,6.970,0.943540,0.409100
Monster,100,100,60173,10000,2894,0.289400,1860,64.2709,194,6.7035,1016,15.6256,786,0.8750,1.000000,false,7.159,0.923076,0.392919
Monster,100,100,60174,10000,3019,0.301900,1956,64.7897,202,6.6910,993,17.3707,667,1.0000,1.000000,false,7.183,0.976013,0.400906
Monster,100,100,60175,10000,2389,0.238900,1536,64.2947,194,8.1206,1021,18.9031,1122,0.8125,1.000000,false,6.618,0.806288,0.400133
Monster,100,100,60176,10000,3192,0.319200,2059,64.5050,228,7.1429,1015,14.3652,1200,1.0000,1.000000,false,7.374,1.010665,0.403102
Monster,100,100,60177,10000,3295,0.329500,2133,64.7344,261,7.9211,946,11.3835,617,1.0000,1.000000,false,7.161,1.032999,0.406520
Monster,100,100,60178,10000,3578,0.357800,2289,63.9743,307,8.5802,1018,12.4359,1287,1.0000,1.000000,false,7.017,1.088005,0.424232
Monster,100,100,60179,10000,2774,0.277400,1790,64.5278,187,6.7412,1014,17.4127,879,0.9375,1.000000,false,7.019,0.911734,0.394163
Monster,100,100,60180,10000,2999,0.299900,1948,64.9550,181,6.0353,951,16.8187,1184,1.0000,1.000000,false,6.948,0.972532,0.392370
Monster,100,100,60181,10000,2364,0.236400,1511,63.9171,165,6.9797,774,15.5118,673,0.9375,1.000000,false,17.084,0.824921,0.379496
Monster,100,100,60182,10000,3069,0.306900,1953,63.6364,234,7.6246,1023,13.6891,698,0.8750,1.000000,false,7.783,0.956624,0.402539
Monster,100,100,60183,10000,2980,0.298000,1925,64.5973,207,6.9463,995,16.4163,791,0.8750,1.000000,false,7.499,0.942156,0.399904
Monster,100,100,60184,10000,2877,0.287700,1859,64.6159,210,7.2993,973,18.5280,1317,1.0000,1.000000,false,7.452,0.945897,0.405623
Monster,100,100,60185,10000,3277,0.327700,2082,63.5337,232,7.0796,996,15.2060,684,1.0000,1.000000,false,7.683,1.023980,0.407121
Monster,100,100,60186,10000,2951,0.295100,1882,63.7750,196,6.6418,972,15.5850,832,1.0000,1.000000,false,7.219,0.957888,0.393911
Monster,100,100,60187,10000,2602,0.260200,1719,66.0646,182,6.9946,985,19.9454,858,1.0000,0.838384,false,7.057,0.869761,0.397870
Monster,100,100,60188,10000,3098,0.309800,1959,63.2343,237,7.6501,851,11.3697,639,1.0000,1.000000,false,7.122,0.985918,0.397865
Monster,100,100,60189,10000,3654,0.365400,2305,63.0816,256,7.0060,1016,11.4729,636,1.0000,1.000000,false,7.841,1.099296,0.408362
Monster,100,100,60190,10000,2483,0.248300,1577,63.5119,175,7.0479,948,18.2500,1010,1.0000,1.000000,false,7.172,0.860605,0.390594
Monster,100,100,60191,10000,2798,0.279800,1806,64.5461,194,6.9335,1045,18.4974,1073,0.9375,1.000000,false,6.777,0.916771,0.399519
Monster,100,100,60192,10000,3636,0.363600,2295,63.1188,230,6.3256,1017,13.5388,439,1.0000,1.000000,false,7.722,1.095787,0.406183
Monster,100,100,60193,10000,4126,0.412600,2681,64.9782,314,7.6103,1016,8.7019,354,1.0000,1.000000,false,8.429,1.206604,0.421637
Monster,100,100,60194,10000,3489,0.348900,2245,64.3451,293,8.3978,924,9.7081,436,0.9375,1.000000,false,7.492,1.058886,0.412918
Monster,100,100,60195,10000,4231,0.423100,2735,64.6419,320,7.5632,976,10.3323,420,1.0000,1.000000,false,8.013,1.226491,0.428393
Monster,100,100,60196,10000,3289,0.328900,2165,65.8255,261,7.9355,965,13.5720,1130,1.0000,1.000000,false,7.477,1.036579,0.411955
Monster,100,100,60197,10000,3240,0.324000,2079,64.1667,251,7.7469,1040,14.4585,1054,1.0000,1.000000,false,7.283,1.019126,0.410815
Monster,100,100,60198,10000,2816,0.281600,1757,62.3935,222,7.8835,1000,13.8756,955,0.7500,1.000000,false,7.048,0.874850,0.398004
Monster,100,100,60199,10000,4170,0.417000,2734,65.5635,294,7.0504,978,9.7907,368,1.0000,1.000000,false,8.004,1.219020,0.420080
Monster,100,100,60200,10000,2909,0.290900,1859,63.9051,198,6.8065,992,15.8141,721,0.9375,1.000000,false,6.951,0.937245,0.394870
Monster,100,100,60201,10000,3468,0.346800,2246,64.7636,239,6.8916,991,12.3951,1002,0.9375,1.000000,false,7.592,1.056495,0.403943
Monster,100,100,60202,10000,2743,0.274300,1723,62.8144,178,6.4892,981,16.1475,1044,0.8750,1.000000,false,7.610,0.886500,0.387551
Monster,100,100,60203,10000,3392,0.339200,2165,63.8267,218,6.4269,984,15.6154,378,1.0000,1.000000,false,7.462,1.048967,0.405067
Monster,100,100,60204,10000,3779,0.377900,2400,63.5089,288,7.6211,1019,11.5000,531,0.9375,1.000000,false,13.684,1.114600,0.418331
Monster,100,100,60205,10000,3541,0.354100,2309,65.2076,254,7.1731,1014,12.7704,671,1.0000,1.000000,false,7.502,1.086243,0.409887
Monster,100,100,60206,10000,3028,0.302800,1962,64.7952,220,7.2655,694,10.7098,437,0.9375,1.000000,false,6.535,0.965402,0.390270
Monster,100,100,60207,10000,2618,0.261800,1687,64.4385,200,7.6394,934,18.9900,1423,0.8750,1.000000,false,6.735,0.866627,0.402409
Monster,100,100,60208,10000,3185,0.318500,2044,64.1758,206,6.4678,996,14.3876,738,1.0000,1.000000,false,7.414,1.007807,0.396197
Monster,100,100,60209,10000,3758,0.375800,2444,65.0346,259,6.8920,1028,11.6046,1071,1.0000,1.000000,false,7.806,1.130488,0.410671
Monster,100,100,60210,10000,2432,0.243200,1493,61.3898,188,7.7303,1004,16.8777,947,0.9375,1.000000,false,12.119,0.830681,0.392457
Monster,100,100,60211,10000,3750,0.375000,2427,64.7200,280,7.4667,997,9.7703,885,0.9375,1.000000,false,7.704,1.114741,0.411592
Monster,100,100,60212,10000,2846,0.284600,1802,63.3169,195,6.8517,958,16.2828,716,0.9375,1.000000,false,6.804,0.922007,0.394604
Monster,100,100,60213,10000,3672,0.367200,2396,65.2505,248,6.7538,998,11.8063,430,1.0000,1.000000,false,7.561,1.113692,0.407214
Monster,100,100,60214,10000,3362,0.336200,2118,62.9982,278,8.2689,1002,14.0249,1370,1.0000,1.000000,false,7.397,1.039042,0.418611
Monster,100,100,60215,10000,2522,0.252200,1601,63.4814,189,7.4941,999,20.6387,787,0.8125,1.000000,false,6.676,0.831022,0.402197
Monster,100,100,60216,10000,2983,0.298300,1889,63.3255,212,7.1069,983,15.3662,831,1.0000,1.000000,false,7.242,0.962678,0.398975
Monster,100,100,60217,10000,3955,0.395500,2559,64.7029,282,7.1302,993,9.6796,258,1.0000,1.000000,false,7.989,1.169639,0.414151
Monster,100,100,60218,10000,3148,0.314800,2046,64.9936,248,7.8780,1043,14.6535,1050,1.0000,1.000000,false,7.106,1.003625,0.409854
Monster,100,100,60219,10000,2643,0.264300,1680,63.5641,207,7.8320,980,16.6794,1134,0.9375,1.000000,false,6.662,0.881193,0.399309
Monster,100,100,60220,10000,2634,0.263400,1687,64.0471,155,5.8846,967,21.2264,1021,0.9375,1.000000,false,6.834,0.881051,0.390932
Monster,100,100,60221,10000,3295,0.329500,2087,63.3384,227,6.8892,1009,15.4105,544,1.0000,1.000000,false,7.232,1.026817,0.406268
Monster,100,100,60222,10000,2371,0.237100,1539,64.9093,170,7.1700,951,15.9360,815,0.8750,1.000000,false,6.826,0.817027,0.382670
Monster,100,100,60223,10000,3649,0.364900,2325,63.7161,247,6.7690,989,12.7500,561,1.0000,1.000000,false,7.870,1.101383,0.409035
Monster,100,100,60224,10000,3119,0.311900,2024,64.8926,217,6.9574,992,13.5091,993,1.0000,1.000000,false,7.266,0.997180,0.396916
Monster,100,100,60225,10000,3728,0.372800,2347,62.9560,263,7.0547,994,12.6592,353,1.0000,1.000000,false,7.715,1.113842,0.414035
Monster,100,100,60226,10000,2361,0.236100,1497,63.4053,171,7.2427,994,23.2114,1675,0.9375,1.000000,false,12.645,0.822679,0.401286
Monster,100,100,60227,10000,3373,0.337300,2113,62.6445,254,7.5304,923,10.8224,372,1.0000,1.000000,false,8.709,1.039693,0.403550
Monster,100,100,60228,10000,3571,0.357100,2294,64.2397,286,8.0090,994,12.6585,933,1.0000,1.000000,false,8.356,1.087835,0.418866
Monster,100,100,60229,10000,3627,0.362700,2336,64.4058,235,6.4792,988,13.6835,597,1.0000,1.000000,false,8.153,1.100216,0.407811
Monster,100,100,60230,10000,3077,0.307700,2002,65.0634,195,6.3373,988,16.7411,933,0.9375,1.000000,false,7.290,0.976672,0.397536
Monster,100,100,60231,10000,3469,0.346900,2270,65.4367,262,7.5526,1005,12.9432,507,0.9375,1.000000,false,7.991,1.059841,0.411954
Monster,100,100,60232,10000,3789,0.378900,2452,64.7136,287,7.5746,998,10.3149,306,1.0000,1.000000,false,7.975,1.135292,0.415203
Monster,100,100,60233,10000,3341,0.334100,2152,64.4119,219,6.5549,1010,16.5475,549,1.0000,1.000000,false,7.560,1.041086,0.407148
Monster,100,100,60234,10000,3264,0.326400,2140,65.5637,222,6.8015,978,13.4622,649,0.9375,1.000000,false,7.752,1.017712,0.399590
Monster,100,100,60235,10000,3403,0.340300,2171,63.7967,231,6.7881,1003,13.7597,757,1.0000,1.000000,false,7.648,1.051097,0.404370
Monster,100,100,60236,10000,3409,0.340900,2155,63.2150,248,7.2749,1000,13.7400,607,1.0000,1.000000,false,7.787,1.049668,0.409369
Monster,100,100,60237,10000,4242,0.424200,2695,63.5314,320,7.5436,997,9.3416,324,1.0000,1.000000,false,8.357,1.222437,0.426050
Monster,100,100,60238,10000,3389,0.338900,2185,64.4733,262,7.7309,992,13.7212,725,1.0000,1.000000,false,7.661,1.051294,0.413282
Monster,100,100,60239,10000,3454,0.345400,2197,63.6074,236,6.8327,1037,13.9202,647,1.0000,1.000000,false,7.485,1.060725,0.406747
Monster,100,100,60240,10000,2809,0.280900,1808,64.3645,206,7.3336,929,14.8947,603,0.9375,1.000000,false,13.704,0.918363,0.394843
Monster,100,100,60241,10000,3821,0.382100,2478,64.8521,279,7.3018,1012,10.4523,617,1.0000,1.000000,false,7.321,1.142635,0.413778
Monster,100,100,60242,10000,3612,0.361200,2268,62.7907,245,6.7829,966,12.4146,636,1.0000,1.000000,false,7.581,1.089272,0.407226
Monster,100,100,60243,10000,4191,0.419100,2692,64.2329,291,6.9435,1015,10.2347,407,1.0000,1.000000,false,8.611,1.215900,0.420751
Monster,100,100,60244,10000,3682,0.368200,2402,65.2363,280,7.6046,1012,11.5053,814,0.9375,1.000000,false,8.121,1.103202,0.415269
Monster,100,100,60245,10000,3666,0.366600,2360,64.3753,247,6.7376,964,12.0873,502,1.0000,1.000000,false,7.819,1.108132,0.407574
Monster,100,100,60246,10000,3093,0.309300,1986,64.2095,213,6.8865,963,16.1121,1074,1.0000,1.000000,false,6.982,0.988946,0.401936
Monster,100,100,60247,10000,3821,0.382100,2480,64.9045,261,6.8307,992,11.1045,359,1.0000,1.000000,false,7.846,1.142904,0.410698
Monster,100,100,60248,10000,3466,0.346600,2259,65.1760,233,6.7224,1046,13.1502,559,1.0000,1.000000,false,8.101,1.070502,0.404080
Monster,100,100,60249,10000,3536,0.353600,2250,63.6312,264,7.4661,963,10.6157,628,1.0000,1.000000,false,7.472,1.077711,0.407280
Monster,100,100,60250,10000,3658,0.365800,2339,63.9420,255,6.9710,1009,12.8366,854,0.9375,1.000000,false,7.798,1.091847,0.411542
Monster,100,100,60251,10000,3801,0.380100,2487,65.4301,269,7.0771,983,12.3026,757,1.0000,1.000000,false,7.916,1.141439,0.415557
Monster,100,100,60252,10000,3901,0.390100,2524,64.7014,284,7.2802,998,11.0140,375,1.0000,1.000000,false,8.032,1.158440,0.417367
Monster,100,100,60253,10000,2846,0.284600,1819,63.9143,199,6.9923,992,14.3300,1083,1.0000,1.000000,false,7.265,0.936792,0.391128
Monster,100,100,60254,10000,3113,0.311300,2005,64.4073,190,6.1034,982,15.8854,1006,1.0000,1.000000,false,7.879,0.993905,0.394138
Monster,100,100,60255,10000,2779,0.277900,1723,62.0007,188,6.7650,968,18.8519,713,1.0000,1.000000,false,7.066,0.915830,0.398150
Monster,100,100,60256,10000,3690,0.369000,2368,64.1734,275,7.4526,1001,11.6989,972,1.0000,1.000000,false,7.784,1.112094,0.414473
Monster,100,100,60257,10000,2566,0.256600,1689,65.8223,179,6.9758,1010,20.1381,945,0.9375,1.000000,false,7.063,0.873142,0.397084
Monster,100,100,60258,10000,2636,0.263600,1722,65.3263,204,7.7390,1035,19.0096,1449,1.0000,1.000000,false,6.471,0.898496,0.403994
Monster,100,100,60259,10000,3537,0.353700,2262,63.9525,238,6.7289,995,12.7479,483,0.9375,1.000000,false,7.107,1.066945,0.405268
Monster,100,100,60260,10000,2559,0.255900,1640,64.0875,177,6.9168,971,18.6222,1182,0.8750,1.000000,false,6.899,0.853214,0.392493
Monster,100,100,60261,10000,2878,0.287800,1861,64.6630,202,7.0188,969,14.0542,1036,1.0000,1.000000,false,6.574,0.946286,0.391663
Monster,100,100,60262,10000,3479,0.347900,2277,65.4498,241,6.9273,997,11.8238,512,1.0000,1.000000,false,7.321,1.074485,0.403202
Monster,100,100,60263,10000,2441,0.244100,1549,63.4576,153,6.2679,987,19.3097,1017,0.9375,0.808081,false,6.981,0.810502,0.384183
Monster,100,100,60264,10000,3001,0.300100,1905,63.4788,225,7.4975,1023,14.7621,825,0.8750,1.000000,false,7.186,0.941993,0.401910
Monster,100,100,60265,10000,2932,0.293200,1909,65.1091,235,8.0150,994,16.3291,852,1.0000,1.000000,false,7.420,0.959232,0.408933
Monster,100,100,60266,10000,2779,0.277900,1775,63.8719,182,6.5491,971,17.6522,943,1.0000,1.000000,false,7.490,0.922819,0.392992
Monster,100,100,60267,10000,4198,0.419800,2691,64.1020,311,7.4083,1006,9.7923,339,1.0000,1.000000,false,8.016,1.216608,0.424504
Monster,100,100,60268,10000,3176,0.317600,2050,64.5466,207,6.5176,979,14.7729,1096,0.9375,1.000000,false,7.869,0.995031,0.397389
Monster,100,100,60269,10000,3319,0.331900,2127,64.0856,224,6.7490,981,13.6844,757,1.0000,1.000000,false,7.482,1.035080,0.401271
Monster,100,100,60270,10000,2509,0.250900,1608,64.0893,172,6.8553,971,21.4162,755,0.8750,1.000000,false,6.899,0.842899,0.397364
Monster,100,100,60271,10000,2134,0.213400,1361,63.7769,131,6.1387,1008,27.7669,781,1.0000,1.000000,false,6.564,0.789597,0.394824
Monster,100,100,60272,10000,3707,0.370700,2339,63.0968,243,6.5552,994,13.3061,479,1.0000,1.000000,false,7.299,1.110241,0.410027
Monster,100,100,60273,10000,3583,0.358300,2367,66.0620,252,7.0332,990,11.7205,674,1.0000,1.000000,false,7.486,1.099090,0.407123
Monster,100,100,60274,10000,3537,0.353700,2312,65.3661,237,6.7006,990,11.8577,382,1.0000,1.000000,false,7.512,1.086165,0.402760
Monster,100,100,60275,10000,3391,0.339100,2162,63.7570,252,7.4314,1018,12.1378,668,1.0000,1.000000,false,7.879,1.048444,0.406389
Monster,100,100,60276,10000,2729,0.272900,1743,63.8695,181,6.6325,984,16.6648,1505,1.0000,1.000000,false,7.129,0.912504,0.389857
Monster,100,100,60277,10000,2606,0.260600,1650,63.3154,207,7.9432,994,20.0000,1278,1.0000,1.000000,false,7.358,0.885211,0.407612
Monster,100,100,60278,10000,2637,0.263700,1739,65.9462,200,7.5844,917,14.4804,823,0.9375,1.000000,false,6.672,0.888402,0.391155
Monster,100,100,60279,10000,3847,0.384700,2482,64.5178,279,7.2524,996,11.7183,339,1.0000,1.000000,false,7.501,1.146300,0.417230
Monster,100,100,60280,10000,2841,0.284100,1859,65.4347,224,7.8845,984,15.3947,925,0.9375,1.000000,false,6.804,0.929067,0.402562
Monster,100,100,60281,10000,3801,0.380100,2405,63.2728,262,6.8929,992,11.3284,612,1.0000,1.000000,false,7.266,1.130418,0.411280
Monster,100,100,60282,10000,2683,0.268300,1694,63.1383,191,7.1189,1014,15.4031,1004,1.0000,1.000000,false,6.677,0.900386,0.390187
Monster,100,100,60283,10000,4265,0.426500,2741,64.2673,289,6.7761,980,10.4555,425,1.0000,1.000000,false,7.893,1.231386,0.421850
Monster,100,100,60284,10000,2869,0.286900,1858,64.7612,194,6.7619,982,15.8878,1313,0.8750,1.000000,false,6.987,0.919800,0.393409
Monster,100,100,60285,10000,3897,0.389700,2508,64.3572,291,7.4673,1013,10.5782,418,1.0000,1.000000,false,7.677,1.155808,0.418028
Monster,100,100,60286,10000,3762,0.376200,2439,64.8325,281,7.4694,975,10.3887,404,1.0000,1.000000,false,7.873,1.130297,0.413526
Monster,100,100,60287,10000,3559,0.355900,2327,65.3835,250,7.0244,988,12.3676,384,0.9375,1.000000,false,7.380,1.078327,0.407933
Monster,100,100,60288,10000,3190,0.319000,2057,64.4828,208,6.5204,1015,16.0521,978,1.0000,0.888889,false,7.330,0.993489,0.401034
Monster,100,100,60289,10000,2849,0.284900,1841,64.6192,204,7.1604,1002,15.3671,945,0.9375,1.000000,false,6.978,0.927609,0.395492
Monster,100,100,60290,10000,3265,0.326500,2128,65.1761,228,6.9832,950,15.0940,526,1.0000,1.000000,false,7.103,1.028719,0.405517
Monster,100,100,60291,10000,3556,0.355600,2303,64.7638,260,7.3116,922,10.6312,304,1.0000,1.000000,false,7.148,1.087241,0.406374
Monster,100,100,60292,10000,2604,0.260400,1657,63.6329,179,6.8740,988,20.5870,895,0.8750,1.000000,false,12.338,0.860911,0.398328
Monster,100,100,60293,10000,3771,0.377100,2438,64.6513,245,6.4970,974,12.5325,620,1.0000,1.000000,false,7.754,1.131245,0.409431
Monster,100,100,60294,10000,3972,0.397200,2552,64.2497,264,6.6465,969,12.2444,644,0.9375,1.000000,false,7.764,1.158243,0.416236
Monster,100,100,60295,10000,3497,0.349700,2270,64.9128,244,6.9774,976,11.8659,456,1.0000,1.000000,false,7.403,1.075709,0.404349
Monster,100,100,60296,10000,4117,0.411700,2652,64.4158,306,7.4326,1006,9.5402,556,1.0000,1.000000,false,8.246,1.201623,0.421686
Monster,100,100,60297,10000,3598,0.359800,2306,64.0912,255,7.0873,998,12.1523,880,1.0000,1.000000,false,8.174,1.092695,0.409194
Monster,100,100,60298,10000,2854,0.285400,1831,64.1556,189,6.6223,1003,16.4947,568,1.0000,1.000000,false,6.923,0.939367,0.393080
Monster,100,100,60299,10000,4338,0.433800,2785,64.2001,313,7.2153,997,10.1661,429,1.0000,1.000000,false,8.654,1.246081,0.427708
Monster,100,100,60300,10000,2905,0.290500,1857,63.9243,176,6.0585,954,18.2614,437,1.0000,1.000000,false,7.390,0.948995,0.393389
Monster,100,100,60301,10000,3383,0.338300,2153,63.6417,252,7.4490,975,14.5529,863,1.0000,1.000000,false,7.867,1.046272,0.412362
Monster,100,100,60302,10000,3814,0.381400,2413,63.2669,253,6.6335,991,12.3307,381,1.0000,1.000000,false,7.792,1.133056,0.411581
Monster,100,100,60303,10000,2250,0.225000,1427,63.4222,144,6.4000,946,17.9722,1026,1.0000,1.000000,false,6.751,0.812420,0.376431
Monster,100,100,60304,10000,3139,0.313900,2008,63.9694,247,7.8687,1000,16.0931,1533,1.0000,1.000000,false,7.053,0.997435,0.413090
Monster,100,100,60305,10000,3329,0.332900,2166,65.0646,216,6.4884,997,13.1147,653,0.9375,1.000000,false,7.930,1.029024,0.397541
Monster,100,100,60306,10000,2687,0.268700,1758,65.4261,199,7.4060,1004,17.6816,1166,0.8125,0.777778,false,7.384,0.838636,0.398874
Monster,100,100,60307,10000,2564,0.256400,1682,65.6006,193,7.5273,973,18.3179,1030,0.8125,1.000000,false,7.239,0.846960,0.397988
Monster,100,100,60308,10000,2595,0.259500,1636,63.0443,158,6.0886,980,22.2236,1447,0.9375,1.000000,false,7.640,0.869506,0.394295
Monster,100,100,60309,10000,3698,0.369800,2407,65.0892,267,7.2201,997,10.3542,433,0.9375,1.000000,false,7.870,1.105798,0.409027
Monster,100,100,60310,10000,3942,0.394200,2520,63.9269,289,7.3313,1009,10.7031,628,1.0000,1.000000,false,7.962,1.162833,0.418331
Monster,100,100,60311,10000,3001,0.300100,1911,63.6788,230,7.6641,994,15.4957,1051,0.8750,1.000000,false,7.362,0.942800,0.405410
Monster,100,100,60312,10000,3756,0.375600,2417,64.3504,271,7.2151,995,11.0620,579,1.0000,1.000000,false,7.894,1.126618,0.412486
Monster,100,100,60313,10000,3062,0.306200,1961,64.0431,251,8.1973,994,15.6457,1578,0.9375,1.000000,false,7.281,0.969357,0.412947
Monster,100,100,60314,10000,4250,0.425000,2769,65.1529,301,7.0824,959,9.8548,256,1.0000,1.000000,false,7.997,1.233346,0.422960
Monster,100,100,60315,10000,3216,0.321600,2091,65.0187,228,7.0896,1029,15.5391,446,1.0000,1.000000,false,7.466,1.017853,0.406223
Monster,100,100,60316,10000,3419,0.341900,2197,64.2586,244,7.1366,1019,13.6316,680,0.9375,1.000000,false,7.557,1.044016,0.408015
Monster,100,100,60317,10000,3387,0.338700,2193,64.7476,263,7.7650,1014,13.1381,570,1.0000,1.000000,false,7.692,1.052129,0.412105
Monster,100,100,60318,10000,2531,0.253100,1668,65.9028,163,6.4401,955,17.8061,1049,0.8125,0.858586,false,6.739,0.819897,0.384847
Monster,100,100,60319,10000,3078,0.307800,1958,63.6127,210,6.8226,934,14.2075,577,0.9375,1.000000,false,7.106,0.970878,0.396085
Monster,100,100,60320,10000,3217,0.321700,2013,62.5738,236,7.3360,999,12.4538,675,1.0000,1.000000,false,7.090,1.007489,0.401005
Monster,100,100,60321,10000,3133,0.313300,2012,64.2196,212,6.7667,1009,17.6244,579,0.9375,1.000000,false,7.037,0.984751,0.405718
Monster,100,100,60322,10000,3310,0.331000,2124,64.1692,239,7.2205,1016,13.1029,826,1.0000,1.000000,false,7.327,1.033594,0.404263
Monster,100,100,60323,10000,2528,0.252800,1621,64.1218,164,6.4873,1014,21.7844,951,1.0000,0.979798,false,6.898,0.868901,0.395174
Monster,100,100,60324,10000,2312,0.231200,1489,64.4031,176,7.6125,992,22.0226,1605,0.9375,1.000000,false,11.974,0.815710,0.400541
Monster,100,100,60325,10000,2883,0.288300,1820,63.1287,219,7.5963,1005,14.7123,1159,0.9375,1.000000,false,7.088,0.928876,0.399233
Monster,100,100,60326,10000,2676,0.267600,1681,62.8176,205,7.6607,996,19.6364,1705,1.0000,1.000000,false,6.859,0.897797,0.405978
Monster,100,100,60327,10000,3633,0.363300,2275,62.6204,304,8.3677,1030,11.8366,956,1.0000,1.000000,false,7.212,1.092738,0.422259
Monster,100,100,60328,10000,2370,0.237000,1483,62.5738,174,7.3418,1007,22.2216,1196,0.9375,1.000000,false,6.999,0.821880,0.400072
Monster,100,100,60329,10000,3609,0.360900,2345,64.9764,248,6.8717,951,10.4862,424,1.0000,1.000000,false,7.566,1.099260,0.403203
Monster,100,100,60330,10000,3326,0.332600,2139,64.3115,228,6.8551,1012,12.6940,538,1.0000,1.000000,false,7.762,1.037534,0.400066
Monster,100,100,60331,10000,3331,0.333100,2175,65.2957,237,7.1150,994,13.9121,691,1.0000,1.000000,false,7.790,1.042974,0.405860
Monster,100,100,60332,10000,3130,0.313000,1997,63.8019,208,6.6454,995,15.0569,890,0.8750,1.000000,false,7.231,0.969874,0.397996
Monster,100,100,60333,10000,3846,0.384600,2487,64.6646,287,7.4623,974,9.1399,926,0.9375,0.959596,false,7.410,1.128291,0.412853
Monster,100,100,60334,10000,3378,0.337800,2147,63.5583,236,6.9864,930,12.3586,490,1.0000,1.000000,false,7.626,1.044864,0.402100
Monster,100,100,60335,10000,3242,0.324200,2028,62.5540,223,6.8785,1007,14.2070,1193,1.0000,1.000000,false,7.126,1.012512,0.401562
Monster,100,100,60336,10000,3591,0.359100,2303,64.1326,266,7.4074,1020,12.2948,480,1.0000,1.000000,false,7.632,1.091450,0.412541
Monster,100,100,60337,10000,3021,0.302100,1947,64.4489,219,7.2493,986,14.8009,1571,0.9375,1.000000,false,7.679,0.962544,0.400125
Monster,100,100,60338,10000,2672,0.267200,1662,62.2006,194,7.2605,1014,19.0355,1140,0.9375,1.000000,false,7.029,0.882262,0.400354
Monster,100,100,60339,10000,3938,0.393800,2519,63.9665,276,7.0086,1002,11.0143,929,0.9375,1.000000,false,7.560,1.149718,0.415762
Monster,100,100,60340,10000,2273,0.227300,1491,65.5961,175,7.6991,1001,23.6854,1439,0.8750,1.000000,false,6.770,0.798788,0.404394
Monster,100,100,60341,10000,2526,0.252600,1595,63.1433,223,8.8282,1010,16.7876,1518,0.8750,1.000000,false,6.908,0.843196,0.406031
Monster,100,100,60342,10000,3753,0.375300,2445,65.1479,269,7.1676,1043,11.2664,425,1.0000,1.000000,false,7.475,1.130021,0.412432
Monster,100,100,60343,10000,3638,0.363800,2331,64.0737,247,6.7894,985,10.7183,728,1.0000,1.000000,false,7.408,1.100867,0.403830
Monster,100,100,60344,10000,2853,0.285300,1823,63.8977,201,7.0452,888,13.1429,819,0.9375,0.929293,false,7.165,0.915065,0.388899
Monster,100,100,60345,10000,3478,0.347800,2276,65.4399,258,7.4181,994,11.4692,584,1.0000,1.000000,false,12.571,1.074230,0.407194
Monster,100,100,60346,10000,2943,0.294300,1911,64.9337,200,6.7958,1013,17.6782,897,0.9375,0.969697,false,7.429,0.943778,0.400443
Monster,100,100,60347,10000,3883,0.388300,2466,63.5076,270,6.9534,986,11.4094,720,0.9375,1.000000,false,7.575,1.135979,0.414547
Monster,100,100,60348,10000,3360,0.336000,2199,65.4464,273,8.1250,1001,12.7292,706,1.0000,1.000000,false,7.082,1.049688,0.413873
Monster,100,100,60349,10000,3491,0.349100,2262,64.7952,250,7.1613,967,12.2302,561,1.0000,1.000000,false,7.257,1.073912,0.406918
Monster,100,100,60350,10000,3295,0.329500,2044,62.0334,227,6.8892,938,13.9524,608,0.9375,1.000000,false,6.983,1.008537,0.402623
Monster,100,100,60351,10000,3017,0.301700,1992,66.0259,191,6.3308,980,18.3886,651,1.0000,1.000000,false,6.642,0.980611,0.399789
Monster,100,100,60352,10000,3106,0.310600,2003,64.4881,243,7.8236,968,15.3045,1518,1.0000,1.000000,false,6.895,0.992794,0.409677
Monster,100,100,60353,10000,3235,0.323500,2094,64.7295,246,7.6043,973,14.1008,786,1.0000,1.000000,false,12.099,1.020541,0.408345
Monster,100,100,60354,10000,2690,0.269000,1717,63.8290,216,8.0297,1015,19.0138,981,0.8750,1.000000,false,11.800,0.879319,0.408532
Monster,100,100,60355,10000,2763,0.276300,1801,65.1828,182,6.5870,1021,20.2000,731,0.8750,1.000000,false,6.914,0.899389,0.399260
Monster,100,100,60356,10000,2893,0.289300,1847,63.8438,208,7.1898,1026,14.8230,1487,0.8750,1.000000,false,6.944,0.921208,0.395745
Monster,100,100,60357,10000,2582,0.258200,1672,64.7560,191,7.3974,980,19.2135,1416,0.9375,1.000000,false,6.234,0.872781,0.399468
Monster,100,100,60358,10000,3901,0.390100,2494,63.9323,294,7.5365,1027,9.9259,351,1.0000,1.000000,false,7.632,1.154407,0.417210
Monster,100,100,60359,10000,3945,0.394500,2559,64.8669,284,7.1990,966,11.5784,686,1.0000,1.000000,false,7.490,1.168436,0.419286
Monster,100,100,60360,10000,3174,0.317400,2090,65.8475,191,6.0176,955,14.2147,640,1.0000,1.000000,false,7.056,1.012667,0.390933
Monster,100,100,60361,10000,4011,0.401100,2597,64.7469,274,6.8312,974,11.6165,277,1.0000,1.000000,false,8.051,1.181482,0.417683
Monster,100,100,60362,10000,3112,0.311200,2003,64.3638,191,6.1375,998,15.7292,812,1.0000,1.000000,false,8.084,0.993516,0.394058
Monster,100,100,60363,10000,2850,0.285000,1873,65.7193,215,7.5439,975,14.2396,727,0.8750,1.000000,false,6.904,0.919531,0.396538
Monster,100,100,60364,10000,2458,0.245800,1574,64.0358,192,7.8112,994,20.2938,1137,0.9375,1.000000,false,6.822,0.844695,0.402587
Monster,100,100,60365,10000,2731,0.273100,1770,64.8114,178,6.5178,1016,19.2402,894,0.9375,1.000000,false,6.755,0.903874,0.395208
Monster,100,100,60366,10000,3694,0.369400,2398,64.9161,279,7.5528,986,10.8803,992,0.9375,1.000000,false,7.535,1.104107,0.413549
Monster,100,100,60367,10000,3551,0.355100,2269,63.8975,262,7.3782,1047,12.6250,1264,0.9375,1.000000,false,7.922,1.069569,0.411875
Monster,100,100,60368,10000,3720,0.372000,2418,65.0000,271,7.2849,966,11.6691,925,1.0000,0.979798,false,7.417,1.119392,0.413622
Monster,100,100,60369,10000,2640,0.264000,1741,65.9470,177,6.7045,1001,18.4420,1593,0.8750,0.969697,false,6.845,0.871986,0.392350
Monster,100,100,60370,10000,3118,0.311800,2009,64.4323,227,7.2803,995,15.0087,850,0.9375,1.000000,false,7.040,0.982544,0.403865
Monster,100,100,60371,10000,3274,0.327400,2115,64.5999,209,6.3836,1000,16.3897,486,1.0000,1.000000,false,7.368,1.028054,0.403030
Monster,100,100,60372,10000,3249,0.324900,2152,66.2358,240,7.3869,1042,12.5802,1250,0.9375,1.000000,false,7.785,1.017521,0.402790
Monster,100,100,60373,10000,2776,0.277600,1775,63.9409,173,6.2320,956,19.1264,1128,1.0000,1.000000,false,7.127,0.922458,0.393416
Monster,100,100,60374,10000,2508,0.250800,1620,64.5933,213,8.4928,993,17.1898,1295,0.8750,1.000000,false,6.874,0.844391,0.403143
Monster,100,100,60375,10000,4177,0.417700,2662,63.7299,284,6.7991,1008,10.6516,355,1.0000,1.000000,false,7.949,1.210184,0.419930
Monster,100,100,60376,10000,3550,0.355000,2280,64.2254,269,7.5775,1002,10.6875,514,1.0000,1.000000,false,7.388,1.083428,0.408993
Monster,100,100,60377,10000,3889,0.388900,2501,64.3096,285,7.3284,1020,10.7128,602,1.0000,1.000000,false,7.588,1.153905,0.416736
Monster,100,100,60378,10000,3254,0.325400,2082,63.9828,204,6.2692,982,12.9902,667,1.0000,1.000000,false,7.447,1.021213,0.392788
Monster,100,100,60379,10000,4007,0.400700,2602,64.9364,315,7.8612,996,8.8746,564,0.9375,1.000000,false,8.101,1.169173,0.421009
Monster,100,100,60380,10000,3677,0.367700,2348,63.8564,289,7.8597,999,12.4844,779,1.0000,1.000000,false,7.622,1.107842,0.420118
Monster,100,100,60381,10000,3284,0.328400,2138,65.1035,245,7.4604,982,13.4659,610,1.0000,1.000000,false,7.796,1.032348,0.406789
Monster,100,100,60382,10000,4097,0.409700,2615,63.8272,299,7.2980,1012,9.0296,436,1.0000,1.000000,false,7.715,1.194245,0.418464
Monster,100,100,60383,10000,3517,0.351700,2228,63.3494,236,6.7103,1027,12.6777,931,1.0000,1.000000,false,7.420,1.072469,0.404307
Monster,100,100,60384,10000,2529,0.252900,1619,64.0174,138,5.4567,996,21.5571,1443,0.8750,1.000000,false,6.781,0.846783,0.384330
Monster,100,100,60385,10000,3334,0.333400,2134,64.0072,258,7.7385,1005,11.2490,407,1.0000,1.000000,false,7.088,1.037825,0.405527
Monster,100,100,60386,10000,3804,0.380400,2468,64.8791,278,7.3081,996,10.6547,568,1.0000,1.000000,false,7.469,1.139246,0.413838
Monster,100,100,60387,10000,2726,0.272600,1769,64.8936,166,6.0895,969,17.4970,1108,1.0000,1.000000,false,6.726,0.915638,0.386418
Monster,100,100,60388,10000,3291,0.329100,2108,64.0535,229,6.9584,996,15.9565,508,1.0000,1.000000,false,7.228,1.029158,0.408205
Monster,100,100,60389,10000,2967,0.296700,1885,63.5322,201,6.7745,994,16.1165,766,1.0000,1.000000,false,6.672,0.960216,0.397046
Monster,100,100,60390,10000,2850,0.285000,1831,64.2456,207,7.2632,1019,17.9762,806,1.0000,0.939394,false,8.621,0.929795,0.403072
Monster,100,100,60391,10000,3001,0.300100,1874,62.4459,211,7.0310,951,13.7850,576,1.0000,1.000000,false,7.617,0.962827,0.394803
Monster,100,100,60392,10000,3392,0.339200,2236,65.9198,260,7.6651,1016,13.3103,764,1.0000,1.000000,false,8.290,1.058510,0.411687
Monster,100,100,60393,10000,2737,0.273700,1763,64.4136,180,6.5765,986,18.1676,758,1.0000,1.000000,false,6.836,0.916155,0.393294
Monster,100,100,60394,10000,2398,0.239800,1542,64.3036,180,7.5063,1021,15.0000,1006,1.0000,1.000000,false,14.883,0.845677,0.384503
Monster,100,100,60395,10000,3923,0.392300,2518,64.1856,301,7.6727,1030,10.1238,590,1.0000,1.000000,false,8.527,1.160279,0.419726
Monster,100,100,60396,10000,2492,0.249200,1569,62.9615,185,7.4238,927,15.9731,812,0.9375,1.000000,false,12.853,0.848112,0.388930
Monster,100,100,60397,10000,2589,0.258900,1660,64.1174,173,6.6821,1013,19.7399,993,1.0000,1.000000,false,6.534,0.884510,0.393841
Monster,100,100,60398,10000,2672,0.267200,1731,64.7829,167,6.2500,944,20.0119,1619,0.8125,1.000000,false,7.001,0.866536,0.392690
Monster,100,100,60399,10000,3502,0.350200,2247,64.1633,267,7.6242,972,12.4201,818,1.0000,1.000000,false,7.385,1.073219,0.412352
Monster,100,100,60400,10000,3385,0.338500,2191,64.7267,225,6.6470,1007,15.4425,505,1.0000,1.000000,false,7.306,1.051620,0.406626
Monster,100,100,60401,10000,3114,0.311400,1979,63.5517,246,7.8998,988,14.5840,1221,0.8750,1.000000,false,7.300,0.965531,0.408878
Monster,100,100,60402,10000,2746,0.274600,1812,65.9869,195,7.1012,939,15.8889,1068,0.8750,1.000000,false,7.094,0.898823,0.393115
Monster,100,100,60403,10000,2907,0.290700,1896,65.2219,212,7.2927,1007,14.5234,1007,0.8750,1.000000,false,12.527,0.929478,0.396446
Monster,100,100,60404,10000,3119,0.311900,1971,63.1933,221,7.0856,1003,14.9731,822,0.9375,1.000000,false,12.453,0.977557,0.401859
Monster,100,100,60405,10000,3354,0.335400,2161,64.4305,254,7.5730,993,14.6420,1083,1.0000,1.000000,false,7.715,1.043859,0.412956
Monster,100,100,60406,10000,3495,0.349500,2173,62.1745,242,6.9242,935,12.0738,400,1.0000,1.000000,false,7.857,1.062431,0.404276
Monster,100,100,60407,10000,2434,0.243400,1543,63.3936,167,6.8611,956,18.2733,837,0.9375,1.000000,false,6.890,0.837642,0.387314
Monster,100,100,60408,10000,3031,0.303100,1980,65.3250,214,7.0604,998,15.0698,1110,0.8750,1.000000,false,7.218,0.955682,0.399208
Monster,100,100,60409,10000,3509,0.350900,2333,66.4862,227,6.4691,983,13.3896,646,1.0000,1.000000,false,7.645,1.085620,0.403435
Monster,100,100,60410,10000,3890,0.389000,2501,64.2931,274,7.0437,1006,10.9676,524,1.0000,1.000000,false,7.670,1.154025,0.414556
Monster,100,100,60411,10000,3810,0.381000,2433,63.8583,273,7.1654,1005,11.6014,805,1.0000,1.000000,false,7.496,1.135264,0.414957
Monster,100,100,60412,10000,3323,0.332300,2175,65.4529,256,7.7039,1003,12.7568,597,1.0000,1.000000,false,7.271,1.042012,0.408621
Monster,100,100,60413,10000,2818,0.281800,1799,63.8396,201,7.1327,1029,16.0149,1310,0.8750,1.000000,false,6.336,0.905736,0.395904
Monster,100,100,60414,10000,2986,0.298600,1899,63.5968,239,8.0040,977,15.5661,1157,0.9375,1.000000,false,6.994,0.951883,0.408535
Monster,100,100,60415,10000,3870,0.387000,2518,65.0646,250,6.4599,995,12.4882,440,1.0000,1.000000,false,7.638,1.153905,0.411920
Monster,100,100,60416,10000,2876,0.287600,1824,63.4214,189,6.5716,995,18.3316,747,0.7500,1.000000,false,6.904,0.891072,0.397825
Monster,100,100,60417,10000,3067,0.306700,1954,63.7105,203,6.6188,1017,16.9171,1046,1.0000,1.000000,false,11.989,0.981518,0.400491
Monster,100,100,60418,10000,3293,0.329300,2118,64.3183,240,7.2882,999,14.3292,839,0.9375,1.000000,false,6.851,1.018243,0.407495
Monster,100,100,60419,10000,4503,0.450300,2859,63.4910,307,6.8177,970,9.4727,344,1.0000,1.000000,false,7.919,1.250000,0.426948
Monster,100,100,60420,10000,3311,0.331100,2134,64.4518,244,7.3694,965,11.8811,514,1.0000,1.000000,false,7.080,1.035058,0.402727
Monster,100,100,60421,10000,3603,0.360300,2302,63.8912,244,6.7721,971,14.0769,480,1.0000,1.000000,false,7.317,1.092759,0.411004
Monster,100,100,60422,10000,3198,0.319800,2065,64.5716,214,6.6917,944,13.2372,645,1.0000,1.000000,false,6.893,1.012193,0.395950
Monster,100,100,60423,10000,3647,0.364700,2336,64.0526,276,7.5679,994,11.6393,1130,0.9375,1.000000,false,8.004,1.090121,0.414187
Monster,100,100,60424,10000,4197,0.419700,2695,64.2125,318,7.5768,1033,8.7791,562,0.9375,1.000000,false,7.981,1.204525,0.423626
Monster,100,100,60425,10000,3965,0.396500,2536,63.9596,303,7.6419,1016,11.2313,594,0.9375,1.000000,false,7.502,1.155250,0.423447
Monster,100,100,60426,10000,3078,0.307800,1991,64.6849,223,7.2450,1018,14.5221,763,0.9375,1.000000,false,6.774,0.975314,0.401095
Monster,100,100,60427,10000,2791,0.279100,1789,64.0989,211,7.5600,948,12.4486,758,1.0000,1.000000,false,6.532,0.926144,0.390452
Monster,100,100,60428,10000,3174,0.317400,2019,63.6106,237,7.4669,952,13.1849,709,1.0000,1.000000,false,6.863,1.003124,0.402851
Monster,100,100,60429,10000,3367,0.336700,2200,65.3401,251,7.4547,939,12.5278,412,1.0000,1.000000,false,7.002,1.050665,0.406877
Monster,100,100,60430,10000,3376,0.337600,2166,64.1588,214,6.3389,976,15.3134,822,1.0000,1.000000,false,7.370,1.047177,0.402952
Monster,100,100,60431,10000,3692,0.369200,2447,66.2784,278,7.5298,1045,12.2035,520,1.0000,1.000000,false,7.399,1.122953,0.416567
Monster,100,100,60432,10000,4058,0.405800,2601,64.0956,301,7.4174,992,9.5954,452,1.0000,1.000000,false,9.190,1.187672,0.419903
Monster,100,100,60433,10000,2643,0.264300,1670,63.1858,180,6.8104,1031,18.6758,1361,0.8750,1.000000,false,6.778,0.867349,0.394084
Monster,100,100,60434,10000,3512,0.351200,2255,64.2084,262,7.4601,926,11.1489,612,1.0000,1.000000,false,7.380,1.075497,0.407834
Monster,100,100,60435,10000,2850,0.285000,1870,65.6140,217,7.6140,1026,14.3665,1008,0.8750,1.000000,false,6.894,0.919128,0.397557
Monster,100,100,60436,10000,3089,0.308900,1922,62.2208,214,6.9278,1012,15.2279,923,1.0000,1.000000,false,7.157,0.979863,0.400018
Monster,100,100,60437,10000,2390,0.239000,1543,64.5607,161,6.7364,1019,22.4356,1400,0.9375,1.000000,false,12.405,0.832350,0.395153
Monster,100,100,60438,10000,2313,0.231300,1459,63.0783,169,7.3065,1004,23.7471,1135,1.0000,1.000000,false,6.789,0.824298,0.401823
Monster,100,100,60439,10000,3440,0.344000,2186,63.5465,230,6.6860,980,14.7735,466,1.0000,1.000000,false,7.648,1.057563,0.406994
Monster,100,100,60440,10000,3859,0.385900,2528,65.5092,265,6.8671,991,11.4424,539,1.0000,1.000000,false,7.436,1.153926,0.413047
Monster,100,100,60441,10000,3716,0.371600,2389,64.2896,237,6.3778,983,12.8697,568,1.0000,1.000000,false,7.290,1.118044,0.407433
Monster,100,100,60442,10000,3716,0.371600,2372,63.8321,262,7.0506,1026,11.3688,592,1.0000,1.000000,false,7.615,1.115759,0.410408
Monster,100,100,60443,10000,3482,0.348200,2223,63.8426,249,7.1511,981,14.0400,687,1.0000,1.000000,false,7.301,1.067588,0.411071
Monster,100,100,60444,10000,2972,0.297200,1924,64.7376,200,6.7295,909,13.8564,574,0.9375,1.000000,false,6.955,0.953559,0.391096
Monster,100,100,60445,10000,2712,0.271200,1693,62.4263,171,6.3053,1019,16.2081,1144,0.9375,1.000000,false,6.441,0.891239,0.384933
Monster,100,100,60446,10000,3998,0.399800,2636,65.9330,294,7.3537,1013,10.9663,591,1.0000,1.000000,false,7.554,1.185160,0.420893
Monster,100,100,60447,10000,3475,0.347500,2221,63.9137,218,6.2734,995,13.4000,427,1.0000,1.000000,false,7.393,1.066477,0.400484
Monster,100,100,60448,10000,3553,0.355300,2284,64.2837,259,7.2896,1011,13.2977,489,1.0000,1.000000,false,7.786,1.084326,0.412730
Monster,100,100,60449,10000,2582,0.258200,1663,64.4074,182,7.0488,990,19.1793,1175,0.7500,1.000000,false,6.870,0.834071,0.395896
Monster,100,100,60450,10000,2620,0.262000,1687,64.3893,194,7.4046,955,19.8333,1157,0.8750,1.000000,false,7.430,0.866868,0.402229
Monster,100,100,60451,10000,3223,0.322300,2083,64.6292,228,7.0742,1000,15.0690,702,1.0000,1.000000,false,7.119,1.017619,0.405104
Monster,100,100,60452,10000,3304,0.330400,2166,65.5569,222,6.7191,964,13.8125,457,1.0000,1.000000,false,7.361,1.038517,0.400843
Monster,100,100,60453,10000,2874,0.287400,1852,64.4398,193,6.7154,996,17.0306,719,0.9375,1.000000,false,7.037,0.932095,0.395950
Monster,100,100,60454,10000,3304,0.330400,2090,63.2567,226,6.8402,967,13.1586,984,0.9375,1.000000,false,7.248,1.015802,0.400418
Monster,100,100,60455,10000,3294,0.329400,2122,64.4202,235,7.1342,1017,14.2797,926,0.9375,1.000000,false,7.286,1.018901,0.405861
Monster,100,100,60456,10000,3814,0.381400,2491,65.3120,274,7.1841,1024,10.2888,782,1.0000,1.000000,false,7.610,1.143540,0.411983
Monster,100,100,60457,10000,2912,0.291200,1849,63.4959,195,6.6964,996,20.2563,1096,1.0000,1.000000,false,6.798,0.948762,0.404965
Monster,100,100,60458,10000,3655,0.365500,2331,63.7756,256,7.0041,972,11.9027,357,1.0000,1.000000,false,7.384,1.102911,0.409448
Monster,100,100,60459,10000,2400,0.240000,1524,63.5000,159,6.6250,996,22.3086,1024,1.0000,1.000000,false,6.208,0.843499,0.394022
Monster,100,100,60460,10000,2950,0.295000,1874,63.5254,208,7.0508,991,15.1005,664,1.0000,1.000000,false,6.885,0.956693,0.396760
Monster,100,100,60461,10000,3535,0.353500,2296,64.9505,236,6.6761,973,12.6983,633,1.0000,1.000000,false,7.706,1.083774,0.404557
Monster,100,100,60462,10000,2983,0.298300,1892,63.4261,208,6.9728,968,15.2048,1210,0.8750,1.000000,false,7.093,0.938081,0.397230
Monster,100,100,60463,10000,3783,0.378300,2454,64.8692,270,7.1372,1005,11.5693,741,1.0000,1.000000,false,7.292,1.134839,0.413785
Monster,100,100,60464,10000,3349,0.334900,2180,65.0941,215,6.4198,1013,16.6233,633,1.0000,1.000000,false,7.206,1.045811,0.406226
Monster,100,100,60465,10000,2803,0.280300,1757,62.6828,179,6.3860,980,21.5778,925,0.9375,1.000000,false,6.788,0.910786,0.401895
Monster,100,100,60466,10000,4252,0.425200,2740,64.4403,310,7.2907,1000,8.9936,318,1.0000,1.000000,false,7.709,1.229689,0.422951
Monster,100,100,60467,10000,2622,0.262200,1730,65.9802,191,7.2845,920,15.2292,941,0.9375,1.000000,false,6.677,0.885388,0.389578
Monster,100,100,60468,10000,2687,0.268700,1691,62.9326,204,7.5921,1000,18.0481,1145,1.0000,0.979798,false,6.817,0.897433,0.401651
Monster,100,100,60469,10000,4080,0.408000,2663,65.2696,300,7.3529,992,9.6316,352,1.0000,1.000000,false,7.571,1.198652,0.420008
Monster,100,100,60470,10000,3749,0.374900,2410,64.2838,275,7.3353,1017,11.2058,510,1.0000,1.000000,false,7.732,1.124835,0.413837
Monster,100,100,60471,10000,2410,0.241000,1519,63.0290,162,6.7220,988,24.1325,1162,0.8750,1.000000,false,6.626,0.819029,0.399851
Monster,100,100,60472,10000,2777,0.277700,1802,64.8902,206,7.4181,963,14.3062,728,1.0000,1.000000,false,7.270,0.926208,0.393256
Monster,100,100,60473,10000,3248,0.324800,2088,64.2857,227,6.9889,1014,13.5721,664,1.0000,1.000000,false,7.252,1.021298,0.401259
Monster,100,100,60474,10000,3836,0.383600,2461,64.1554,280,7.2993,954,10.2128,778,0.9375,1.000000,false,7.415,1.129654,0.413605
Monster,100,100,60475,10000,2393,0.239300,1517,63.3932,176,7.3548,987,19.1854,1211,0.8750,1.000000,false,6.614,0.816716,0.393301
Monster,100,100,60476,10000,2480,0.248000,1599,64.4758,163,6.5726,982,20.5610,1053,0.9375,1.000000,false,6.249,0.850701,0.391528
Monster,100,100,60477,10000,2273,0.227300,1426,62.7365,183,8.0510,978,24.0432,1935,1.0000,1.000000,false,6.174,0.815052,0.408808
Monster,100,100,60478,10000,3296,0.329600,2096,63.5922,248,7.5243,1017,13.6520,1243,0.8750,0.868687,false,7.121,0.983450,0.408253
Monster,100,100,60479,10000,2938,0.293800,1881,64.0231,215,7.3179,944,12.7000,746,1.0000,1.000000,false,6.904,0.956190,0.393069
Monster,100,100,60480,10000,3567,0.356700,2345,65.7415,267,7.4853,988,12.7100,735,1.0000,1.000000,false,7.442,1.094209,0.413638
Monster,100,100,60481,10000,3591,0.359100,2300,64.0490,216,6.0150,1008,13.9000,461,1.0000,1.000000,false,7.410,1.091047,0.402630
Monster,100,100,60482,10000,3745,0.374500,2365,63.1509,264,7.0494,1020,11.1107,608,1.0000,1.000000,false,7.440,1.118306,0.410621
Monster,100,100,60483,10000,3798,0.379800,2453,64.5866,265,6.9774,1010,12.4627,523,1.0000,1.000000,false,7.897,1.136508,0.414870
Monster,100,100,60484,10000,3675,0.367500,2313,62.9388,281,7.6463,965,10.1696,328,1.0000,1.000000,false,7.426,1.102897,0.412137
Monster,100,100,60485,10000,3242,0.324200,2108,65.0216,206,6.3541,971,15.1538,574,1.0000,1.000000,false,7.855,1.023265,0.398686
Monster,100,100,60486,10000,3024,0.302400,1985,65.6415,203,6.7130,990,18.1268,915,1.0000,1.000000,false,7.003,0.980512,0.403167
Monster,100,100,60487,10000,3634,0.363400,2325,63.9791,302,8.3104,1024,10.0951,961,0.9375,1.000000,false,7.277,1.087079,0.417362
Monster,100,100,60488,10000,4337,0.433700,2790,64.3302,325,7.4937,1014,9.0879,610,1.0000,1.000000,false,7.988,1.246632,0.427766
Monster,100,100,60489,10000,4086,0.408600,2596,63.5340,284,6.9506,993,11.2334,469,1.0000,1.000000,false,7.509,1.190368,0.420169
Monster,100,100,60490,10000,2928,0.292800,1906,65.0956,225,7.6844,1024,14.0558,815,0.9375,1.000000,false,6.974,0.945848,0.399824
Monster,100,100,60491,10000,2975,0.297500,1888,63.4622,212,7.1261,999,17.7674,983,1.0000,1.000000,false,7.292,0.961581,0.404929
Monster,100,100,60492,10000,2476,0.247600,1604,64.7819,179,7.2294,1009,19.7374,1266,0.8750,1.000000,false,7.096,0.838392,0.395918
Monster,100,100,60493,10000,4347,0.434700,2755,63.3770,304,6.9933,992,9.7049,247,1.0000,1.000000,false,8.222,1.243131,0.424606
Monster,100,100,60494,10000,3187,0.318700,2044,64.1356,212,6.6520,987,16.5561,771,0.9375,1.000000,false,8.019,0.995547,0.403520
Monster,100,100,60495,10000,3498,0.349800,2258,64.5512,242,6.9182,1013,11.7886,713,1.0000,1.000000,false,7.675,1.074216,0.403594
Monster,100,100,60496,10000,3382,0.338200,2118,62.6257,269,7.9539,1023,13.9158,1192,1.0000,1.000000,false,7.065,1.041447,0.415788
Monster,100,100,60497,10000,3166,0.316600,1988,62.7922,245,7.7385,984,13.9717,628,0.9375,1.000000,false,7.372,0.985495,0.407294
Monster,100,100,60498,10000,2720,0.272000,1753,64.4485,177,6.5074,951,17.1173,737,0.9375,1.000000,false,6.991,0.900266,0.389467
Monster,100,100,60499,10000,2385,0.238500,1506,63.1447,182,7.6310,1004,20.8415,945,0.8750,1.000000,false,11.965,0.814275,0.399964
Wide,100,10,60000,1000,518,0.518000,332,64.0927,47,9.0734,97,7.1064,130,1.0000,1.000000,false,0.887,1.089208,0.502314
Wide,100,10,60001,1000,548,0.548000,346,63.1387,52,9.4891,99,5.3393,61,1.0000,1.000000,false,0.771,1.128775,0.501501
Wide,100,10,60002,1000,411,0.411000,248,60.3406,40,9.7324,102,9.4250,89,1.0000,0.979798,false,0.824,0.919521,0.495135
Wide,100,10,60003,1000,406,0.406000,273,67.2414,39,9.6059,108,8.2051,143,0.7500,0.696970,false,0.804,0.845143,0.482726
Wide,100,10,60004,1000,519,0.519000,331,63.7765,48,9.2486,97,6.5833,59,1.0000,0.979798,false,1.262,1.091315,0.500231
Wide,100,10,60005,1000,492,0.492000,306,62.1951,37,7.5203,87,8.7838,64,1.0000,1.000000,false,0.772,1.047074,0.492245
Wide,100,10,60006,1000,446,0.446000,270,60.5381,38,8.5202,93,8.4872,70,0.9375,0.929293,false,0.880,0.948356,0.486099
Wide,100,10,60007,1000,537,0.537000,355,66.1080,57,10.6145,95,4.9310,62,1.0000,1.000000,false,1.033,1.130166,0.506229
Wide,100,10,60008,1000,480,0.480000,298,62.0833,46,9.5833,99,6.2391,91,1.0000,1.000000,false,0.857,1.025507,0.489158
Wide,100,10,60009,1000,409,0.409000,250,61.1247,36,8.8020,99,10.0278,82,1.0000,0.939394,false,0.794,0.909786,0.489996
Wide,100,10,60010,1000,439,0.439000,271,61.7312,33,7.5171,104,9.6364,43,1.0000,0.989899,false,0.739,0.969028,0.483053
Wide,100,10,60011,1000,432,0.432000,285,65.9722,37,8.5648,101,9.4324,73,1.0000,1.000000,false,0.753,0.970326,0.489818
Wide,100,10,60012,1000,473,0.473000,324,68.4989,49,10.3594,103,6.7000,70,1.0000,1.000000,false,0.722,1.045763,0.498462
Wide,100,10,60013,1000,475,0.475000,302,63.5789,50,10.5263,107,7.0000,77,1.0000,1.000000,false,0.772,1.026450,0.503103
Wide,100,10,60014,1000,415,0.415000,254,61.2048,39,9.3976,107,9.6154,66,1.0000,1.000000,false,0.735,0.931751,0.494492
Wide,100,10,60015,1000,456,0.456000,282,61.8421,39,8.5526,100,8.8718,78,1.0000,0.979798,false,0.730,0.988797,0.492464
Wide,100,10,60016,1000,452,0.452000,287,63.4956,45,9.9558,97,7.2222,75,1.0000,0.909091,false,0.764,0.977834,0.492254
Wide,100,10,60017,1000,454,0.454000,269,59.2511,45,9.9119,93,7.8667,94,1.0000,0.989899,false,1.301,0.976836,0.497510
Wide,100,10,60018,1000,488,0.488000,317,64.9590,47,9.6311,101,6.8511,61,1.0000,1.000000,false,1.016,1.051399,0.496874
Wide,100,10,60019,1000,342,0.342000,213,62.2807,31,9.0643,102,13.2581,104,0.9375,1.000000,false,1.071,0.820037,0.498057
Wide,100,10,60020,1000,426,0.426000,252,59.1549,43,10.0939,100,8.0233,111,1.0000,0.797980,false,0.675,0.909158,0.492168
Wide,100,10,60021,1000,414,0.414000,264,63.7681,41,9.9034,101,9.2439,81,1.0000,0.838384,false,0.654,0.919319,0.496313
Wide,100,10,60022,1000,517,0.517000,312,60.3482,50,9.6712,100,6.0400,41,1.0000,1.000000,false,0.678,1.070333,0.499562
Wide,100,10,60023,1000,439,0.439000,290,66.0592,42,9.5672,100,8.7381,83,1.0000,1.000000,false,1.118,0.988012,0.496453
Wide,100,10,60024,1000,441,0.441000,289,65.5329,35,7.9365,96,10.7429,60,1.0000,0.939394,false,0.770,0.977916,0.496595
Wide,100,10,60025,1000,518,0.518000,324,62.5483,54,10.4247,97,5.9074,67,1.0000,0.919192,false,0.736,1.073111,0.506349
Wide,100,10,60026,1000,480,0.480000,292,60.8333,51,10.6250,102,6.6154,77,1.0000,1.000000,false,0.771,1.022138,0.502549
Wide,100,10,60027,1000,426,0.426000,260,61.0329,38,8.9202,94,9.9231,83,1.0000,1.000000,false,0.745,0.946774,0.495451
Wide,100,10,60028,1000,555,0.555000,349,62.8829,62,11.1712,115,4.4355,53,1.0000,0.989899,false,0.851,1.137370,0.513277
Wide,100,10,60029,1000,451,0.451000,282,62.5277,49,10.8647,108,7.0000,57,1.0000,1.000000,false,1.206,0.988750,0.499287
Wide,100,10,60030,1000,391,0.391000,239,61.1253,38,9.7187,103,11.1842,90,1.0000,0.959596,false,0.735,0.894842,0.502906
Wide,100,10,60031,1000,445,0.445000,268,60.2247,49,11.0112,107,7.2600,108,0.9375,1.000000,false,0.750,0.956079,0.501008
Wide,100,10,60032,1000,463,0.463000,295,63.7149,38,8.2073,99,9.0000,64,1.0000,0.929293,false,0.752,1.001375,0.492125
Wide,100,10,60033,1000,455,0.455000,291,63.9560,45,9.8901,96,7.7333,62,1.0000,1.000000,false,0.803,0.998997,0.496538
Wide,100,10,60034,1000,446,0.446000,276,61.8834,39,8.7444,103,9.2564,56,1.0000,1.000000,false,0.724,0.975665,0.494422
Wide,100,10,60035,1000,428,0.428000,275,64.2523,46,10.7477,109,8.3478,89,1.0000,1.000000,false,0.681,0.961988,0.501872
Wide,100,10,60036,1000,446,0.446000,284,63.6771,38,8.5202,106,8.9737,64,1.0000,1.000000,false,0.794,0.982764,0.489945
Wide,100,10,60037,1000,446,0.446000,261,58.5202,33,7.3991,93,10.6970,61,1.0000,0.949495,false,0.717,0.957862,0.492358
Wide,100,10,60038,1000,512,0.512000,334,65.2344,38,7.4219,99,8.5263,62,1.0000,1.000000,false,0.760,1.089241,0.495225
Wide,100,10,60039,1000,423,0.423000,259,61.2293,48,11.3475,108,7.3000,88,1.0000,0.838384,false,0.705,0.917166,0.498087
Wide,100,10,60040,1000,533,0.533000,336,63.0394,53,9.9437,97,5.6296,78,1.0000,1.000000,false,0.760,1.105196,0.503843
Wide,100,10,60041,1000,498,0.498000,313,62.8514,42,8.4337,98,7.7143,78,1.0000,0.979798,false,0.734,1.054070,0.494724
Wide,100,10,60042,1000,493,0.493000,310,62.8803,49,9.9391,101,6.7143,94,1.0000,0.989899,false,1.060,1.048480,0.500373
Wide,100,10,60043,1000,495,0.495000,308,62.2222,51,10.3030,94,6.9020,95,1.0000,1.000000,false,0.659,1.049758,0.506095
Wide,100,10,60044,1000,572,0.572000,367,64.1608,64,11.1888,106,4.3231,65,1.0000,0.979798,false,0.742,1.166296,0.517665
Wide,100,10,60045,1000,456,0.456000,305,66.8860,41,8.9912,98,8.9268,50,1.0000,1.000000,false,0.659,1.012977,0.497285
Wide,100,10,60046,1000,493,0.493000,295,59.8377,49,9.9391,100,6.4400,62,1.0000,1.000000,false,0.653,1.035337,0.498204
Wide,100,10,60047,1000,441,0.441000,270,61.2245,51,11.5646,107,7.0769,96,1.0000,0.919192,false,0.675,0.959682,0.503894
Wide,100,10,60048,1000,468,0.468000,306,65.3846,46,9.8291,101,8.2979,71,1.0000,1.000000,false,1.063,1.027590,0.504291
Wide,100,10,60049,1000,436,0.436000,268,61.4679,33,7.5688,98,10.8485,70,1.0000,1.000000,false,0.694,0.963709,0.492253
Wide,100,10,60050,1000,404,0.404000,247,61.1386,45,11.1386,108,8.9111,138,0.8750,0.989899,false,0.714,0.885918,0.503035
Wide,100,10,60051,1000,433,0.433000,274,63.2794,40,9.2379,98,8.8049,48,1.0000,0.959596,false,0.688,0.958823,0.491887
Wide,100,10,60052,1000,500,0.500000,291,58.2000,49,9.8000,99,6.4000,53,1.0000,1.000000,false,0.743,1.037395,0.498596
Wide,100,10,60053,1000,404,0.404000,241,59.6535,35,8.6634,107,9.8857,98,1.0000,0.979798,false,0.702,0.906094,0.485987
Wide,100,10,60054,1000,446,0.446000,276,61.8834,42,9.4170,106,7.6279,60,0.9375,0.979798,false,0.696,0.962489,0.488274
Wide,100,10,60055,1000,500,0.500000,318,63.6000,45,9.0000,95,7.4000,93,1.0000,1.000000,false,0.779,1.063567,0.498502
Wide,100,10,60056,1000,481,0.481000,306,63.6175,50,10.3950,109,6.9000,68,1.0000,1.000000,false,0.693,1.036534,0.502799
Wide,100,10,60057,1000,413,0.413000,271,65.6174,33,7.9903,93,10.7879,84,1.0000,0.939394,false,0.686,0.937050,0.489089
Wide,100,10,60058,1000,491,0.491000,301,61.3035,43,8.7576,92,7.8372,81,1.0000,1.000000,false,0.701,1.038531,0.496835
Wide,100,10,60059,1000,519,0.519000,328,63.1985,56,10.7900,109,5.5439,68,1.0000,1.000000,false,0.750,1.091130,0.507428
Wide,100,10,60060,1000,495,0.495000,321,64.8485,42,8.4848,86,7.4884,70,1.0000,1.000000,false,0.727,1.060608,0.492549
Wide,100,10,60061,1000,413,0.413000,264,63.9225,25,6.0533,101,13.6000,51,0.9375,1.000000,false,1.178,0.927642,0.491950
Wide,100,10,60062,1000,505,0.505000,315,62.3762,46,9.1089,101,7.2174,94,0.9375,0.969697,false,0.673,1.048656,0.499648
Wide,100,10,60063,1000,517,0.517000,320,61.8956,50,9.6712,101,6.3725,49,1.0000,1.000000,false,0.754,1.079234,0.502191
Wide,100,10,60064,1000,465,0.465000,286,61.5054,48,10.3226,104,6.8542,100,1.0000,1.000000,false,0.677,1.001370,0.496913
Wide,100,10,60065,1000,527,0.527000,337,63.9469,45,8.5389,100,6.9783,58,1.0000,1.000000,false,0.655,1.103813,0.498657
Wide,100,10,60066,1000,400,0.400000,274,68.5000,38,9.5000,100,9.4615,61,1.0000,0.949495,false,0.677,0.933748,0.489800
Wide,100,10,60067,1000,434,0.434000,264,60.8295,40,9.2166,101,9.0732,67,1.0000,1.000000,false,1.067,0.958292,0.494096
Wide,100,10,60068,1000,408,0.408000,249,61.0294,40,9.8039,102,9.2500,55,1.0000,1.000000,false,0.672,0.919979,0.493567
Wide,100,10,60069,1000,464,0.464000,292,62.9310,41,8.8362,98,8.4146,49,1.0000,0.989899,false,0.790,1.007326,0.494086
Wide,100,10,60070,1000,433,0.433000,282,65.1270,39,9.0069,95,10.3590,68,1.0000,1.000000,false,0.696,0.971969,0.501864
Wide,100,10,60071,1000,477,0.477000,288,60.3774,52,10.9015,112,6.0769,65,1.0000,1.000000,false,0.697,1.014790,0.500157
Wide,100,10,60072,1000,431,0.431000,271,62.8770,46,10.6729,100,8.3261,74,1.0000,0.919192,false,0.686,0.949556,0.501852
Wide,100,10,60073,1000,522,0.522000,334,63.9847,50,9.5785,91,6.3200,74,1.0000,1.000000,false,0.991,1.094414,0.502349
Wide,100,10,60074,1000,470,0.470000,289,61.4894,39,8.2979,96,8.2564,71,1.0000,1.000000,false,0.736,1.007872,0.489251
Wide,100,10,60075,1000,445,0.445000,283,63.5955,37,8.3146,96,10.2703,139,1.0000,1.000000,false,0.702,0.986775,0.497840
Wide,100,10,60076,1000,534,0.534000,359,67.2285,53,9.9251,103,5.9259,45,1.0000,1.000000,false,0.698,1.130767,0.506299
Wide,100,10,60077,1000,414,0.414000,256,61.8357,37,8.9372,96,10.7838,101,1.0000,1.000000,false,0.682,0.930459,0.498825
Wide,100,10,60078,1000,492,0.492000,291,59.1463,48,9.7561,103,7.0417,51,1.0000,0.979798,false,0.733,1.029079,0.500830
Wide,100,10,60079,1000,548,0.548000,337,61.4964,49,8.9416,88,6.0408,54,1.0000,1.000000,false,0.698,1.121288,0.501573
Wide,100,10,60080,1000,409,0.409000,268,65.5257,33,8.0685,107,11.2647,61,1.0000,1.000000,false,0.648,0.939892,0.492440
Wide,100,10,60081,1000,460,0.460000,300,65.2174,50,10.8696,104,7.2000,119,1.0000,1.000000,false,0.638,1.010483,0.503617
Wide,100,10,60082,1000,463,0.463000,308,66.5227,49,10.5832,109,6.6122,69,1.0000,1.000000,false,0.686,1.020465,0.497006
Wide,100,10,60083,1000,456,0.456000,286,62.7193,38,8.3333,102,9.6316,44,1.0000,1.000000,false,0.650,0.998671,0.496278
Wide,100,10,60084,1000,340,0.340000,215,63.2353,35,10.2941,104,11.6571,145,1.0000,0.787879,false,0.693,0.800816,0.497099
Wide,100,10,60085,1000,463,0.463000,296,63.9309,46,9.9352,111,6.5957,66,1.0000,1.000000,false,0.631,1.010872,0.490396
Wide,100,10,60086,1000,491,0.491000,310,63.1365,45,9.1650,101,7.1556,52,1.0000,1.000000,false,1.020,1.049975,0.495519
Wide,100,10,60087,1000,441,0.441000,280,63.4921,44,9.9773,105,7.8222,67,1.0000,1.000000,false,0.662,0.976248,0.493913
Wide,100,10,60088,1000,370,0.370000,236,63.7838,37,10.0000,111,10.1579,146,0.9375,0.949495,false,0.709,0.854210,0.491305
Wide,100,10,60089,1000,382,0.382000,247,64.6597,31,8.1152,104,12.3438,158,1.0000,1.000000,false,0.672,0.894507,0.493338
Wide,100,10,60090,1000,463,0.463000,286,61.7711,42,9.0713,91,7.8333,52,1.0000,0.939394,false,0.728,0.995263,0.491541
Wide,100,10,60091,1000,540,0.540000,339,62.7778,57,10.5556,106,5.2456,49,1.0000,0.969697,false,0.695,1.111377,0.509026
Wide,100,10,60092,1000,502,0.502000,312,62.1514,56,11.1554,104,6.3929,89,1.0000,1.000000,false,1.117,1.059356,0.512694
Wide,100,10,60093,1000,438,0.438000,281,64.1553,37,8.4475,102,9.1622,76,0.8750,0.989899,false,0.805,0.950075,0.488308
Wide,100,10,60094,1000,405,0.405000,260,64.1975,45,11.1111,98,8.7333,95,0.9375,1.000000,false,0.706,0.912351,0.501654
Wide,100,10,60095,1000,489,0.489000,305,62.3722,49,10.0204,108,5.9615,81,1.0000,1.000000,false,0.726,1.041979,0.494035
Wide,100,10,60096,1000,487,0.487000,310,63.6550,49,10.0616,96,6.9388,82,0.9375,0.989899,false,0.763,1.034271,0.501572
Wide,100,10,60097,1000,433,0.433000,276,63.7413,46,10.6236,106,8.1304,107,1.0000,1.000000,false,0.747,0.965039,0.500412
Wide,100,10,60098,1000,509,0.509000,322,63.2613,47,9.2338,87,6.8723,63,1.0000,0.979798,false,0.710,1.071388,0.499369
Wide,100,10,60099,1000,482,0.482000,294,60.9959,47,9.7510,103,5.8958,57,1.0000,0.989899,false,0.680,1.023952,0.488721
Wide,100,10,60100,1000,391,0.391000,265,67.7749,30,7.6726,101,11.2667,184,1.0000,1.000000,false,0.666,0.921978,0.483097
Wide,100,10,60101,1000,528,0.528000,336,63.6364,60,11.3636,111,4.9677,68,1.0000,1.000000,false,0.819,1.103553,0.511310
Wide,100,10,60102,1000,376,0.376000,236,62.7660,32,8.5106,102,12.3333,76,1.0000,0.949495,false,0.629,0.871165,0.495410
Wide,100,10,60103,1000,469,0.469000,272,57.9957,41,8.7420,99,8.4286,105,1.0000,1.000000,false,0.679,0.994361,0.494754
Wide,100,10,60104,1000,421,0.421000,242,57.4822,45,10.6888,103,8.2000,89,1.0000,0.949495,false,0.649,0.916138,0.498015
Wide,100,10,60105,1000,400,0.400000,233,58.2500,40,10.0000,86,8.2000,77,0.9375,0.959596,false,0.999,0.878334,0.484827
Wide,100,10,60106,1000,463,0.463000,294,63.4989,45,9.7192,98,7.5778,84,1.0000,0.979798,false,0.684,1.005091,0.496000
Wide,100,10,60107,1000,477,0.477000,296,62.0545,42,8.8050,100,8.3571,59,1.0000,1.000000,false,0.782,1.023386,0.497219
Wide,100,10,60108,1000,478,0.478000,295,61.7155,43,8.9958,101,7.5000,102,1.0000,0.989899,false,0.685,1.021700,0.492651
Wide,100,10,60109,1000,468,0.468000,298,63.6752,41,8.7607,102,8.5366,109,0.9375,0.979798,false,0.704,1.000345,0.495494
Wide,100,10,60110,1000,501,0.501000,315,62.8743,47,9.3812,88,5.7234,74,0.8750,1.000000,false,0.699,1.035214,0.489360
Wide,100,10,60111,1000,409,0.409000,255,62.3472,37,9.0465,100,10.2432,104,1.0000,1.000000,false,0.976,0.925061,0.494144
Wide,100,10,60112,1000,564,0.564000,354,62.7660,60,10.6383,107,4.6935,58,1.0000,1.000000,false,0.784,1.152047,0.512689
Wide,100,10,60113,1000,392,0.392000,245,62.5000,39,9.9490,98,10.3500,81,1.0000,0.919192,false,0.695,0.893024,0.498914
Wide,100,10,60114,1000,417,0.417000,275,65.9472,39,9.3525,103,9.6410,90,1.0000,1.000000,false,0.745,0.953091,0.494844
Wide,100,10,60115,1000,426,0.426000,280,65.7277,30,7.0423,101,12.0667,79,1.0000,0.979798,false,0.705,0.963550,0.493618
Wide,100,10,60116,1000,560,0.560000,357,63.7500,53,9.4643,103,5.3148,36,1.0000,0.989899,false,0.755,1.148105,0.504660
Wide,100,10,60117,1000,495,0.495000,298,60.2020,52,10.5051,106,6.0189,93,0.9375,1.000000,false,0.739,1.027218,0.501134
Wide,100,10,60118,1000,458,0.458000,292,63.7555,41,8.9520,95,7.2143,98,1.0000,1.000000,false,0.649,1.001276,0.483954
Wide,100,10,60119,1000,487,0.487000,327,67.1458,46,9.4456,99,6.8085,74,1.0000,1.000000,false,0.672,1.059853,0.494382
Wide,100,10,60120,1000,411,0.411000,262,63.7470,41,9.9757,102,9.3659,80,1.0000,1.000000,false,0.709,0.933326,0.497100
Wide,100,10,60121,1000,413,0.413000,243,58.8378,46,11.1380,114,7.8511,93,1.0000,0.848485,false,0.657,0.900685,0.497348
Wide,100,10,60122,1000,453,0.453000,271,59.8234,33,7.2848,86,10.4242,101,1.0000,0.979798,false,0.648,0.980080,0.491159
Wide,100,10,60123,1000,474,0.474000,289,60.9705,48,10.1266,108,7.0600,81,1.0000,0.878788,false,0.652,0.996390,0.499280
Wide,100,10,60124,1000,481,0.481000,319,66.3202,45,9.3555,97,7.8478,43,1.0000,0.989899,false,1.043,1.047387,0.499898
Wide,100,10,60125,1000,466,0.466000,292,62.6609,49,10.5150,111,6.8571,38,1.0000,0.949495,false,0.667,1.003987,0.499161
Wide,100,10,60126,1000,535,0.535000,324,60.5607,62,11.5888,111,4.8710,46,1.0000,1.000000,false,0.693,1.097498,0.514896
Wide,100,10,60127,1000,498,0.498000,315,63.2530,50,10.0402,95,6.8600,58,1.0000,0.949495,false,0.669,1.051311,0.504035
Wide,100,10,60128,1000,436,0.436000,270,61.9266,45,10.3211,97,7.9778,71,1.0000,1.000000,false,0.735,0.962385,0.497081
Wide,100,10,60129,1000,446,0.446000,280,62.7803,36,8.0717,101,8.4167,66,1.0000,0.959596,false,0.660,0.975284,0.481057
Wide,100,10,60130,1000,486,0.486000,300,61.7284,46,9.4650,99,7.2128,52,1.0000,1.000000,false,1.051,1.034634,0.497472
Wide,100,10,60131,1000,392,0.392000,243,61.9898,43,10.9694,103,9.0698,102,1.0000,0.989899,false,0.677,0.901234,0.498997
Wide,100,10,60132,1000,442,0.442000,294,66.5158,53,11.9910,113,7.1509,119,1.0000,1.000000,false,0.698,0.988305,0.509043
Wide,100,10,60133,1000,416,0.416000,255,61.2981,34,8.1731,101,11.0882,71,1.0000,0.989899,false,0.674,0.932544,0.494191
Wide,100,10,60134,1000,456,0.456000,311,68.2018,52,11.4035,109,6.8462,70,1.0000,0.989899,false,0.690,1.019644,0.504959
Wide,100,10,60135,1000,501,0.501000,335,66.8663,55,10.9780,104,5.3273,59,0.9375,0.989899,false,0.690,1.065066,0.502196
Wide,100,10,60136,1000,452,0.452000,261,57.7434,47,10.3982,108,7.0213,86,1.0000,1.000000,false,0.966,0.969154,0.495090
Wide,100,10,60137,1000,414,0.414000,236,57.0048,30,7.2464,92,13.6000,93,1.0000,1.000000,false,0.697,0.913885,0.504181
Wide,100,10,60138,1000,449,0.449000,264,58.7973,41,9.1314,101,8.4146,101,0.8750,1.000000,false,0.670,0.942338,0.492538
Wide,100,10,60139,1000,576,0.576000,360,62.5000,51,8.8542,96,5.2115,52,1.0000,0.959596,false,0.747,1.161097,0.502542
Wide,100,10,60140,1000,517,0.517000,325,62.8627,49,9.4778,101,5.6939,64,1.0000,0.909091,false,0.690,1.072442,0.494892
Wide,100,10,60141,1000,422,0.422000,256,60.6635,48,11.3744,107,6.9583,75,1.0000,1.000000,false,0.671,0.939942,0.495355
Wide,100,10,60142,1000,398,0.398000,247,62.0603,36,9.0452,100,10.9167,73,1.0000,1.000000,false,0.695,0.910326,0.496156
Wide,100,10,60143,1000,532,0.532000,348,65.4135,52,9.7744,108,6.1923,64,1.0000,0.949495,false,0.734,1.111917,0.506299
Wide,100,10,60144,1000,362,0.362000,248,68.5083,24,6.6298,102,14.7600,149,1.0000,1.000000,false,0.677,0.881858,0.491586
Wide,100,10,60145,1000,456,0.456000,287,62.9386,46,10.0877,104,7.7609,62,1.0000,1.000000,false,0.728,0.997092,0.499032
Wide,100,10,60146,1000,459,0.459000,289,62.9630,38,8.2789,92,8.7368,41,1.0000,1.000000,false,0.641,1.001400,0.489559
Wide,100,10,60147,1000,509,0.509000,320,62.8684,49,9.6267,118,6.0600,38,1.0000,0.989899,false,0.684,1.071803,0.496876
Wide,100,10,60148,1000,417,0.417000,250,59.9520,36,8.6331,93,10.1892,117,0.9375,1.000000,false,0.643,0.914728,0.491984
Wide,100,10,60149,1000,476,0.476000,313,65.7563,42,8.8235,95,8.6905,81,1.0000,1.000000,false,1.003,1.037076,0.499740
Wide,100,10,60150,1000,394,0.394000,248,62.9442,40,10.1523,107,9.6500,114,0.9375,0.919192,false,0.681,0.886012,0.496013
Wide,100,10,60151,1000,518,0.518000,329,63.5135,58,11.1969,103,5.3103,52,1.0000,1.000000,false,0.686,1.090046,0.509351
Wide,100,10,60152,1000,529,0.529000,334,63.1380,53,10.0189,102,5.7170,61,1.0000,1.000000,false,0.673,1.103106,0.504086
Wide,100,10,60153,1000,496,0.496000,306,61.6935,46,9.2742,92,7.0213,102,1.0000,1.000000,false,0.667,1.046730,0.497050
Wide,100,10,60154,1000,369,0.369000,249,67.4797,31,8.4011,99,13.4194,118,1.0000,0.949495,false,0.732,0.881056,0.500800
Wide,100,10,60155,1000,427,0.427000,275,64.4028,35,8.1967,100,11.0571,73,1.0000,0.959596,false,1.029,0.955161,0.497482
Wide,100,10,60156,1000,528,0.528000,340,64.3939,46,8.7121,93,6.5435,79,1.0000,0.979798,false,0.692,1.102592,0.497252
Wide,100,10,60157,1000,469,0.469000,293,62.4733,41,8.7420,103,7.0238,101,1.0000,1.000000,false,0.680,1.010655,0.483648
Wide,100,10,60158,1000,444,0.444000,276,62.1622,34,7.6577,97,10.9412,93,1.0000,0.989899,false,0.656,0.976317,0.496274
Wide,100,10,60159,1000,511,0.511000,324,63.4051,43,8.4149,100,7.5349,79,1.0000,1.000000,false,0.677,1.075412,0.497017
Wide,100,10,60160,1000,540,0.540000,338,62.5926,44,8.1481,93,7.2273,28,1.0000,1.000000,false,0.680,1.117664,0.500618
Wide,100,10,60161,1000,442,0.442000,279,63.1222,31,7.0136,94,10.4839,67,1.0000,0.909091,false,0.693,0.967079,0.485618
Wide,100,10,60162,1000,385,0.385000,256,66.4935,34,8.8312,103,11.1765,55,0.9375,0.959596,false,0.680,0.886867,0.492169
Wide,100,10,60163,1000,502,0.502000,325,64.7410,42,8.3665,93,8.0238,59,1.0000,1.000000,false,0.676,1.071122,0.497699
Wide,100,10,60164,1000,495,0.495000,308,62.2222,45,9.0909,93,7.6667,92,0.9375,0.989899,false,0.681,1.036955,0.500019
Wide,100,10,60165,1000,468,0.468000,300,64.1026,43,9.1880,105,8.6744,96,1.0000,0.888889,false,0.662,1.006224,0.500858
Wide,100,10,60166,1000,484,0.484000,315,65.0826,51,10.5372,108,6.6863,69,1.0000,1.000000,false,0.678,1.044863,0.503432
Wide,100,10,60167,1000,497,0.497000,315,63.3803,53,10.6640,109,5.4340,65,1.0000,1.000000,false,0.700,1.060828,0.498699
Wide,100,10,60168,1000,480,0.480000,303,63.1250,46,9.5833,101,6.7447,62,1.0000,1.000000,false,0.992,1.034078,0.493155
Wide,100,10,60169,1000,481,0.481000,296,61.5385,39,8.1081,89,8.8718,57,1.0000,1.000000,false,0.680,1.026061,0.495519
Wide,100,10,60170,1000,415,0.415000,251,60.4819,34,8.1928,104,11.2059,55,0.9375,1.000000,false,0.759,0.918349,0.495018
Wide,100,10,60171,1000,489,0.489000,316,64.6217,54,11.0429,114,6.4259,83,1.0000,1.000000,false,0.696,1.053072,0.507931
Wide,100,10,60172,1000,424,0.424000,256,60.3774,37,8.7264,97,8.6757,58,1.0000,1.000000,false,0.674,0.938640,0.483051
Wide,100,10,60173,1000,342,0.342000,213,62.2807,40,11.6959,109,11.2500,141,1.0000,0.949495,false,0.645,0.825254,0.508498
Wide,100,10,60174,1000,515,0.515000,314,60.9709,51,9.9029,102,5.8824,58,1.0000,0.939394,false,1.022,1.064773,0.500033
Wide,100,10,60175,1000,388,0.388000,245,63.1443,38,9.7938,90,8.0769,127,1.0000,1.000000,false,0.708,0.897094,0.478192
Wide,100,10,60176,1000,428,0.428000,251,58.6449,46,10.7477,113,8.1522,65,1.0000,1.000000,false,0.673,0.939230,0.500325
Wide,100,10,60177,1000,496,0.496000,305,61.4919,49,9.8790,99,6.6735,51,1.0000,1.000000,false,0.682,1.047097,0.500349
Wide,100,10,60178,1000,388,0.388000,263,67.7835,31,7.9897,101,13.5161,94,1.0000,1.000000,false,0.728,0.918328,0.503151
Wide,100,10,60179,1000,446,0.446000,282,63.2287,43,9.6413,109,8.6512,55,1.0000,1.000000,false,0.677,0.984801,0.498606
Wide,100,10,60180,1000,376,0.376000,225,59.8404,25,6.6489,85,14.0000,80,1.0000,0.989899,false,0.647,0.868045,0.489969
Wide,100,10,60181,1000,460,0.460000,284,61.7391,41,8.9130,86,8.1951,79,0.9375,1.000000,false,0.718,0.983758,0.491919
Wide,100,10,60182,1000,448,0.448000,258,57.5893,42,9.3750,101,8.5238,83,0.9375,0.888889,false,0.734,0.933076,0.495537
Wide,100,10,60183,1000,411,0.411000,239,58.1509,37,9.0024,83,11.3514,116,1.0000,1.000000,false,0.673,0.914425,0.503065
Wide,100,10,60184,1000,508,0.508000,319,62.7953,54,10.6299,100,5.9630,103,0.8750,1.000000,false,0.684,1.044828,0.505841
Wide,100,10,60185,1000,432,0.432000,276,63.8889,41,9.4907,104,7.4762,158,0.7500,0.696970,false,0.685,0.869969,0.483612
Wide,100,10,60186,1000,484,0.484000,311,64.2562,49,10.1240,103,6.6531,63,1.0000,1.000000,false,0.728,1.042329,0.499037
Wide,100,10,60187,1000,377,0.377000,241,63.9257,38,10.0796,101,10.3947,81,1.0000,1.000000,false,0.993,0.884622,0.496073
Wide,100,10,60188,1000,394,0.394000,256,64.9746,32,8.1218,99,12.4375,71,1.0000,1.000000,false,0.631,0.913358,0.497745
Wide,100,10,60189,1000,457,0.457000,287,62.8009,35,7.6586,95,9.6667,77,1.0000,1.000000,false,0.655,0.999504,0.490108
Wide,100,10,60190,1000,424,0.424000,271,63.9151,35,8.2547,97,9.3429,70,1.0000,0.919192,false,0.694,0.946094,0.483609
Wide,100,10,60191,1000,619,0.619000,404,65.2666,59,9.5315,92,4.1186,47,1.0000,0.989899,false,0.681,1.236463,0.513576
Wide,100,10,60192,1000,487,0.487000,308,63.2444,50,10.2669,98,6.5294,85,1.0000,1.000000,false,0.741,1.041723,0.500389
Wide,100,10,60193,1000,476,0.476000,314,65.9664,43,9.0336,95,7.7442,71,1.0000,1.000000,false,1.077,1.038439,0.494359
Wide,100,10,60194,1000,378,0.378000,234,61.9048,29,7.6720,99,14.9655,65,1.0000,0.989899,false,0.705,0.883353,0.508432
Wide,100,10,60195,1000,435,0.435000,278,63.9080,44,10.1149,108,8.1111,82,1.0000,0.868687,false,0.665,0.952107,0.495773
Wide,100,10,60196,1000,474,0.474000,282,59.4937,36,7.5949,98,8.5405,61,1.0000,1.000000,false,0.637,1.006808,0.485668
Wide,100,10,60197,1000,447,0.447000,286,63.9821,35,7.8300,100,8.1389,62,0.9375,0.989899,false,0.637,0.978296,0.476743
Wide,100,10,60198,1000,427,0.427000,243,56.9087,36,8.4309,104,10.6111,77,1.0000,1.000000,false,0.688,0.930330,0.496297
Wide,100,10,60199,1000,466,0.466000,294,63.0901,43,9.2275,106,7.8140,52,1.0000,1.000000,false,1.088,1.011947,0.493849
Wide,100,10,60200,1000,479,0.479000,298,62.2129,53,11.0647,108,6.4630,74,1.0000,1.000000,false,0.806,1.025043,0.505441
Wide,100,10,60201,1000,465,0.465000,301,64.7312,43,9.2473,104,7.8409,106,1.0000,1.000000,false,0.676,1.017134,0.493961
Wide,100,10,60202,1000,493,0.493000,308,62.4746,42,8.5193,94,7.1667,56,1.0000,0.979798,false,0.677,1.045179,0.489750
Wide,100,10,60203,1000,450,0.450000,298,66.2222,49,10.8889,104,7.2400,71,1.0000,0.989899,false,0.677,1.001895,0.501126
Wide,100,10,60204,1000,495,0.495000,305,61.6162,45,9.0909,106,6.5556,39,1.0000,1.000000,false,0.690,1.049150,0.491235
Wide,100,10,60205,1000,456,0.456000,279,61.1842,32,7.0175,100,10.1250,62,1.0000,0.909091,false,0.667,0.976019,0.487021
Wide,100,10,60206,1000,564,0.564000,343,60.8156,53,9.3972,103,4.7778,55,1.0000,0.939394,false,0.717,1.134494,0.500943
Wide,100,10,60207,1000,402,0.402000,250,62.1891,41,10.1990,105,9.2439,100,0.8750,0.989899,false,0.682,0.887456,0.495670
Wide,100,10,60208,1000,424,0.424000,278,65.5660,37,8.7264,100,10.2973,134,1.0000,1.000000,false,0.681,0.962107,0.495871
Wide,100,10,60209,1000,504,0.504000,334,66.2698,49,9.7222,107,6.6154,56,1.0000,0.949495,false,0.755,1.072598,0.500721
Wide,100,10,60210,1000,438,0.438000,275,62.7854,44,10.0457,105,7.9545,57,1.0000,0.959596,false,0.755,0.963042,0.494743
Wide,100,10,60211,1000,428,0.428000,273,63.7850,39,9.1121,92,8.4500,72,0.8750,1.000000,false,0.671,0.933583,0.486325
Wide,100,10,60212,1000,518,0.518000,338,65.2510,44,8.4942,105,6.2667,105,1.0000,0.979798,false,1.028,1.095120,0.489884
Wide,100,10,60213,1000,432,0.432000,273,63.1944,42,9.7222,104,8.0952,121,1.0000,0.959596,false,0.708,0.956533,0.490821
Wide,100,10,60214,1000,461,0.461000,291,63.1236,39,8.4599,115,8.5385,63,1.0000,1.000000,false,0.642,1.005154,0.490401
Wide,100,10,60215,1000,406,0.406000,254,62.5616,30,7.3892,103,11.1000,71,1.0000,0.939394,false,0.658,0.914444,0.483445
Wide,100,10,60216,1000,494,0.494000,296,59.9190,43,8.7045,101,7.6444,64,0.9375,1.000000,false,0.648,1.023746,0.495679
Wide,100,10,60217,1000,371,0.371000,222,59.8383,32,8.6253,102,11.2500,92,1.0000,1.000000,false,0.755,0.863998,0.486492
Wide,100,10,60218,1000,505,0.505000,317,62.7723,40,7.9208,93,7.2000,50,1.0000,0.939394,false,1.030,1.058497,0.487629
Wide,100,10,60219,1000,485,0.485000,301,62.0619,46,9.4845,98,7.4783,87,1.0000,0.989899,false,0.729,1.034320,0.499466
Wide,100,10,60220,1000,478,0.478000,306,64.0167,44,9.2050,98,7.5000,65,1.0000,1.000000,false,0.677,1.032755,0.494743
Wide,100,10,60221,1000,537,0.537000,340,63.3147,57,10.6145,97,5.6316,74,0.9375,1.000000,false,0.730,1.102119,0.511767
Wide,100,10,60222,1000,484,0.484000,293,60.5372,49,10.1240,106,7.3061,100,1.0000,1.000000,false,0.630,1.023281,0.504200
Wide,100,10,60223,1000,484,0.484000,303,62.6033,41,8.4711,98,7.0952,78,1.0000,1.000000,false,0.648,1.035918,0.486004
Wide,100,10,60224,1000,434,0.434000,264,60.8295,46,10.5991,104,8.0870,87,1.0000,0.898990,false,0.620,0.940837,0.500124
Wide,100,10,60225,1000,472,0.472000,282,59.7458,40,8.4746,102,7.7750,60,1.0000,1.000000,false,0.716,1.002189,0.487813
Wide,100,10,60226,1000,410,0.410000,261,63.6585,33,8.0488,83,10.6061,88,1.0000,1.000000,false,0.609,0.933564,0.487336
Wide,100,10,60227,1000,462,0.462000,290,62.7706,40,8.6580,105,7.7317,64,1.0000,0.969697,false,0.624,1.001842,0.486305
Wide,100,10,60228,1000,500,0.500000,311,62.2000,49,9.8000,103,6.1600,45,1.0000,1.000000,false,0.630,1.056563,0.496699
Wide,100,10,60229,1000,454,0.454000,283,62.3348,39,8.5903,92,6.3590,41,1.0000,1.000000,false,0.642,0.991449,0.472375
Wide,100,10,60230,1000,424,0.424000,273,64.3868,41,9.6698,108,9.0476,65,1.0000,0.989899,false,0.640,0.956582,0.495426
Wide,100,10,60231,1000,423,0.423000,269,63.5934,43,10.1655,107,8.0455,110,1.0000,0.959596,false,0.956,0.943481,0.492160
Wide,100,10,60232,1000,563,0.563000,366,65.0089,56,9.9467,96,5.3214,55,1.0000,1.000000,false,0.657,1.160991,0.510437
Wide,100,10,60233,1000,405,0.405000,255,62.9630,34,8.3951,92,11.0882,115,1.0000,1.000000,false,0.660,0.922850,0.493111
Wide,100,10,60234,1000,577,0.577000,376,65.1646,60,10.3986,102,4.1803,85,1.0000,0.969697,false,0.643,1.178574,0.510135
Wide,100,10,60235,1000,420,0.420000,256,60.9524,38,9.0476,99,9.7692,91,1.0000,0.989899,false,0.624,0.934399,0.493709
Wide,100,10,60236,1000,490,0.490000,310,63.2653,44,8.9796,102,6.7556,49,1.0000,1.000000,false,0.642,1.049102,0.490203
Wide,100,10,60237,1000,413,0.413000,266,64.4068,37,8.9588,103,9.3846,75,1.0000,1.000000,false,0.946,0.941545,0.487680
Wide,100,10,60238,1000,460,0.460000,286,62.1739,41,8.9130,101,8.4634,52,1.0000,1.000000,false,0.689,0.999884,0.494040
Wide,100,10,60239,1000,420,0.420000,263,62.6190,42,10.0000,107,9.4762,88,0.9375,1.000000,false,0.629,0.932280,0.500916
Wide,100,10,60240,1000,401,0.401000,252,62.8429,43,10.7232,102,9.6279,84,1.0000,1.000000,false,0.637,0.915961,0.503647
Wide,100,10,60241,1000,486,0.486000,300,61.7284,48,9.8765,96,6.7292,80,1.0000,0.929293,false,0.667,1.024337,0.497764
Wide,100,10,60242,1000,499,0.499000,323,64.7295,49,9.8196,104,6.3673,87,1.0000,1.000000,false,0.642,1.066607,0.498235
Wide,100,10,60243,1000,422,0.422000,288,68.2464,46,10.9005,103,8.0652,88,1.0000,1.000000,false,0.952,0.966102,0.499366
Wide,100,10,60244,1000,412,0.412000,267,64.8058,29,7.0388,103,10.7586,81,1.0000,1.000000,false,0.662,0.943060,0.479043
Wide,100,10,60245,1000,553,0.553000,338,61.1212,51,9.2224,103,5.8462,39,1.0000,0.979798,false,0.721,1.126088,0.504342
Wide,100,10,60246,1000,465,0.465000,298,64.0860,44,9.4624,107,7.3111,87,1.0000,1.000000,false,0.630,1.012691,0.491923
Wide,100,10,60247,1000,465,0.465000,289,62.1505,40,8.6022,99,8.9500,73,1.0000,0.959596,false,0.642,1.004081,0.496277
Wide,100,10,60248,1000,466,0.466000,312,66.9528,47,10.0858,110,7.4681,70,1.0000,0.919192,false,0.633,1.017665,0.499699
Wide,100,10,60249,1000,484,0.484000,309,63.8430,43,8.8843,102,7.7333,91,1.0000,0.959596,false,0.677,1.036138,0.495180
Wide,100,10,60250,1000,487,0.487000,302,62.0123,51,10.4723,102,6.6415,79,0.9375,1.000000,false,0.712,1.023973,0.503329
Wide,100,10,60251,1000,434,0.434000,294,67.7419,43,9.9078,106,7.5909,87,1.0000,1.000000,false,0.681,0.982447,0.489290
Wide,100,10,60252,1000,393,0.393000,244,62.0865,32,8.1425,113,11.8750,87,1.0000,0.959596,false,0.692,0.900807,0.493205
Wide,100,10,60253,1000,428,0.428000,271,63.3178,34,7.9439,102,10.8529,65,1.0000,1.000000,false,0.683,0.957748,0.493639
Wide,100,10,60254,1000,431,0.431000,279,64.7332,41,9.5128,96,8.5854,85,1.0000,0.888889,false,0.676,0.953138,0.492301
Wide,100,10,60255,1000,433,0.433000,263,60.7390,35,8.0831,100,9.3143,63,1.0000,0.979798,false,0.770,0.952631,0.484367
Wide,100,10,60256,1000,465,0.465000,288,61.9355,44,9.4624,99,8.0227,82,1.0000,0.989899,false,1.145,0.999914,0.497549
Wide,100,10,60257,1000,502,0.502000,325,64.7410,48,9.5618,105,6.9792,43,1.0000,0.989899,false,0.710,1.072296,0.501393
Wide,100,10,60258,1000,480,0.480000,293,61.0417,41,8.5417,94,7.7805,42,1.0000,1.000000,false,0.715,1.023811,0.490927
Wide,100,10,60259,1000,510,0.510000,332,65.0980,52,10.1961,107,5.4231,63,1.0000,1.000000,false,0.733,1.086394,0.497834
Wide,100,10,60260,1000,428,0.428000,269,62.8505,43,10.0467,111,7.7442,69,1.0000,1.000000,false,0.758,0.954576,0.490090
Wide,100,10,60261,1000,419,0.419000,254,60.6205,31,7.3986,98,12.1290,94,1.0000,1.000000,false,0.689,0.934452,0.495574
Wide,100,10,60262,1000,451,0.451000,288,63.8581,44,9.7561,101,8.0455,85,1.0000,0.909091,false,1.013,0.981218,0.496466
Wide,100,10,60263,1000,444,0.444000,282,63.5135,41,9.2342,102,8.8333,77,1.0000,0.919192,false,0.639,0.968669,0.495376
Wide,100,10,60264,1000,574,0.574000,374,65.1568,61,10.6272,105,4.3115,85,0.9375,1.000000,false,0.708,1.164474,0.512557
Wide,100,10,60265,1000,373,0.373000,235,63.0027,30,8.0429,97,13.3226,93,1.0000,0.969697,false,0.634,0.876719,0.497653
Wide,100,10,60266,1000,514,0.514000,334,64.9805,52,10.1167,107,5.9615,54,1.0000,1.000000,false,0.672,1.090013,0.502497
Wide,100,10,60267,1000,524,0.524000,327,62.4046,48,9.1603,99,6.1875,50,1.0000,0.979798,false,0.662,1.088253,0.497720
Wide,100,10,60268,1000,515,0.515000,319,61.9417,48,9.3204,106,6.2292,50,1.0000,1.000000,false,0.702,1.073921,0.496950
Wide,100,10,60269,1000,421,0.421000,273,64.8456,32,7.6010,106,11.3438,77,1.0000,1.000000,false,0.720,0.953671,0.491990
Wide,100,10,60270,1000,577,0.577000,381,66.0312,61,10.5719,107,4.2295,35,1.0000,0.969697,false,0.715,1.183031,0.512256
Wide,100,10,60271,1000,446,0.446000,288,64.5740,44,9.8655,96,7.8667,66,1.0000,1.000000,false,0.706,0.988107,0.494646
Wide,100,10,60272,1000,499,0.499000,310,62.1242,49,9.8196,106,6.9200,66,1.0000,1.000000,false,0.695,1.052740,0.502604
Wide,100,10,60273,1000,436,0.436000,275,63.0734,48,11.0092,90,7.4167,138,0.9375,0.949495,false,0.684,0.947600,0.499526
Wide,100,10,60274,1000,519,0.519000,330,63.5838,49,9.4412,102,6.0816,40,1.0000,0.979798,false,0.698,1.086518,0.498192
Wide,100,10,60275,1000,444,0.444000,290,65.3153,40,9.0090,111,7.7561,75,1.0000,1.000000,false,1.000,0.990252,0.484607
Wide,100,10,60276,1000,470,0.470000,288,61.2766,38,8.0851,93,9.4474,68,1.0000,1.000000,false,0.684,1.011716,0.496539
Wide,100,10,60277,1000,458,0.458000,297,64.8472,41,8.9520,103,8.6585,65,1.0000,1.000000,false,0.693,1.009923,0.495371
Wide,100,10,60278,1000,549,0.549000,351,63.9344,46,8.3789,96,6.0417,63,1.0000,1.000000,false,0.691,1.132908,0.496252
Wide,100,10,60279,1000,444,0.444000,287,64.6396,44,9.9099,112,5.9787,67,1.0000,0.909091,false,0.691,0.974573,0.479565
Wide,100,10,60280,1000,434,0.434000,266,61.2903,49,11.2903,112,7.7400,101,0.9375,1.000000,false,0.711,0.944684,0.504293
Wide,100,10,60281,1000,457,0.457000,281,61.4880,44,9.6280,104,6.3043,68,1.0000,0.989899,false,0.957,0.989921,0.483220
Wide,100,10,60282,1000,461,0.461000,269,58.3514,47,10.1952,100,7.7917,52,1.0000,0.979798,false,0.772,0.982453,0.501851
Wide,100,10,60283,1000,451,0.451000,296,65.6319,39,8.6475,100,8.2051,86,1.0000,0.949495,false,0.739,0.994604,0.486642
Wide,100,10,60284,1000,460,0.460000,289,62.8261,43,9.3478,92,8.3721,101,0.9375,0.939394,false,0.660,0.981232,0.497665
Wide,100,10,60285,1000,479,0.479000,297,62.0042,44,9.1858,102,7.4444,59,1.0000,0.929293,false,0.684,1.015268,0.494412
Wide,100,10,60286,1000,468,0.468000,285,60.8974,45,9.6154,99,7.6222,76,1.0000,1.000000,false,0.681,1.005748,0.496813
Wide,100,10,60287,1000,419,0.419000,258,61.5752,43,10.2625,99,8.5581,92,0.9375,1.000000,false,1.087,0.926083,0.495983
Wide,100,10,60288,1000,474,0.474000,300,63.2911,38,8.0169,96,8.1750,142,0.9375,0.989899,false,1.014,1.011356,0.486998
Wide,100,10,60289,1000,476,0.476000,287,60.2941,47,9.8739,91,7.0816,137,1.0000,1.000000,false,0.865,1.011602,0.497525
Wide,100,10,60290,1000,408,0.408000,246,60.2941,29,7.1078,110,10.3333,154,0.9375,1.000000,false,0.709,0.904772,0.475171
Wide,100,10,60291,1000,464,0.464000,314,67.6724,48,10.3448,109,7.5510,75,1.0000,0.898990,false,0.692,1.016384,0.502344
Wide,100,10,60292,1000,418,0.418000,265,63.3971,44,10.5263,102,8.8444,123,0.8750,1.000000,false,0.690,0.916192,0.500585
Wide,100,10,60293,1000,525,0.525000,340,64.7619,55,10.4762,98,5.5893,63,1.0000,1.000000,false,0.695,1.105659,0.506449
Wide,100,10,60294,1000,521,0.521000,328,62.9559,50,9.5969,102,6.3725,48,1.0000,1.000000,false,0.695,1.088452,0.502649
Wide,100,10,60295,1000,500,0.500000,315,63.0000,48,9.6000,105,6.3958,48,1.0000,1.000000,false,0.645,1.060636,0.496564
Wide,100,10,60296,1000,579,0.579000,373,64.4214,55,9.4991,105,5.1273,46,1.0000,1.000000,false,0.670,1.181075,0.509226
Wide,100,10,60297,1000,468,0.468000,298,63.6752,46,9.8291,107,7.7174,65,1.0000,0.898990,false,0.631,1.001899,0.499702
Wide,100,10,60298,1000,504,0.504000,327,64.8810,54,10.7143,105,5.5556,63,1.0000,1.000000,false,0.665,1.073471,0.502263
Wide,100,10,60299,1000,534,0.534000,344,64.4195,54,10.1124,99,4.5185,48,1.0000,0.969697,false,0.649,1.111135,0.497046
Wide,100,10,60300,1000,471,0.471000,301,63.9066,46,9.7665,86,6.1087,96,0.9375,0.959596,false,0.932,1.004807,0.487258
Wide,100,10,60301,1000,556,0.556000,340,61.1511,51,9.1727,102,5.2593,31,1.0000,0.979798,false,0.638,1.128504,0.500105
Wide,100,10,60302,1000,467,0.467000,296,63.3833,45,9.6360,96,7.4667,102,1.0000,1.000000,false,0.682,1.015891,0.495489
Wide,100,10,60303,1000,500,0.500000,309,61.8000,46,9.2000,95,7.1702,53,0.8750,1.000000,false,0.641,1.028276,0.498686
Wide,100,10,60304,1000,544,0.544000,308,56.6176,49,9.0074,96,5.8571,57,1.0000,1.000000,false,0.644,1.089800,0.499578
Wide,100,10,60305,1000,404,0.404000,257,63.6139,35,8.6634,94,10.9429,72,1.0000,1.000000,false,0.637,0.924095,0.494345
Wide,100,10,60306,1000,442,0.442000,275,62.2172,35,7.9186,107,8.8857,68,1.0000,1.000000,false,0.995,0.972077,0.482033
Wide,100,10,60307,1000,513,0.513000,315,61.4035,47,9.1618,84,6.5208,78,1.0000,1.000000,false,0.664,1.070727,0.497070
Wide,100,10,60308,1000,424,0.424000,259,61.0849,34,8.0189,109,10.2353,59,1.0000,0.919192,false,0.640,0.934066,0.488306
Wide,100,10,60309,1000,538,0.538000,325,60.4089,43,7.9926,94,6.8140,57,1.0000,1.000000,false,0.642,1.101155,0.495195
Wide,100,10,60310,1000,368,0.368000,218,59.2391,39,10.5978,104,8.5128,88,0.9375,0.747475,false,0.691,0.809611,0.483678
Wide,100,10,60311,1000,470,0.470000,296,62.9787,42,8.9362,106,8.0000,63,1.0000,1.000000,false,0.632,1.019795,0.493607
Wide,100,10,60312,1000,551,0.551000,347,62.9764,60,10.8893,112,4.6230,41,1.0000,1.000000,false,0.659,1.136512,0.510741
Wide,100,10,60313,1000,470,0.470000,283,60.2128,48,10.2128,97,7.0816,76,1.0000,0.888889,false,0.671,0.987992,0.499113
Wide,100,10,60314,1000,453,0.453000,284,62.6932,44,9.7130,104,8.5909,86,0.9375,1.000000,false,0.718,0.980447,0.500947
Wide,100,10,60315,1000,494,0.494000,305,61.7409,49,9.9190,103,5.8980,76,1.0000,1.000000,false,0.743,1.045344,0.494018
Wide,100,10,60316,1000,483,0.483000,284,58.7992,46,9.5238,105,7.1064,72,1.0000,1.000000,false,0.699,1.016185,0.496319
Wide,100,10,60317,1000,425,0.425000,245,57.6471,46,10.8235,113,7.7447,89,1.0000,1.000000,false,0.654,0.931034,0.496962
Wide,100,10,60318,1000,397,0.397000,266,67.0025,32,8.0605,108,11.5625,110,1.0000,1.000000,false,0.712,0.929126,0.491114
Wide,100,10,60319,1000,451,0.451000,299,66.2971,41,9.0909,94,8.5854,41,1.0000,0.959596,false,1.036,1.000279,0.494082
Wide,100,10,60320,1000,532,0.532000,334,62.7820,59,11.0902,109,5.2333,34,1.0000,1.000000,false,0.679,1.104593,0.511875
Wide,100,10,60321,1000,499,0.499000,321,64.3287,39,7.8156,98,8.0244,66,1.0000,1.000000,false,0.676,1.065322,0.491295
Wide,100,10,60322,1000,489,0.489000,309,63.1902,46,9.4070,100,7.2174,77,1.0000,1.000000,false,0.680,1.044015,0.497828
Wide,100,10,60323,1000,517,0.517000,324,62.6692,46,8.8975,102,6.9787,89,1.0000,1.000000,false,0.674,1.081653,0.499247
Wide,100,10,60324,1000,404,0.404000,244,60.3960,32,7.9208,98,10.6563,100,0.9375,1.000000,false,0.665,0.902796,0.484653
Wide,100,10,60325,1000,414,0.414000,254,61.3527,33,7.9710,97,10.7273,62,1.0000,1.000000,false,1.042,0.929538,0.488717
Wide,100,10,60326,1000,451,0.451000,279,61.8625,39,8.6475,102,9.6667,38,1.0000,1.000000,false,0.677,0.983814,0.498196
Wide,100,10,60327,1000,511,0.511000,323,63.2094,55,10.7632,104,5.3929,66,1.0000,0.888889,false,0.673,1.059172,0.503566
Wide,100,10,60328,1000,386,0.386000,233,60.3627,32,8.2902,101,11.7500,94,1.0000,1.000000,false,0.660,0.884626,0.491593
Wide,100,10,60329,1000,369,0.369000,230,62.3306,34,9.2141,100,11.8857,156,0.9375,1.000000,false,0.659,0.855768,0.496806
Wide,100,10,60330,1000,375,0.375000,227,60.5333,36,9.6000,98,10.7568,84,0.9375,1.000000,false,0.676,0.859251,0.493540
Wide,100,10,60331,1000,478,0.478000,318,66.5272,44,9.2050,98,7.8889,59,1.0000,0.979798,false,0.957,1.042510,0.497817
Wide,100,10,60332,1000,515,0.515000,325,63.1068,43,8.3495,95,7.7907,55,1.0000,1.000000,false,0.683,1.082105,0.499586
Wide,100,10,60333,1000,483,0.483000,309,63.9752,50,10.3520,103,7.2600,90,1.0000,1.000000,false,0.716,1.039149,0.505815
Wide,100,10,60334,1000,537,0.537000,339,63.1285,48,8.9385,95,6.3958,68,1.0000,1.000000,false,0.680,1.111255,0.501049
Wide,100,10,60335,1000,444,0.444000,269,60.5856,40,9.0090,101,8.5500,102,1.0000,1.000000,false,0.683,0.967850,0.490884
Wide,100,10,60336,1000,476,0.476000,301,63.2353,46,9.6639,99,7.6087,75,1.0000,1.000000,false,0.667,1.029011,0.499591
Wide,100,10,60337,1000,477,0.477000,304,63.7317,43,9.0147,96,7.8372,68,0.9375,1.000000,false,0.677,1.017804,0.495205
Wide,100,10,60338,1000,433,0.433000,274,63.2794,39,9.0069,91,9.4390,105,1.0000,1.000000,false,0.662,0.965577,0.494591
Wide,100,10,60339,1000,390,0.390000,243,62.3077,38,9.7436,97,9.8158,82,0.9375,1.000000,false,0.671,0.886809,0.492037
Wide,100,10,60340,1000,496,0.496000,305,61.4919,43,8.6694,105,7.6512,50,1.0000,0.969697,false,0.677,1.044568,0.495981
Wide,100,10,60341,1000,477,0.477000,313,65.6184,51,10.6918,100,7.0196,65,1.0000,1.000000,false,0.717,1.039319,0.505513
Wide,100,10,60342,1000,442,0.442000,283,64.0271,38,8.5973,96,9.2895,57,1.0000,1.000000,false,0.661,0.982000,0.492013
Wide,100,10,60343,1000,453,0.453000,279,61.5894,47,10.3753,106,6.9149,79,1.0000,1.000000,false,0.686,0.986795,0.494320
Wide,100,10,60344,1000,460,0.460000,286,62.1739,46,10.0000,99,7.1489,51,1.0000,0.959596,false,1.098,0.994584,0.494517
Wide,100,10,60345,1000,436,0.436000,268,61.4679,40,9.1743,95,8.7000,57,1.0000,1.000000,false,0.733,0.962104,0.491323
Wide,100,10,60346,1000,406,0.406000,252,62.0690,39,9.6059,102,10.6923,142,0.9375,0.949495,false,0.648,0.899725,0.502389
Wide,100,10,60347,1000,492,0.492000,313,63.6179,44,8.9431,99,7.0227,75,1.0000,0.969697,false,0.648,1.049437,0.492550
Wide,100,10,60348,1000,386,0.386000,234,60.6218,30,7.7720,104,12.8667,92,0.9375,1.000000,false,0.621,0.878639,0.495240
Wide,100,10,60349,1000,450,0.450000,289,64.2222,39,8.6667,101,8.7179,92,1.0000,1.000000,false,0.703,0.997364,0.490588
Wide,100,10,60350,1000,453,0.453000,282,62.2517,39,8.6093,91,8.8718,75,0.9375,1.000000,false,1.095,0.974476,0.492130
Wide,100,10,60351,1000,491,0.491000,307,62.5255,55,11.2016,104,6.2909,70,1.0000,1.000000,false,0.696,1.044803,0.509050
Wide,100,10,60352,1000,473,0.473000,299,63.2135,45,9.5137,98,7.6304,75,1.0000,1.000000,false,0.680,1.022918,0.497361
Wide,100,10,60353,1000,487,0.487000,308,63.2444,42,8.6242,100,7.8095,46,1.0000,1.000000,false,0.685,1.043263,0.494082
Wide,100,10,60354,1000,549,0.549000,339,61.7486,60,10.9290,106,4.9180,40,1.0000,1.000000,false,0.721,1.122680,0.512870
Wide,100,10,60355,1000,454,0.454000,289,63.6564,40,8.8106,107,9.1707,71,1.0000,0.909091,false,0.693,0.981490,0.496807
Wide,100,10,60356,1000,544,0.544000,342,62.8676,46,8.4559,98,6.3043,35,1.0000,1.000000,false,1.201,1.119854,0.497599
Wide,100,10,60357,1000,597,0.597000,370,61.9765,58,9.7152,98,4.2931,37,1.0000,1.000000,false,0.661,1.195212,0.510192
Wide,100,10,60358,1000,369,0.369000,235,63.6856,33,8.9431,109,12.6364,64,1.0000,0.939394,false,0.625,0.868637,0.500030
Wide,100,10,60359,1000,444,0.444000,271,61.0360,36,8.1081,96,10.2432,75,1.0000,0.919192,false,0.637,0.960093,0.495261
Wide,100,10,60360,1000,435,0.435000,269,61.8391,30,6.8966,88,11.3667,67,1.0000,0.959596,false,0.691,0.956104,0.489327
Wide,100,10,60361,1000,483,0.483000,310,64.1822,51,10.5590,103,6.0769,88,1.0000,1.000000,false,0.728,1.040921,0.498532
Wide,100,10,60362,1000,511,0.511000,327,63.9922,43,8.4149,94,7.2791,46,1.0000,1.000000,false,0.643,1.080885,0.494995
Wide,100,10,60363,1000,525,0.525000,309,58.8571,53,10.0952,101,5.9074,49,1.0000,0.959596,false,0.717,1.068639,0.505155
Wide,100,10,60364,1000,515,0.515000,309,60.0000,47,9.1262,98,6.7234,34,1.0000,0.989899,false,0.679,1.063845,0.498915
Wide,100,10,60365,1000,490,0.490000,298,60.8163,45,9.1837,98,6.6739,51,1.0000,1.000000,false,0.671,1.033802,0.491599
Wide,100,10,60366,1000,354,0.354000,225,63.5593,25,7.0621,110,14.5200,128,1.0000,0.989899,false,0.655,0.849944,0.491612
Wide,100,10,60367,1000,446,0.446000,265,59.4170,44,9.8655,107,8.0909,83,0.9375,1.000000,false,0.679,0.953572,0.496419
Wide,100,10,60368,1000,484,0.484000,312,64.4628,50,10.3306,102,6.1000,128,0.9375,0.969697,false,0.711,1.027776,0.496731
Wide,100,10,60369,1000,460,0.460000,297,64.5652,40,8.6957,105,8.7561,54,1.0000,1.000000,false,1.038,1.008848,0.494180
Wide,100,10,60370,1000,544,0.544000,324,59.5588,54,9.9265,98,5.4545,75,1.0000,1.000000,false,0.704,1.104159,0.505587
Wide,100,10,60371,1000,459,0.459000,290,63.1808,41,8.9325,103,8.6098,56,1.0000,1.000000,false,0.749,1.000927,0.495091
Wide,100,10,60372,1000,455,0.455000,287,63.0769,40,8.7912,101,7.9250,127,0.8750,0.838384,false,0.682,0.946311,0.487065
Wide,100,10,60373,1000,542,0.542000,352,64.9446,48,8.8561,99,6.1875,53,1.0000,0.888889,false,0.700,1.116033,0.500077
Wide,100,10,60374,1000,471,0.471000,288,61.1465,50,10.6157,105,6.7800,66,1.0000,1.000000,false,0.698,1.010042,0.501058
Wide,100,10,60375,1000,448,0.448000,277,61.8304,40,8.9286,101,8.6000,68,1.0000,0.959596,false,1.080,0.973772,0.491675
Wide,100,10,60376,1000,469,0.469000,282,60.1279,40,8.5288,104,8.0000,72,1.0000,1.000000,false,0.641,1.004435,0.489233
Wide,100,10,60377,1000,411,0.411000,260,63.2603,37,9.0024,103,8.2973,114,1.0000,0.828283,false,0.685,0.910304,0.478920
Wide,100,10,60378,1000,444,0.444000,276,62.1622,38,8.5586,93,10.2368,58,1.0000,0.959596,false,0.625,0.969745,0.499715
Wide,100,10,60379,1000,561,0.561000,350,62.3886,54,9.6257,101,5.1455,38,1.0000,0.989899,false,0.718,1.143442,0.505235
Wide,100,10,60380,1000,446,0.446000,267,59.8655,39,8.7444,92,8.7750,92,1.0000,0.979798,false,0.649,0.968741,0.490616
Wide,100,10,60381,1000,452,0.452000,292,64.6018,43,9.5133,98,8.2955,53,1.0000,0.959596,false,0.647,0.990348,0.496314
Wide,100,10,60382,1000,559,0.559000,359,64.2218,55,9.8390,108,5.1455,50,1.0000,1.000000,false,0.712,1.151440,0.506768
Wide,100,10,60383,1000,510,0.510000,328,64.3137,58,11.3725,101,5.8136,74,1.0000,1.000000,false,0.730,1.080561,0.512686
Wide,100,10,60384,1000,541,0.541000,329,60.8133,54,9.9815,116,4.8393,36,1.0000,1.000000,false,0.650,1.109117,0.500373
Wide,100,10,60385,1000,357,0.357000,217,60.7843,38,10.6443,100,11.2821,128,1.0000,1.000000,false,0.616,0.845067,0.502735
Wide,100,10,60386,1000,389,0.389000,255,65.5527,31,7.9692,96,13.1613,138,0.9375,0.919192,false,0.612,0.888203,0.500441
Wide,100,10,60387,1000,367,0.367000,232,63.2153,33,8.9918,101,10.7059,65,1.0000,1.000000,false,0.687,0.870403,0.484656
Wide,100,10,60388,1000,538,0.538000,342,63.5688,52,9.6654,105,5.8462,37,1.0000,1.000000,false,1.025,1.116356,0.504272
Wide,100,10,60389,1000,452,0.452000,285,63.0531,40,8.8496,98,8.3500,75,1.0000,1.000000,false,0.682,0.992791,0.490108
Wide,100,10,60390,1000,518,0.518000,320,61.7761,48,9.2664,104,6.5833,47,1.0000,0.939394,false,0.679,1.071403,0.500110
Wide,100,10,60391,1000,515,0.515000,300,58.2524,46,8.9320,98,6.3830,68,1.0000,1.000000,false,0.747,1.058618,0.494282
Wide,100,10,60392,1000,404,0.404000,261,64.6040,33,8.1683,96,12.2121,53,1.0000,0.989899,false,0.684,0.927962,0.499428
Wide,100,10,60393,1000,529,0.529000,329,62.1928,54,10.2079,96,5.6111,67,1.0000,1.000000,false,0.678,1.095837,0.505139
Wide,100,10,60394,1000,474,0.474000,295,62.2363,43,9.0717,105,7.2045,43,1.0000,0.969697,false,1.185,1.018007,0.489874
Wide,100,10,60395,1000,401,0.401000,250,62.3441,41,10.2244,99,9.9756,92,1.0000,0.898990,false,0.685,0.898299,0.501409
Wide,100,10,60396,1000,376,0.376000,242,64.3617,34,9.0426,99,11.2059,154,0.9375,1.000000,false,0.676,0.875093,0.491816
Wide,100,10,60397,1000,440,0.440000,271,61.5909,41,9.3182,97,8.3659,58,1.0000,1.000000,false,0.656,0.966872,0.491320
Wide,100,10,60398,1000,505,0.505000,304,60.1980,46,9.1089,100,6.9375,62,1.0000,1.000000,false,0.671,1.054235,0.497435
Wide,100,10,60399,1000,560,0.560000,364,65.0000,55,9.8214,94,5.6909,59,1.0000,1.000000,false,0.709,1.155331,0.511205
Wide,100,10,60400,1000,501,0.501000,313,62.4750,49,9.7804,102,6.7347,64,1.0000,0.969697,false,0.957,1.054280,0.501347
Wide,100,10,60401,1000,490,0.490000,296,60.4082,47,9.5918,104,7.3125,115,1.0000,0.979798,false,0.701,1.031640,0.500729
Wide,100,10,60402,1000,461,0.461000,298,64.6421,41,8.8937,94,8.3171,67,1.0000,1.000000,false,0.723,1.010781,0.492989
Wide,100,10,60403,1000,463,0.463000,300,64.7948,43,9.2873,98,7.4419,66,1.0000,0.919192,false,0.674,1.003929,0.490606
Wide,100,10,60404,1000,493,0.493000,300,60.8519,48,9.7363,104,6.5000,80,1.0000,0.888889,false,0.695,1.023387,0.496650
Wide,100,10,60405,1000,404,0.404000,271,67.0792,43,10.6436,105,9.6279,124,0.9375,1.000000,false,0.653,0.921461,0.503751
Wide,100,10,60406,1000,407,0.407000,249,61.1794,38,9.3366,97,10.2632,101,0.9375,1.000000,false,0.713,0.907205,0.496603
Wide,100,10,60407,1000,381,0.381000,226,59.3176,28,7.3491,106,14.5357,90,1.0000,0.969697,false,0.680,0.872009,0.502706
Wide,100,10,60408,1000,443,0.443000,269,60.7223,38,8.5779,98,7.8750,79,1.0000,0.888889,false,0.634,0.952667,0.480936
Wide,100,10,60409,1000,413,0.413000,269,65.1332,32,7.7482,104,10.7188,67,1.0000,1.000000,false,0.659,0.944496,0.486121
Wide,100,10,60410,1000,477,0.477000,296,62.0545,48,10.0629,104,6.3878,53,1.0000,1.000000,false,0.674,1.022233,0.494229
Wide,100,10,60411,1000,452,0.452000,258,57.0796,42,9.2920,100,7.6429,62,1.0000,1.000000,false,0.624,0.966435,0.488942
Wide,100,10,60412,1000,468,0.468000,302,64.5299,45,9.6154,102,7.6667,58,1.0000,0.929293,false,0.675,1.011287,0.497164
Wide,100,10,60413,1000,438,0.438000,286,65.2968,43,9.8174,104,8.5814,67,0.9375,0.989899,false,1.009,0.965922,0.497415
Wide,100,10,60414,1000,487,0.487000,301,61.8070,50,10.2669,90,7.2600,82,0.9375,0.979798,false,0.680,1.023593,0.506165
Wide,100,10,60415,1000,477,0.477000,298,62.4738,50,10.4822,108,7.0784,63,1.0000,0.939394,false,0.624,1.015553,0.503882
Wide,100,10,60416,1000,451,0.451000,270,59.8670,47,10.4213,103,7.0213,77,1.0000,0.949495,false,0.626,0.971628,0.495021
Wide,100,10,60417,1000,557,0.557000,345,61.9390,50,8.9767,90,5.9000,40,1.0000,1.000000,false,0.634,1.135235,0.503510
Wide,100,10,60418,1000,510,0.510000,335,65.6863,47,9.2157,96,6.6383,74,1.0000,0.989899,false,0.676,1.086532,0.497637
Wide,100,10,60419,1000,532,0.532000,345,64.8496,48,9.0226,97,6.4583,83,1.0000,0.989899,false,0.978,1.112985,0.500883
Wide,100,10,60420,1000,468,0.468000,302,64.5299,44,9.4017,102,7.8864,73,1.0000,1.000000,false,1.194,1.022534,0.496764
Wide,100,10,60421,1000,443,0.443000,256,57.7878,40,9.0293,96,8.4500,71,1.0000,1.000000,false,0.727,0.956280,0.489997
Wide,100,10,60422,1000,494,0.494000,308,62.3482,50,10.1215,111,6.1200,79,1.0000,1.000000,false,0.672,1.049996,0.497797
Wide,100,10,60423,1000,452,0.452000,296,65.4867,42,9.2920,115,7.6905,90,1.0000,0.989899,false,0.707,1.001322,0.489319
Wide,100,10,60424,1000,554,0.554000,353,63.7184,44,7.9422,99,6.2045,43,1.0000,1.000000,false,0.691,1.142510,0.494674
Wide,100,10,60425,1000,402,0.402000,268,66.6667,39,9.7015,109,9.5128,108,1.0000,1.000000,false,1.098,0.932818,0.492820
Wide,100,10,60426,1000,498,0.498000,332,66.6667,48,9.6386,104,6.6250,70,1.0000,1.000000,false,0.648,1.070406,0.498161
Wide,100,10,60427,1000,454,0.454000,283,62.3348,38,8.3700,103,8.8684,68,1.0000,1.000000,false,0.706,0.992881,0.490011
Wide,100,10,60428,1000,482,0.482000,314,65.1452,45,9.3361,93,7.7778,87,1.0000,1.000000,false,0.653,1.042779,0.499450
Wide,100,10,60429,1000,437,0.437000,257,58.8101,47,10.7551,104,7.6170,107,1.0000,0.868687,false,0.682,0.933027,0.498869
Wide,100,10,60430,1000,466,0.466000,298,63.9485,40,8.5837,103,8.4146,45,1.0000,1.000000,false,0.637,1.014862,0.492160
Wide,100,10,60431,1000,424,0.424000,301,70.9906,44,10.3774,102,7.2500,125,0.9375,1.000000,false,1.062,0.971895,0.488290
Wide,100,10,60432,1000,429,0.429000,265,61.7716,38,8.8578,93,10.1579,72,1.0000,1.000000,false,0.660,0.952739,0.497583
Wide,100,10,60433,1000,539,0.539000,335,62.1521,48,8.9054,96,6.6250,66,1.0000,1.000000,false,0.702,1.112946,0.503129
Wide,100,10,60434,1000,510,0.510000,327,64.1176,53,10.3922,99,6.0545,109,0.8750,1.000000,false,0.686,1.055500,0.504787
Wide,100,10,60435,1000,455,0.455000,286,62.8571,36,7.9121,95,10.0000,75,1.0000,1.000000,false,0.673,0.994170,0.494678
Wide,100,10,60436,1000,444,0.444000,268,60.3604,45,10.1351,109,8.1111,82,1.0000,1.000000,false,0.686,0.969947,0.498675
Wide,100,10,60437,1000,338,0.338000,226,66.8639,29,8.5799,110,12.7586,146,1.0000,0.969697,false,0.671,0.832237,0.488065
Wide,100,10,60438,1000,425,0.425000,273,64.2353,38,8.9412,107,9.2000,64,1.0000,0.979798,false,0.712,0.955360,0.489644
Wide,100,10,60439,1000,459,0.459000,282,61.4379,47,10.2397,98,7.5208,55,1.0000,1.000000,false,0.699,0.993271,0.499554
Wide,100,10,60440,1000,424,0.424000,289,68.1604,39,9.1981,111,9.0513,81,1.0000,1.000000,false,0.753,0.968711,0.490738
Wide,100,10,60441,1000,419,0.419000,259,61.8138,34,8.1146,98,11.4412,75,1.0000,0.919192,false,0.705,0.927047,0.497296
Wide,100,10,60442,1000,448,0.448000,283,63.1696,41,9.1518,99,8.7619,71,1.0000,0.979798,false,0.695,0.981347,0.495187
Wide,100,10,60443,1000,567,0.567000,367,64.7266,61,10.7584,105,4.4754,38,1.0000,1.000000,false,0.706,1.167796,0.513065
Wide,100,10,60444,1000,506,0.506000,313,61.8577,49,9.6838,99,6.8571,53,1.0000,0.959596,false,1.258,1.055662,0.502848
Wide,100,10,60445,1000,492,0.492000,304,61.7886,40,8.1301,91,8.0250,48,1.0000,1.000000,false,0.697,1.040512,0.492344
Wide,100,10,60446,1000,395,0.395000,256,64.8101,41,10.3797,105,9.6429,108,1.0000,0.969697,false,0.687,0.911732,0.498531
Wide,100,10,60447,1000,505,0.505000,323,63.9604,50,9.9010,109,6.0800,60,1.0000,1.000000,false,0.729,1.072258,0.498577
Wide,100,10,60448,1000,460,0.460000,288,62.6087,43,9.3478,89,8.6512,58,1.0000,1.000000,false,0.759,1.004271,0.499872
Wide,100,10,60449,1000,498,0.498000,304,61.0442,54,10.8434,103,6.2963,81,1.0000,0.989899,false,0.723,1.045388,0.507610
Wide,100,10,60450,1000,435,0.435000,270,62.0690,38,8.7356,90,9.5000,83,1.0000,1.000000,false,1.162,0.961154,0.492960
Wide,100,10,60451,1000,551,0.551000,348,63.1579,58,10.5263,101,4.7759,70,1.0000,1.000000,false,0.794,1.132918,0.508320
Wide,100,10,60452,1000,445,0.445000,278,62.4719,37,8.3146,99,10.4737,80,1.0000,0.939394,false,0.704,0.967012,0.499448
Wide,100,10,60453,1000,441,0.441000,258,58.5034,37,8.3900,93,10.5135,109,1.0000,0.878788,false,0.685,0.938786,0.499317
Wide,100,10,60454,1000,379,0.379000,232,61.2137,40,10.5541,101,9.8049,146,1.0000,0.929293,false,0.691,0.868244,0.496755
Wide,100,10,60455,1000,505,0.505000,336,66.5347,51,10.0990,113,5.9615,47,1.0000,0.979798,false,0.778,1.083769,0.499620
Wide,100,10,60456,1000,469,0.469000,292,62.2601,53,11.3006,105,5.7593,79,1.0000,0.909091,false,1.114,1.001405,0.499237
Wide,100,10,60457,1000,557,0.557000,351,63.0162,45,8.0790,97,6.0870,48,1.0000,0.979798,false,0.719,1.140469,0.496012
Wide,100,10,60458,1000,487,0.487000,326,66.9405,38,7.8029,102,8.8947,76,1.0000,1.000000,false,0.805,1.058293,0.494448
Wide,100,10,60459,1000,554,0.554000,346,62.4549,57,10.2888,102,5.4912,74,1.0000,0.959596,false,1.096,1.130117,0.512500
Wide,100,10,60460,1000,461,0.461000,294,63.7744,48,10.4121,99,7.4167,84,1.0000,0.888889,false,0.731,0.992402,0.501055
Wide,100,10,60461,1000,510,0.510000,328,64.3137,45,8.8235,91,7.0000,54,1.0000,0.969697,false,0.734,1.076114,0.496575
Wide,100,10,60462,1000,417,0.417000,269,64.5084,44,10.5516,102,8.3636,82,1.0000,0.979798,false,0.769,0.945000,0.496736
Wide,100,10,60463,1000,499,0.499000,328,65.7315,44,8.8176,90,7.7727,66,1.0000,1.000000,false,0.739,1.074531,0.499325
Wide,100,10,60464,1000,545,0.545000,347,63.6697,52,9.5413,96,5.2264,41,1.0000,1.000000,false,0.887,1.128658,0.500231
Wide,100,10,60465,1000,442,0.442000,273,61.7647,45,10.1810,99,7.5319,114,1.0000,1.000000,false,0.946,0.972227,0.493955
Wide,100,10,60466,1000,412,0.412000,255,61.8932,36,8.7379,97,10.7222,99,0.9375,1.000000,false,0.717,0.916691,0.495745
Wide,100,10,60467,1000,484,0.484000,311,64.2562,41,8.4711,102,7.4146,61,1.0000,0.959596,false,0.689,1.036165,0.488529
Wide,100,10,60468,1000,538,0.538000,355,65.9851,55,10.2230,111,5.3273,60,1.0000,1.000000,false,0.711,1.130665,0.505746
Wide,100,10,60469,1000,509,0.509000,312,61.2967,41,8.0550,89,7.0976,99,1.0000,1.000000,false,1.133,1.064592,0.489361
Wide,100,10,60470,1000,480,0.480000,311,64.7917,44,9.1667,98,7.9545,54,1.0000,1.000000,false,0.722,1.041209,0.498553
Wide,100,10,60471,1000,464,0.464000,286,61.6379,49,10.5603,100,6.8163,82,1.0000,1.000000,false,0.709,1.002857,0.498691
Wide,100,10,60472,1000,446,0.446000,279,62.5561,38,8.5202,104,9.3590,62,1.0000,0.929293,false,0.768,0.970468,0.492991
Wide,100,10,60473,1000,410,0.410000,246,60.0000,48,11.7073,108,8.3958,163,0.9375,1.000000,false,0.698,0.904596,0.506448
Wide,100,10,60474,1000,414,0.414000,264,63.7681,38,9.1787,99,9.2051,89,0.8750,0.969697,false,0.730,0.911601,0.488760
Wide,100,10,60475,1000,493,0.493000,289,58.6207,46,9.3306,90,6.6522,85,1.0000,1.000000,false,1.175,1.028054,0.493796
Wide,100,10,60476,1000,578,0.578000,366,63.3218,55,9.5156,95,4.3571,64,1.0000,1.000000,false,0.775,1.172304,0.503002
Wide,100,10,60477,1000,395,0.395000,251,63.5443,38,9.6203,97,9.9211,124,1.0000,1.000000,false,0.663,0.907003,0.493135
Wide,100,10,60478,1000,511,0.511000,324,63.4051,43,8.4149,104,7.2093,49,1.0000,1.000000,false,0.700,1.076685,0.494443
Wide,100,10,60479,1000,475,0.475000,320,67.3684,41,8.6316,93,7.5854,110,1.0000,0.989899,false,0.683,1.041179,0.488783
Wide,100,10,60480,1000,553,0.553000,360,65.0995,57,10.3074,98,5.2105,42,1.0000,1.000000,false,0.747,1.147612,0.510167
Wide,100,10,60481,1000,479,0.479000,305,63.6743,51,10.6472,103,6.1765,54,1.0000,0.959596,false,0.781,1.026004,0.499001
Wide,100,10,60482,1000,509,0.509000,321,63.0648,48,9.4303,102,6.7500,57,1.0000,1.000000,false,0.774,1.074850,0.500366
Wide,100,10,60483,1000,447,0.447000,288,64.4295,39,8.7248,107,8.9487,88,1.0000,1.000000,false,0.779,0.989886,0.492094
Wide,100,10,60484,1000,456,0.456000,282,61.8421,41,8.9912,99,9.1220,84,1.0000,0.888889,false,0.713,0.976147,0.498828
Wide,100,10,60485,1000,493,0.493000,308,62.4746,53,10.7505,101,6.0755,82,1.0000,0.929293,false,0.695,1.037299,0.503436
Wide,100,10,60486,1000,536,0.536000,332,61.9403,55,10.2612,101,5.3091,40,1.0000,0.989899,false,0.720,1.104217,0.505384
Wide,100,10,60487,1000,394,0.394000,250,63.4518,37,9.3909,101,10.2973,84,1.0000,1.000000,false,0.735,0.913535,0.493516
Wide,100,10,60488,1000,448,0.448000,278,62.0536,40,8.9286,99,7.7561,50,1.0000,0.939394,false,1.088,0.975703,0.485003
Wide,100,10,60489,1000,496,0.496000,314,63.3065,44,8.8710,92,6.7955,91,0.9375,0.949495,false,0.710,1.036722,0.491232
Wide,100,10,60490,1000,554,0.554000,337,60.8303,47,8.4838,98,5.9149,83,1.0000,1.000000,false,0.713,1.127687,0.497799
Wide,100,10,60491,1000,485,0.485000,304,62.6804,39,8.0412,88,8.4250,58,1.0000,1.000000,false,0.692,1.039902,0.492518
Wide,100,10,60492,1000,475,0.475000,308,64.8421,37,7.7895,91,8.4054,75,1.0000,0.969697,false,0.723,1.028091,0.486845
Wide,100,10,60493,1000,385,0.385000,246,63.8961,35,9.0909,98,10.5143,62,1.0000,0.939394,false,0.691,0.890019,0.489532
Wide,100,10,60494,1000,428,0.428000,256,59.8131,41,9.5794,96,8.8810,85,1.0000,1.000000,false,1.118,0.944531,0.494404
Wide,100,10,60495,1000,421,0.421000,264,62.7078,42,9.9762,106,8.3023,108,1.0000,1.000000,false,0.707,0.947437,0.491698
Wide,100,10,60496,1000,449,0.449000,267,59.4655,42,9.3541,103,8.1429,71,1.0000,1.000000,false,0.769,0.969277,0.492616
Wide,100,10,60497,1000,461,0.461000,296,64.2082,52,11.2798,109,6.8302,150,1.0000,1.000000,false,0.690,1.010955,0.505096
Wide,100,10,60498,1000,428,0.428000,264,61.6822,47,10.9813,115,8.3542,176,0.9375,0.979798,false,0.705,0.937249,0.504259
Wide,100,10,60499,1000,493,0.493000,325,65.9229,46,9.3306,106,6.8478,73,1.0000,1.000000,false,0.671,1.066174,0.495343
Tall,10,100,60000,1000,450,0.450000,285,63.3333,37,8.2222,96,9.4324,65,1.0000,0.929293,false,1.164,0.978762,0.491792
Tall,10,100,60001,1000,450,0.450000,285,63.3333,46,10.2222,98,7.2766,82,1.0000,1.000000,false,0.839,0.991368,0.494749
Tall,10,100,60002,1000,485,0.485000,307,63.2990,46,9.4845,110,6.9574,107,1.0000,1.000000,false,0.798,1.040361,0.495349
Tall,10,100,60003,1000,425,0.425000,282,66.3529,36,8.4706,111,9.7297,72,1.0000,1.000000,false,0.750,0.966293,0.489126
Tall,10,100,60004,1000,506,0.506000,322,63.6364,54,10.6719,111,6.0182,105,1.0000,1.000000,false,0.883,1.070905,0.506097
Tall,10,100,60005,1000,405,0.405000,252,62.2222,47,11.6049,101,7.4792,202,0.9375,0.959596,false,0.735,0.901089,0.496677
Tall,10,100,60006,1000,523,0.523000,343,65.5832,59,11.2811,117,4.7500,106,1.0000,1.000000,false,0.863,1.105599,0.507263
Tall,10,100,60007,1000,423,0.423000,277,65.4846,33,7.8014,83,9.8485,84,1.0000,0.969697,false,1.187,0.955262,0.482773
Tall,10,100,60008,1000,531,0.531000,347,65.3484,50,9.4162,104,5.6863,77,1.0000,1.000000,false,0.935,1.115513,0.498416
Tall,10,100,60009,1000,432,0.432000,274,63.4259,37,8.5648,96,9.3158,54,1.0000,0.919192,false,0.836,0.952342,0.488896
Tall,10,100,60010,1000,477,0.477000,306,64.1509,46,9.6436,101,6.9130,55,1.0000,1.000000,false,0.694,1.034602,0.494188
Tall,10,100,60011,1000,487,0.487000,295,60.5749,51,10.4723,102,6.6154,49,1.0000,1.000000,false,0.761,1.029972,0.503122
Tall,10,100,60012,1000,490,0.490000,308,62.8571,43,8.7755,93,8.1163,80,1.0000,0.979798,false,0.777,1.041124,0.498920
Tall,10,100,60013,1000,438,0.438000,281,64.1553,42,9.5890,93,8.9286,94,1.0000,1.000000,false,1.203,0.975791,0.497877
Tall,10,100,60014,1000,447,0.447000,288,64.4295,44,9.8434,98,8.6591,61,1.0000,1.000000,false,0.691,0.992347,0.500990
Tall,10,100,60015,1000,425,0.425000,271,63.7647,38,8.9412,113,9.3684,86,1.0000,1.000000,false,0.679,0.955562,0.490976
Tall,10,100,60016,1000,434,0.434000,307,70.7373,46,10.5991,111,8.5217,104,1.0000,0.939394,false,0.687,0.989537,0.503561
Tall,10,100,60017,1000,510,0.510000,326,63.9216,56,10.9804,111,5.6071,52,1.0000,1.000000,false,0.770,1.079655,0.507132
Tall,10,100,60018,1000,532,0.532000,316,59.3985,51,9.5865,96,6.1373,52,1.0000,1.000000,false,0.705,1.088834,0.503984
Tall,10,100,60019,1000,478,0.478000,294,61.5063,43,8.9958,89,8.2093,66,1.0000,1.000000,false,1.107,1.023422,0.498258
Tall,10,100,60020,1000,530,0.530000,339,63.9623,56,10.5660,105,5.1786,63,1.0000,0.909091,false,0.792,1.093927,0.505601
Tall,10,100,60021,1000,414,0.414000,268,64.7343,38,9.1787,107,8.9474,73,1.0000,0.979798,false,0.689,0.941889,0.486723
Tall,10,100,60022,1000,449,0.449000,266,59.2428,33,7.3497,93,11.1212,72,1.0000,1.000000,false,0.717,0.972677,0.496118
Tall,10,100,60023,1000,393,0.393000,260,66.1578,34,8.6514,101,10.4571,83,1.0000,0.777778,false,0.730,0.886975,0.487085
Tall,10,100,60024,1000,436,0.436000,259,59.4037,36,8.2569,104,9.3056,58,1.0000,1.000000,false,0.758,0.955334,0.486936
Tall,10,100,60025,1000,512,0.512000,308,60.1563,47,9.1797,103,6.5000,54,1.0000,1.000000,false,1.141,1.065006,0.496784
Tall,10,100,60026,1000,401,0.401000,250,62.3441,41,10.2244,111,8.8140,66,1.0000,1.000000,false,0.705,0.913576,0.492225
Tall,10,100,60027,1000,414,0.414000,264,63.7681,36,8.6957,102,9.9444,72,0.9375,1.000000,false,0.698,0.929854,0.489774
Tall,10,100,60028,1000,456,0.456000,314,68.8596,37,8.1140,111,9.3514,68,1.0000,0.969697,false,0.759,1.020541,0.491869
Tall,10,100,60029,1000,445,0.445000,249,55.9551,38,8.5393,106,8.9231,93,1.0000,1.000000,false,0.697,0.947509,0.489436
Tall,10,100,60030,1000,449,0.449000,283,63.0290,40,8.9087,100,8.5250,121,1.0000,0.989899,false,0.683,0.984750,0.491183
Tall,10,100,60031,1000,514,0.514000,320,62.2568,53,10.3113,109,6.0000,35,1.0000,0.989899,false,0.703,1.074026,0.504747
Tall,10,100,60032,1000,533,0.533000,342,64.1651,53,9.9437,99,5.6792,51,1.0000,1.000000,false,0.731,1.114984,0.504236
Tall,10,100,60033,1000,431,0.431000,290,67.2854,35,8.1206,109,9.6111,69,1.0000,0.989899,false,0.702,0.977739,0.486489
Tall,10,100,60034,1000,421,0.421000,247,58.6698,47,11.1639,105,8.0213,77,1.0000,0.929293,false,0.699,0.918418,0.501353
Tall,10,100,60035,1000,545,0.545000,352,64.5872,52,9.5413,95,5.9231,44,1.0000,1.000000,false,0.755,1.133008,0.505739
Tall,10,100,60036,1000,383,0.383000,247,64.4909,42,10.9661,110,8.7381,97,1.0000,1.000000,false,0.685,0.896056,0.493641
Tall,10,100,60037,1000,515,0.515000,315,61.1650,45,8.7379,96,7.4130,80,1.0000,0.949495,false,0.814,1.065678,0.500484
Tall,10,100,60038,1000,459,0.459000,285,62.0915,46,10.0218,104,6.9375,84,0.9375,1.000000,false,1.008,0.983819,0.492764
Tall,10,100,60039,1000,417,0.417000,269,64.5084,36,8.6331,99,10.5676,98,1.0000,1.000000,false,0.675,0.947790,0.494975
Tall,10,100,60040,1000,485,0.485000,317,65.3608,40,8.2474,100,8.0000,49,1.0000,1.000000,false,0.647,1.048146,0.491220
Tall,10,100,60041,1000,479,0.479000,286,59.7077,45,9.3946,96,8.0444,70,1.0000,0.959596,false,0.642,1.010584,0.501243
Tall,10,100,60042,1000,545,0.545000,346,63.4862,56,10.2752,105,5.0357,48,1.0000,1.000000,false,0.644,1.125880,0.506063
Tall,10,100,60043,1000,540,0.540000,342,63.3333,58,10.7407,102,5.5593,90,1.0000,1.000000,false,0.709,1.119123,0.513358
Tall,10,100,60044,1000,453,0.453000,290,64.0177,47,10.3753,96,5.9574,122,0.9375,0.777778,false,0.983,0.951228,0.486751
Tall,10,100,60045,1000,461,0.461000,307,66.5944,41,8.8937,97,8.9024,96,0.9375,1.000000,false,0.664,1.010677,0.497617
Tall,10,100,60046,1000,434,0.434000,271,62.4424,42,9.6774,101,8.4524,83,1.0000,0.949495,false,0.643,0.956284,0.493796
Tall,10,100,60047,1000,470,0.470000,303,64.4681,43,9.1489,98,8.0233,75,1.0000,1.000000,false,0.678,1.023846,0.495919
Tall,10,100,60048,1000,433,0.433000,267,61.6628,36,8.3141,95,9.4595,54,1.0000,1.000000,false,0.645,0.958049,0.487824
Tall,10,100,60049,1000,532,0.532000,326,61.2782,52,9.7744,99,5.8269,69,1.0000,1.000000,false,0.645,1.096764,0.503410
Tall,10,100,60050,1000,485,0.485000,306,63.0928,54,11.1340,105,6.4000,65,1.0000,0.989899,false,0.631,1.039656,0.507437
Tall,10,100,60051,1000,412,0.412000,260,63.1068,37,8.9806,91,8.3514,70,0.8750,1.000000,false,0.678,0.907209,0.479429
Tall,10,100,60052,1000,458,0.458000,283,61.7904,43,9.3886,100,7.2955,92,1.0000,1.000000,false,0.659,0.993877,0.488962
Tall,10,100,60053,1000,451,0.451000,273,60.5322,46,10.1996,102,7.8125,93,0.9375,1.000000,false,0.739,0.966540,0.499059
Tall,10,100,60054,1000,416,0.416000,259,62.2596,43,10.3365,108,8.8837,78,1.0000,1.000000,false,0.681,0.934468,0.498397
Tall,10,100,60055,1000,389,0.389000,260,66.8380,34,8.7404,102,11.1471,146,1.0000,1.000000,false,0.706,0.916513,0.492229
Tall,10,100,60056,1000,417,0.417000,283,67.8657,36,8.6331,98,9.7297,103,0.8750,1.000000,false,0.646,0.935039,0.488351
Tall,10,100,60057,1000,474,0.474000,289,60.9705,46,9.7046,100,7.9348,74,1.0000,0.989899,false,0.931,1.008415,0.501976
Tall,10,100,60058,1000,426,0.426000,275,64.5540,37,8.6854,100,9.8684,63,1.0000,1.000000,false,0.658,0.960925,0.492671
Tall,10,100,60059,1000,467,0.467000,280,59.9572,42,8.9936,99,7.6279,78,1.0000,1.000000,false,0.668,0.997798,0.490340
Tall,10,100,60060,1000,435,0.435000,284,65.2874,49,11.2644,104,7.3000,75,1.0000,0.909091,false,0.668,0.966357,0.500855
Tall,10,100,60061,1000,374,0.374000,236,63.1016,34,9.0909,96,10.0000,74,1.0000,0.969697,false,0.648,0.876407,0.482166
Tall,10,100,60062,1000,498,0.498000,313,62.8514,47,9.4378,101,7.5745,48,1.0000,1.000000,false,0.634,1.056096,0.503659
Tall,10,100,60063,1000,502,0.502000,306,60.9562,46,9.1633,109,7.3043,58,1.0000,1.000000,false,1.010,1.052799,0.499979
Tall,10,100,60064,1000,474,0.474000,303,63.9241,38,8.0169,99,8.2368,99,1.0000,0.828283,false,0.656,1.002022,0.487487
Tall,10,100,60065,1000,484,0.484000,292,60.3306,52,10.7438,110,6.4528,71,1.0000,0.989899,false,0.657,1.024025,0.503652
Tall,10,100,60066,1000,493,0.493000,302,61.2576,45,9.1278,91,6.6809,71,1.0000,0.888889,false,0.664,1.025781,0.491995
Tall,10,100,60067,1000,512,0.512000,315,61.5234,48,9.3750,102,6.9583,65,1.0000,0.989899,false,0.697,1.070388,0.502360
Tall,10,100,60068,1000,475,0.475000,295,62.1053,38,8.0000,93,8.7949,72,1.0000,1.000000,false,0.619,1.021846,0.492030
Tall,10,100,60069,1000,445,0.445000,280,62.9213,35,7.8652,87,9.4857,59,1.0000,1.000000,false,0.978,0.981136,0.487143
Tall,10,100,60070,1000,480,0.480000,312,65.0000,45,9.3750,105,7.1522,72,1.0000,1.000000,false,0.684,1.038923,0.494293
Tall,10,100,60071,1000,411,0.411000,250,60.8273,30,7.2993,92,11.8065,126,0.8750,1.000000,false,0.736,0.897370,0.489631
Tall,10,100,60072,1000,442,0.442000,257,58.1448,40,9.0498,108,9.1000,95,1.0000,1.000000,false,0.652,0.956680,0.495040
Tall,10,100,60073,1000,499,0.499000,310,62.1242,34,6.8136,89,9.8824,46,1.0000,0.979798,false,0.627,1.052716,0.495963
Tall,10,100,60074,1000,503,0.503000,312,62.0278,57,11.3320,110,5.5439,88,1.0000,1.000000,false,0.641,1.059436,0.508048
Tall,10,100,60075,1000,492,0.492000,306,62.1951,50,10.1626,106,6.9200,89,1.0000,1.000000,false,0.683,1.045244,0.503933
Tall,10,100,60076,1000,507,0.507000,321,63.3136,55,10.8481,108,5.9107,63,1.0000,1.000000,false,0.706,1.073008,0.507310
Tall,10,100,60077,1000,495,0.495000,313,63.2323,50,10.1010,99,6.5600,61,1.0000,1.000000,false,0.709,1.055182,0.501371
Tall,10,100,60078,1000,390,0.390000,242,62.0513,38,9.7436,105,10.3590,71,1.0000,0.939394,false,0.648,0.889788,0.496331
Tall,10,100,60079,1000,436,0.436000,275,63.0734,40,9.1743,113,8.0682,67,1.0000,1.000000,false,0.718,0.970198,0.486328
Tall,10,100,60080,1000,355,0.355000,205,57.7465,41,11.5493,102,9.4634,135,0.9375,1.000000,false,0.655,0.821694,0.496808
Tall,10,100,60081,1000,510,0.510000,322,63.1373,44,8.6275,103,7.2045,59,1.0000,0.929293,false,0.746,1.065373,0.496231
Tall,10,100,60082,1000,428,0.428000,261,60.9813,38,8.8785,97,9.8421,116,1.0000,0.828283,false,1.121,0.923023,0.494994
Tall,10,100,60083,1000,389,0.389000,246,63.2391,33,8.4833,103,10.5000,75,1.0000,0.888889,false,0.645,0.887924,0.484543
Tall,10,100,60084,1000,528,0.528000,320,60.6061,50,9.4697,109,5.4314,47,1.0000,1.000000,false,0.682,1.090163,0.496036
Tall,10,100,60085,1000,492,0.492000,294,59.7561,49,9.9593,110,6.4490,90,1.0000,1.000000,false,0.673,1.032501,0.498177
Tall,10,100,60086,1000,604,0.604000,358,59.2715,56,9.2715,95,4.4561,58,1.0000,0.949495,false,0.745,1.179967,0.509144
Tall,10,100,60087,1000,461,0.461000,297,64.4252,49,10.6291,106,7.1224,67,1.0000,0.888889,false,0.684,0.994690,0.500899
Tall,10,100,60088,1000,474,0.474000,306,64.5570,43,9.0717,93,7.9091,117,0.9375,0.929293,false,0.997,1.010246,0.495444
Tall,10,100,60089,1000,451,0.451000,294,65.1885,48,10.6430,104,7.5800,72,1.0000,0.949495,false,0.632,0.993271,0.501655
Tall,10,100,60090,1000,467,0.467000,296,63.3833,42,8.9936,98,7.9302,93,1.0000,1.000000,false,0.726,1.014606,0.492730
Tall,10,100,60091,1000,419,0.419000,253,60.3819,36,8.5919,109,9.6111,91,1.0000,0.898990,false,0.643,0.922694,0.487601
Tall,10,100,60092,1000,520,0.520000,320,61.5385,44,8.4615,100,7.2500,40,1.0000,1.000000,false,0.631,1.080220,0.497932
Tall,10,100,60093,1000,490,0.490000,333,67.9592,49,10.0000,112,6.1373,56,1.0000,1.000000,false,0.658,1.067331,0.495519
Tall,10,100,60094,1000,467,0.467000,287,61.4561,44,9.4218,103,7.7500,68,1.0000,1.000000,false,0.712,1.007614,0.495588
Tall,10,100,60095,1000,459,0.459000,276,60.1307,42,9.1503,91,6.3256,58,1.0000,1.000000,false,0.687,0.986303,0.479211
Tall,10,100,60096,1000,410,0.410000,255,62.1951,43,10.4878,94,8.8837,73,1.0000,1.000000,false,0.615,0.926928,0.498110
Tall,10,100,60097,1000,442,0.442000,275,62.2172,42,9.5023,106,7.9524,88,1.0000,1.000000,false,0.614,0.975245,0.490492
Tall,10,100,60098,1000,473,0.473000,296,62.5793,44,9.3023,107,7.8000,87,0.9375,1.000000,false,0.684,1.002831,0.496588
Tall,10,100,60099,1000,537,0.537000,334,62.1974,48,8.9385,94,6.2245,71,1.0000,1.000000,false,0.646,1.108307,0.499694
Tall,10,100,60100,1000,461,0.461000,279,60.5206,40,8.6768,97,7.3415,119,0.9375,1.000000,false,0.732,0.980465,0.483107
Tall,10,100,60101,1000,399,0.399000,263,65.9148,43,10.7769,94,8.2791,136,0.8750,0.979798,false,1.035,0.899030,0.492921
Tall,10,100,60102,1000,459,0.459000,280,61.0022,46,10.0218,100,8.1522,96,1.0000,1.000000,false,0.656,0.993127,0.502366
Tall,10,100,60103,1000,547,0.547000,336,61.4260,55,10.0548,102,4.8182,64,1.0000,0.989899,false,0.712,1.116953,0.502740
Tall,10,100,60104,1000,447,0.447000,293,65.5481,38,8.5011,107,8.4750,97,1.0000,0.858586,false,0.679,0.975628,0.486112
Tall,10,100,60105,1000,442,0.442000,262,59.2760,46,10.4072,99,7.5000,99,1.0000,1.000000,false,0.675,0.958795,0.495965
Tall,10,100,60106,1000,361,0.361000,234,64.8199,35,9.6953,113,11.4000,72,1.0000,0.969697,false,0.671,0.863490,0.495378
Tall,10,100,60107,1000,393,0.393000,244,62.0865,33,8.3969,106,12.4118,104,0.9375,0.939394,false,1.069,0.886098,0.499993
Tall,10,100,60108,1000,456,0.456000,288,63.1579,47,10.3070,105,6.9149,83,1.0000,1.000000,false,0.704,1.000010,0.494537
Tall,10,100,60109,1000,468,0.468000,300,64.1026,50,10.6838,99,7.0600,75,1.0000,1.000000,false,0.741,1.017015,0.503052
Tall,10,100,60110,1000,422,0.422000,275,65.1659,34,8.0569,87,10.6389,103,0.8750,1.000000,false,0.666,0.933814,0.491277
Tall,10,100,60111,1000,496,0.496000,311,62.7016,40,8.0645,99,7.9024,58,1.0000,1.000000,false,0.680,1.052758,0.491919
Tall,10,100,60112,1000,474,0.474000,314,66.2447,59,12.4473,113,5.7627,75,0.9375,1.000000,false,0.681,1.023231,0.512231
Tall,10,100,60113,1000,495,0.495000,340,68.6869,48,9.6970,114,6.9167,47,1.0000,0.959596,false,0.682,1.072876,0.500151
Tall,10,100,60114,1000,417,0.417000,256,61.3909,44,10.5516,106,8.4545,87,1.0000,0.909091,false,0.678,0.919971,0.497455
Tall,10,100,60115,1000,515,0.515000,335,65.0485,52,10.0971,103,5.8302,61,1.0000,1.000000,false,0.702,1.089598,0.501563
Tall,10,100,60116,1000,497,0.497000,306,61.5694,42,8.4507,106,7.3023,113,1.0000,1.000000,false,0.678,1.048817,0.491337
Tall,10,100,60117,1000,533,0.533000,344,64.5403,56,10.5066,95,5.5179,87,1.0000,1.000000,false,0.748,1.115463,0.508588
Tall,10,100,60118,1000,465,0.465000,295,63.4409,46,9.8925,104,7.9130,78,1.0000,0.888889,false,0.672,0.998248,0.500983
Tall,10,100,60119,1000,407,0.407000,241,59.2138,42,10.3194,98,9.3095,103,1.0000,1.000000,false,0.687,0.912895,0.498892
Tall,10,100,60120,1000,462,0.462000,301,65.1515,38,8.2251,95,7.9737,61,1.0000,1.000000,false,0.935,1.012545,0.483889
Tall,10,100,60121,1000,489,0.489000,292,59.7137,41,8.3845,96,7.7143,73,1.0000,0.949495,false,0.688,1.024082,0.491531
Tall,10,100,60122,1000,447,0.447000,284,63.5347,48,10.7383,105,7.8542,74,1.0000,1.000000,false,0.665,0.985441,0.503575
Tall,10,100,60123,1000,548,0.548000,356,64.9635,57,10.4015,101,5.1053,53,1.0000,1.000000,false,0.686,1.139304,0.508775
Tall,10,100,60124,1000,466,0.466000,286,61.3734,39,8.3691,101,8.5897,63,1.0000,1.000000,false,0.668,1.001503,0.491399
Tall,10,100,60125,1000,410,0.410000,255,62.1951,45,10.9756,97,7.1333,91,1.0000,0.828283,false,0.747,0.903975,0.489150
Tall,10,100,60126,1000,461,0.461000,293,63.5575,50,10.8460,110,6.2200,56,1.0000,1.000000,false,1.050,1.004871,0.495933
Tall,10,100,60127,1000,439,0.439000,280,63.7813,39,8.8838,102,9.0000,56,1.0000,0.969697,false,0.624,0.975439,0.491690
Tall,10,100,60128,1000,444,0.444000,286,64.4144,39,8.7838,102,9.0513,106,1.0000,0.828283,false,0.613,0.959369,0.492595
Tall,10,100,60129,1000,584,0.584000,374,64.0411,64,10.9589,113,4.0313,30,1.0000,1.000000,false,0.700,1.187391,0.516659
Tall,10,100,60130,1000,415,0.415000,263,63.3735,38,9.1566,103,9.0000,98,1.0000,1.000000,false,0.615,0.937471,0.487218
Tall,10,100,60131,1000,571,0.571000,350,61.2960,55,9.6322,102,4.7455,58,1.0000,1.000000,false,0.686,1.151543,0.505138
Tall,10,100,60132,1000,409,0.409000,275,67.2372,38,9.2910,103,9.4211,129,0.9375,1.000000,false,1.064,0.931184,0.490089
Tall,10,100,60133,1000,494,0.494000,322,65.1822,49,9.9190,96,6.6600,61,1.0000,0.989899,false,0.698,1.060676,0.500042
Tall,10,100,60134,1000,522,0.522000,332,63.6015,49,9.3870,103,6.2245,82,1.0000,1.000000,false,0.631,1.095401,0.499679
Tall,10,100,60135,1000,520,0.520000,320,61.5385,48,9.2308,98,6.5000,46,1.0000,0.959596,false,0.649,1.077140,0.499695
Tall,10,100,60136,1000,603,0.603000,376,62.3549,62,10.2819,95,4.1774,45,1.0000,1.000000,false,0.640,1.200919,0.516745
Tall,10,100,60137,1000,420,0.420000,260,61.9048,42,10.0000,105,7.1905,108,1.0000,1.000000,false,0.689,0.937545,0.482846
Tall,10,100,60138,1000,420,0.420000,255,60.7143,34,8.0952,95,10.2941,75,1.0000,0.919192,false,0.617,0.922611,0.488335
Tall,10,100,60139,1000,476,0.476000,320,67.2269,49,10.2941,111,6.3400,94,1.0000,0.898990,false,0.629,1.032625,0.495863
Tall,10,100,60140,1000,472,0.472000,293,62.0763,44,9.3220,92,7.7111,50,1.0000,0.969697,false,0.616,1.013953,0.495782
Tall,10,100,60141,1000,447,0.447000,281,62.8635,44,9.8434,99,8.9773,81,1.0000,0.929293,false,0.671,0.972005,0.503506
Tall,10,100,60142,1000,451,0.451000,282,62.5277,45,9.9778,98,8.2667,62,1.0000,1.000000,false,0.620,0.987642,0.500432
Tall,10,100,60143,1000,465,0.465000,292,62.7957,42,9.0323,96,8.1163,90,1.0000,1.000000,false,0.613,1.010794,0.493987
Tall,10,100,60144,1000,553,0.553000,365,66.0036,51,9.2224,99,5.5490,43,1.0000,1.000000,false,0.685,1.154228,0.501993
Tall,10,100,60145,1000,434,0.434000,255,58.7558,46,10.5991,111,7.2553,95,1.0000,1.000000,false,1.278,0.947382,0.493549
Tall,10,100,60146,1000,470,0.470000,274,58.2979,48,10.2128,102,7.7083,56,1.0000,0.919192,false,0.669,0.987132,0.504067
Tall,10,100,60147,1000,455,0.455000,298,65.4945,45,9.8901,94,6.0000,60,1.0000,1.000000,false,0.645,1.002854,0.482835
Tall,10,100,60148,1000,389,0.389000,240,61.6967,35,8.9974,101,12.1429,140,1.0000,0.969697,false,0.623,0.892842,0.502672
Tall,10,100,60149,1000,435,0.435000,263,60.4598,41,9.4253,103,8.5366,65,1.0000,0.969697,false,0.696,0.955062,0.492241
Tall,10,100,60150,1000,493,0.493000,284,57.6065,44,8.9249,86,6.7273,69,1.0000,1.000000,false,0.739,1.028408,0.490333
Tall,10,100,60151,1000,542,0.542000,343,63.2841,56,10.3321,93,5.3036,80,1.0000,1.000000,false,1.068,1.121811,0.507849
Tall,10,100,60152,1000,438,0.438000,271,61.8721,42,9.5890,112,7.8837,67,1.0000,0.979798,false,0.679,0.961728,0.489617
Tall,10,100,60153,1000,412,0.412000,244,59.2233,40,9.7087,104,9.6500,72,1.0000,0.989899,false,0.665,0.915599,0.496977
Tall,10,100,60154,1000,452,0.452000,285,63.0531,39,8.6283,99,9.0976,79,1.0000,1.000000,false,0.667,0.993566,0.493806
Tall,10,100,60155,1000,465,0.465000,310,66.6667,50,10.7527,102,6.9200,120,1.0000,1.000000,false,0.682,1.026485,0.501734
Tall,10,100,60156,1000,473,0.473000,288,60.8879,53,11.2051,100,7.0189,131,1.0000,1.000000,false,0.679,1.011060,0.509440
Tall,10,100,60157,1000,514,0.514000,319,62.0623,39,7.5875,87,8.1000,44,1.0000,1.000000,false,0.698,1.076932,0.494112
Tall,10,100,60158,1000,450,0.450000,281,62.4444,40,8.8889,100,8.0000,59,0.9375,1.000000,false,0.694,0.972872,0.487134
Tall,10,100,60159,1000,457,0.457000,289,63.2385,38,8.3151,107,7.9487,75,1.0000,0.929293,false,0.699,0.990128,0.483091
Tall,10,100,60160,1000,493,0.493000,314,63.6917,55,11.1562,103,6.1636,92,1.0000,1.000000,false,0.751,1.056811,0.508190
Tall,10,100,60161,1000,522,0.522000,346,66.2835,49,9.3870,95,5.2200,63,1.0000,0.979798,false,0.739,1.104908,0.491737
Tall,10,100,60162,1000,457,0.457000,267,58.4245,33,7.2210,91,8.2424,64,1.0000,0.949495,false,0.669,0.971747,0.474472
Tall,10,100,60163,1000,484,0.484000,285,58.8843,51,10.5372,107,6.2642,57,1.0000,1.000000,false,0.684,1.021106,0.500094
Tall,10,100,60164,1000,466,0.466000,291,62.4464,38,8.1545,86,9.1842,66,1.0000,0.969697,false,1.041,1.001031,0.493953
Tall,10,100,60165,1000,439,0.439000,278,63.3257,37,8.4282,98,9.2632,74,1.0000,0.949495,false,0.651,0.966154,0.489214
Tall,10,100,60166,1000,489,0.489000,297,60.7362,50,10.2249,100,7.4200,105,1.0000,1.000000,false,0.691,1.033001,0.507610
Tall,10,100,60167,1000,420,0.420000,272,64.7619,40,9.5238,101,9.1220,64,1.0000,1.000000,false,0.676,0.951842,0.493353
Tall,10,100,60168,1000,379,0.379000,235,62.0053,33,8.7071,98,12.1818,96,0.8750,1.000000,false,0.701,0.855493,0.497077
Tall,10,100,60169,1000,444,0.444000,289,65.0901,49,11.0360,115,7.2041,91,1.0000,1.000000,false,0.701,0.990096,0.500514
Tall,10,100,60170,1000,444,0.444000,286,64.4144,48,10.8108,111,6.9592,68,1.0000,0.949495,false,0.998,0.978001,0.496325
Tall,10,100,60171,1000,406,0.406000,266,65.5172,36,8.8670,99,8.7568,68,1.0000,0.949495,false,0.640,0.929497,0.479698
Tall,10,100,60172,1000,498,0.498000,317,63.6546,46,9.2369,111,6.8696,45,1.0000,1.000000,false,0.704,1.058364,0.496078
Tall,10,100,60173,1000,481,0.481000,293,60.9148,45,9.3555,101,6.5111,43,1.0000,1.000000,false,0.638,1.026557,0.489330
Tall,10,100,60174,1000,439,0.439000,285,64.9203,42,9.5672,99,8.5349,76,1.0000,1.000000,false,0.650,0.981928,0.494846
Tall,10,100,60175,1000,517,0.517000,332,64.2166,55,10.6383,100,5.5636,59,1.0000,1.000000,false,0.691,1.089007,0.505467
Tall,10,100,60176,1000,471,0.471000,294,62.4204,43,9.1295,108,7.2558,51,1.0000,1.000000,false,0.724,1.015915,0.489957
Tall,10,100,60177,1000,485,0.485000,301,62.0619,41,8.4536,99,8.0000,50,1.0000,1.000000,false,0.650,1.032742,0.493282
Tall,10,100,60178,1000,516,0.516000,331,64.1473,54,10.4651,103,5.4727,69,0.9375,1.000000,false,0.753,1.076140,0.502717
Tall,10,100,60179,1000,583,0.583000,380,65.1801,56,9.6055,96,4.1607,42,1.0000,1.000000,false,0.748,1.189440,0.503848
Tall,10,100,60180,1000,508,0.508000,295,58.0709,46,9.0551,96,6.4130,36,1.0000,1.000000,false,0.736,1.049745,0.493651
Tall,10,100,60181,1000,478,0.478000,290,60.6695,46,9.6234,106,7.0870,76,1.0000,1.000000,false,0.644,1.018707,0.495662
Tall,10,100,60182,1000,406,0.406000,255,62.8079,35,8.6207,103,10.0000,78,1.0000,0.939394,false,0.621,0.913171,0.487064
Tall,10,100,60183,1000,451,0.451000,278,61.6408,44,9.7561,90,8.4318,86,1.0000,0.969697,false,1.100,0.979101,0.499520
Tall,10,100,60184,1000,419,0.419000,253,60.3819,32,7.6372,91,11.8125,88,1.0000,0.838384,false,0.689,0.910698,0.495458
Tall,10,100,60185,1000,478,0.478000,296,61.9247,39,8.1590,93,8.2308,50,1.0000,1.000000,false,0.669,1.023321,0.490060
Tall,10,100,60186,1000,463,0.463000,298,64.3629,51,11.0151,114,6.8269,72,1.0000,0.929293,false,0.676,1.002153,0.503023
Tall,10,100,60187,1000,360,0.360000,222,61.6667,33,9.1667,105,11.5882,72,0.8750,1.000000,false,0.658,0.829712,0.491280
Tall,10,100,60188,1000,434,0.434000,288,66.3594,45,10.3687,107,8.7111,86,1.0000,0.909091,false,0.694,0.965569,0.502754
Tall,10,100,60189,1000,445,0.445000,280,62.9213,33,7.4157,92,10.8182,53,1.0000,0.929293,false,1.005,0.970755,0.493183
Tall,10,100,60190,1000,433,0.433000,273,63.0485,38,8.7760,90,8.2821,73,1.0000,1.000000,false,0.655,0.966827,0.483135
Tall,10,100,60191,1000,440,0.440000,298,67.7273,45,10.2273,105,7.5111,63,1.0000,0.929293,false,0.657,0.982306,0.493653
Tall,10,100,60192,1000,378,0.378000,222,58.7302,34,8.9947,102,11.5588,114,1.0000,1.000000,false,0.656,0.871696,0.494728
Tall,10,100,60193,1000,516,0.516000,319,61.8217,52,10.0775,101,5.4340,81,1.0000,1.000000,false,0.658,1.075284,0.498534
Tall,10,100,60194,1000,453,0.453000,277,61.1479,48,10.5960,99,7.6327,63,1.0000,0.919192,false,0.853,0.975215,0.502202
Tall,10,100,60195,1000,506,0.506000,313,61.8577,54,10.6719,103,6.0926,37,1.0000,1.000000,false,1.177,1.063106,0.506686
Tall,10,100,60196,1000,427,0.427000,278,65.1054,44,10.3044,117,7.7955,45,1.0000,1.000000,false,0.698,0.962764,0.492773
Tall,10,100,60197,1000,430,0.430000,280,65.1163,36,8.3721,96,9.5000,62,1.0000,0.969697,false,0.639,0.963811,0.487825
Tall,10,100,60198,1000,437,0.437000,267,61.0984,48,10.9840,105,7.7917,107,1.0000,1.000000,false,0.721,0.963531,0.502538
Tall,10,100,60199,1000,365,0.365000,232,63.5616,31,8.4932,107,13.1290,132,0.9375,0.979798,false,0.701,0.853086,0.498226
Tall,10,100,60200,1000,461,0.461000,291,63.1236,43,9.3275,100,8.6818,50,1.0000,1.000000,false,0.642,1.005805,0.500211
Tall,10,100,60201,1000,555,0.555000,340,61.2613,60,10.8108,103,4.7213,50,1.0000,0.969697,false,0.652,1.128101,0.511933
Tall,10,100,60202,1000,578,0.578000,372,64.3599,52,8.9965,93,5.4038,63,1.0000,1.000000,false,0.724,1.180473,0.506087
Tall,10,100,60203,1000,501,0.501000,329,65.6687,56,11.1776,107,6.0702,93,1.0000,0.989899,false,0.682,1.071906,0.510065
Tall,10,100,60204,1000,468,0.468000,277,59.1880,43,9.1880,101,7.5814,61,1.0000,0.979798,false,0.656,0.994102,0.492217
Tall,10,100,60205,1000,436,0.436000,274,62.8440,44,10.0917,101,8.7045,105,1.0000,1.000000,false,0.739,0.967191,0.500533
Tall,10,100,60206,1000,394,0.394000,233,59.1371,35,8.8832,97,10.3429,62,1.0000,1.000000,false,0.658,0.895467,0.488800
Tall,10,100,60207,1000,463,0.463000,274,59.1793,38,8.2073,87,7.5526,30,1.0000,1.000000,false,0.657,0.987634,0.480682
Tall,10,100,60208,1000,411,0.411000,259,63.0170,40,9.7324,114,9.8500,83,0.9375,1.000000,false,1.049,0.919820,0.498495
Tall,10,100,60209,1000,540,0.540000,341,63.1481,50,9.2593,89,6.3137,72,1.0000,1.000000,false,0.677,1.117531,0.504507
Tall,10,100,60210,1000,389,0.389000,248,63.7532,32,8.2262,95,12.8750,93,0.8750,1.000000,false,0.669,0.876850,0.500748
Tall,10,100,60211,1000,436,0.436000,262,60.0917,36,8.2569,86,8.7778,76,1.0000,1.000000,false,0.665,0.956673,0.482763
Tall,10,100,60212,1000,428,0.428000,262,61.2150,32,7.4766,105,10.6667,75,1.0000,1.000000,false,0.712,0.952294,0.487494
Tall,10,100,60213,1000,482,0.482000,323,67.0124,44,9.1286,95,6.5909,65,1.0000,1.000000,false,0.673,1.051892,0.487992
Tall,10,100,60214,1000,576,0.576000,352,61.1111,62,10.7639,98,4.4286,38,1.0000,1.000000,false,1.142,1.158395,0.515450
Tall,10,100,60215,1000,433,0.433000,261,60.2771,34,7.8522,104,9.9706,63,1.0000,0.909091,false,0.675,0.939445,0.487246
Tall,10,100,60216,1000,519,0.519000,325,62.6204,49,9.4412,108,6.2857,42,1.0000,1.000000,false,0.684,1.085409,0.499805
Tall,10,100,60217,1000,458,0.458000,282,61.5721,45,9.8253,93,8.4667,65,1.0000,1.000000,false,0.842,0.991842,0.502588
Tall,10,100,60218,1000,466,0.466000,302,64.8069,47,10.0858,102,7.4468,60,0.9375,1.000000,false,0.709,1.006136,0.499531
Tall,10,100,60219,1000,441,0.441000,260,58.9569,34,7.7098,101,10.7647,53,1.0000,0.979798,false,0.681,0.956278,0.494500
Tall,10,100,60220,1000,332,0.332000,210,63.2530,32,9.6386,107,13.9091,101,0.9375,1.000000,false,0.651,0.806738,0.505947
Tall,10,100,60221,1000,456,0.456000,285,62.5000,50,10.9649,109,6.7400,78,1.0000,1.000000,false,0.644,0.994767,0.499734
Tall,10,100,60222,1000,460,0.460000,286,62.1739,52,11.3043,105,6.0385,78,1.0000,0.888889,false,0.687,0.982456,0.498782
Tall,10,100,60223,1000,465,0.465000,296,63.6559,39,8.3871,112,6.6500,66,1.0000,1.000000,false,0.674,1.015858,0.475944
Tall,10,100,60224,1000,453,0.453000,277,61.1479,45,9.9338,108,7.0889,81,1.0000,1.000000,false,0.651,0.985349,0.491280
Tall,10,100,60225,1000,375,0.375000,226,60.2667,34,9.0667,103,11.0833,87,1.0000,1.000000,false,0.604,0.871341,0.490788
Tall,10,100,60226,1000,517,0.517000,319,61.7021,52,10.0580,96,5.4231,43,1.0000,1.000000,false,0.678,1.078967,0.498553
Tall,10,100,60227,1000,481,0.481000,312,64.8649,46,9.5634,110,7.7391,55,1.0000,0.979798,false,0.930,1.037813,0.501117
Tall,10,100,60228,1000,511,0.511000,318,62.2309,56,10.9589,100,5.6964,76,1.0000,0.919192,false,0.631,1.060273,0.507923
Tall,10,100,60229,1000,506,0.506000,315,62.2530,45,8.8933,96,6.4000,32,1.0000,0.959596,false,0.626,1.060908,0.491329
Tall,10,100,60230,1000,425,0.425000,263,61.8824,42,9.8824,97,7.8837,148,1.0000,1.000000,false,0.665,0.943780,0.488650
Tall,10,100,60231,1000,447,0.447000,273,61.0738,41,9.1723,97,8.5366,79,0.9375,0.979798,false,0.626,0.960876,0.493310
Tall,10,100,60232,1000,457,0.457000,285,62.3632,49,10.7221,95,7.4694,97,0.9375,0.989899,false,0.667,0.979991,0.503372
Tall,10,100,60233,1000,441,0.441000,274,62.1315,37,8.3900,96,9.7297,71,0.9375,1.000000,false,0.998,0.955820,0.493120
Tall,10,100,60234,1000,455,0.455000,284,62.4176,42,9.2308,86,8.5714,86,0.9375,1.000000,false,0.659,0.978245,0.496571
Tall,10,100,60235,1000,453,0.453000,282,62.2517,43,9.4923,105,8.7209,55,1.0000,1.000000,false,0.616,0.992715,0.499768
Tall,10,100,60236,1000,490,0.490000,312,63.6735,46,9.3878,107,7.4565,59,1.0000,0.979798,false,0.630,1.046428,0.499827
Tall,10,100,60237,1000,460,0.460000,280,60.8696,41,8.9130,104,7.6190,56,1.0000,0.989899,false,0.619,0.991621,0.487364
Tall,10,100,60238,1000,500,0.500000,328,65.6000,50,10.0000,96,6.0400,55,1.0000,1.000000,false,0.725,1.072601,0.497750
Tall,10,100,60239,1000,492,0.492000,305,61.9919,50,10.1626,106,6.1923,59,1.0000,0.929293,false,0.681,1.034305,0.498181
Tall,10,100,60240,1000,546,0.546000,366,67.0330,52,9.5238,103,5.0566,43,1.0000,0.989899,false,0.697,1.142825,0.499014
Tall,10,100,60241,1000,421,0.421000,260,61.7577,49,11.6390,102,8.2449,100,1.0000,0.898990,false,0.612,0.928394,0.507871
Tall,10,100,60242,1000,419,0.419000,260,62.0525,38,9.0692,95,9.2632,76,1.0000,0.989899,false,0.659,0.938835,0.489624
Tall,10,100,60243,1000,459,0.459000,290,63.1808,39,8.4967,99,7.7436,76,0.9375,0.929293,false,0.650,0.981960,0.483886
Tall,10,100,60244,1000,518,0.518000,320,61.7761,48,9.2664,104,6.4375,83,1.0000,0.848485,false,0.656,1.060662,0.498957
Tall,10,100,60245,1000,494,0.494000,324,65.5870,46,9.3117,91,6.4043,71,1.0000,0.909091,false,0.673,1.049936,0.491947
Tall,10,100,60246,1000,513,0.513000,322,62.7680,43,8.3821,88,7.7209,63,1.0000,1.000000,false,0.975,1.078306,0.498760
Tall,10,100,60247,1000,474,0.474000,329,69.4093,43,9.0717,107,7.6364,53,1.0000,0.979798,false,0.625,1.049066,0.493288
Tall,10,100,60248,1000,537,0.537000,340,63.3147,47,8.7523,102,5.9792,69,1.0000,0.858586,false,0.642,1.093593,0.495893
Tall,10,100,60249,1000,531,0.531000,312,58.7571,50,9.4162,96,5.9800,89,1.0000,1.000000,false,0.665,1.084566,0.500738
Tall,10,100,60250,1000,530,0.530000,341,64.3396,57,10.7547,99,4.7586,55,1.0000,0.959596,false,0.724,1.105370,0.504167
Tall,10,100,60251,1000,468,0.468000,300,64.1026,43,9.1880,104,7.8182,50,1.0000,0.959596,false,0.673,1.015334,0.494088
Tall,10,100,60252,1000,421,0.421000,270,64.1330,40,9.5012,100,10.0250,60,1.0000,1.000000,false,0.969,0.951079,0.500566
Tall,10,100,60253,1000,497,0.497000,308,61.9718,55,11.0664,104,6.4727,89,1.0000,1.000000,false,0.739,1.052011,0.510935
Tall,10,100,60254,1000,475,0.475000,299,62.9474,58,12.2105,99,4.8793,69,1.0000,1.000000,false,0.725,1.024777,0.503180
Tall,10,100,60255,1000,479,0.479000,300,62.6305,45,9.3946,96,7.4667,80,1.0000,0.979798,false,0.609,1.026822,0.496675
Tall,10,100,60256,1000,490,0.490000,319,65.1020,44,8.9796,99,7.8409,66,1.0000,1.000000,false,0.621,1.056573,0.498784
Tall,10,100,60257,1000,452,0.452000,297,65.7080,37,8.1858,103,8.8974,67,1.0000,0.939394,false,0.668,0.993472,0.487799
Tall,10,100,60258,1000,453,0.453000,282,62.2517,42,9.2715,96,9.0000,92,1.0000,1.000000,false,0.947,0.989294,0.499766
Tall,10,100,60259,1000,468,0.468000,311,66.4530,38,8.1197,100,8.2308,67,1.0000,1.000000,false,0.643,1.031238,0.486667
Tall,10,100,60260,1000,524,0.524000,324,61.8321,62,11.8321,111,5.2381,60,1.0000,1.000000,false,0.628,1.089884,0.516931
Tall,10,100,60261,1000,598,0.598000,380,63.5452,61,10.2007,100,4.1803,26,1.0000,1.000000,false,0.663,1.203839,0.514455
Tall,10,100,60262,1000,468,0.468000,281,60.0427,36,7.6923,89,8.6111,81,1.0000,0.989899,false,0.704,1.000566,0.485400
Tall,10,100,60263,1000,389,0.389000,251,64.5244,31,7.9692,102,12.7419,73,1.0000,0.989899,false,0.676,0.905607,0.497125
Tall,10,100,60264,1000,424,0.424000,254,59.9057,45,10.6132,107,8.1489,102,1.0000,1.000000,false,0.666,0.937932,0.497755
Tall,10,100,60265,1000,482,0.482000,321,66.5975,53,10.9959,102,5.8704,92,1.0000,1.000000,false,0.636,1.049590,0.500968
Tall,10,100,60266,1000,539,0.539000,350,64.9351,52,9.6475,102,5.8846,54,1.0000,1.000000,false,0.668,1.126354,0.504697
Tall,10,100,60267,1000,495,0.495000,293,59.1919,45,9.0909,94,6.8444,66,1.0000,1.000000,false,0.626,1.033789,0.493519
Tall,10,100,60268,1000,431,0.431000,272,63.1090,40,9.2807,104,8.1500,62,1.0000,0.949495,false,0.657,0.952957,0.486539
Tall,10,100,60269,1000,538,0.538000,334,62.0818,62,11.5242,104,4.8387,80,1.0000,1.000000,false,0.735,1.109459,0.514895
Tall,10,100,60270,1000,401,0.401000,242,60.3491,38,9.4763,101,10.6579,120,1.0000,1.000000,false,0.694,0.903784,0.499321
Tall,10,100,60271,1000,465,0.465000,270,58.0645,48,10.3226,97,7.2708,55,1.0000,1.000000,false,0.952,0.986921,0.500207
Tall,10,100,60272,1000,488,0.488000,286,58.6066,36,7.3770,84,7.4722,50,1.0000,1.000000,false,0.606,1.026048,0.479244
Tall,10,100,60273,1000,447,0.447000,277,61.9687,41,9.1723,95,8.5952,68,1.0000,1.000000,false,0.668,0.981858,0.493774
Tall,10,100,60274,1000,487,0.487000,285,58.5216,46,9.4456,98,7.1087,75,1.0000,1.000000,false,0.709,1.021975,0.496755
Tall,10,100,60275,1000,497,0.497000,320,64.3863,42,8.4507,102,7.6667,72,1.0000,1.000000,false,0.670,1.062527,0.494217
Tall,10,100,60276,1000,557,0.557000,342,61.4004,57,10.2334,98,5.0000,59,1.0000,1.000000,false,0.677,1.133123,0.508962
Tall,10,100,60277,1000,417,0.417000,255,61.1511,36,8.6331,101,10.6667,62,1.0000,1.000000,false,1.021,0.935422,0.495758
Tall,10,100,60278,1000,385,0.385000,235,61.0390,38,9.8701,106,10.0769,109,1.0000,0.969697,false,0.657,0.880551,0.493866
Tall,10,100,60279,1000,494,0.494000,329,66.5992,46,9.3117,107,7.0435,99,1.0000,1.000000,false,0.648,1.069706,0.497001
Tall,10,100,60280,1000,608,0.608000,389,63.9803,59,9.7039,88,4.5932,52,1.0000,1.000000,false,0.670,1.219355,0.515752
Tall,10,100,60281,1000,518,0.518000,313,60.4247,39,7.5290,91,7.6410,70,1.0000,1.000000,false,0.656,1.073697,0.491097
Tall,10,100,60282,1000,461,0.461000,302,65.5098,51,11.0629,114,6.7451,78,1.0000,1.000000,false,0.720,1.014447,0.502254
Tall,10,100,60283,1000,411,0.411000,262,63.7470,35,8.5158,81,7.5429,73,1.0000,0.878788,false,0.651,0.916360,0.468090
Tall,10,100,60284,1000,586,0.586000,396,67.5768,53,9.0444,105,5.0189,65,1.0000,0.989899,false,0.655,1.208961,0.505921
Tall,10,100,60285,1000,424,0.424000,268,63.2075,33,7.7830,110,9.5294,59,1.0000,1.000000,false,0.665,0.955857,0.480367
Tall,10,100,60286,1000,451,0.451000,294,65.1885,40,8.8692,96,9.1250,65,1.0000,1.000000,false,0.732,0.997743,0.496131
Tall,10,100,60287,1000,400,0.400000,257,64.2500,40,10.0000,105,9.5750,78,0.9375,1.000000,false,0.668,0.910411,0.495697
Tall,10,100,60288,1000,545,0.545000,330,60.5505,51,9.3578,92,5.7115,71,1.0000,1.000000,false,0.694,1.108584,0.502232
Tall,10,100,60289,1000,449,0.449000,296,65.9243,38,8.4633,97,8.9211,64,1.0000,1.000000,false,0.669,1.002426,0.489860
Tall,10,100,60290,1000,444,0.444000,286,64.4144,43,9.6847,98,8.1395,63,1.0000,0.969697,false,0.958,0.983171,0.494396
Tall,10,100,60291,1000,462,0.462000,289,62.5541,50,10.8225,107,6.1698,88,1.0000,0.888889,false,0.662,0.989535,0.495602
Tall,10,100,60292,1000,399,0.399000,247,61.9048,43,10.7769,107,9.7442,154,1.0000,0.989899,false,0.644,0.910451,0.504504
Tall,10,100,60293,1000,488,0.488000,302,61.8852,39,7.9918,100,8.2051,48,1.0000,0.939394,false,0.661,1.027440,0.491185
Tall,10,100,60294,1000,469,0.469000,304,64.8188,48,10.2345,100,7.3333,64,1.0000,1.000000,false,0.705,1.023058,0.501021
Tall,10,100,60295,1000,495,0.495000,322,65.0505,60,12.1212,104,5.4833,122,1.0000,1.000000,false,0.673,1.061147,0.513062
Tall,10,100,60296,1000,371,0.371000,234,63.0728,33,8.8949,93,13.4242,111,0.8750,1.000000,false,0.921,0.847624,0.506377
Tall,10,100,60297,1000,379,0.379000,260,68.6016,35,9.2348,105,9.7429,163,0.8750,0.979798,false,0.644,0.881984,0.483072
Tall,10,100,60298,1000,391,0.391000,230,58.8235,40,10.2302,105,9.9000,75,1.0000,1.000000,false,0.644,0.886018,0.497868
Tall,10,100,60299,1000,461,0.461000,298,64.6421,35,7.5922,99,9.2571,71,1.0000,1.000000,false,0.692,1.009263,0.487406
Tall,10,100,60300,1000,428,0.428000,264,61.6822,41,9.5794,101,8.5854,84,1.0000,0.919192,false,0.641,0.937270,0.492068
Tall,10,100,60301,1000,386,0.386000,251,65.0259,41,10.6218,103,8.6098,148,0.8750,1.000000,false,0.659,0.876866,0.490084
Tall,10,100,60302,1000,414,0.414000,253,61.1111,31,7.4879,101,12.4194,59,1.0000,0.919192,false,1.072,0.916594,0.497263
Tall,10,100,60303,1000,473,0.473000,289,61.0994,46,9.7252,91,7.1957,59,1.0000,1.000000,false,0.679,1.014964,0.496038
Tall,10,100,60304,1000,473,0.473000,296,62.5793,47,9.9366,106,6.9167,97,1.0000,1.000000,false,0.670,1.020616,0.495947
Tall,10,100,60305,1000,492,0.492000,311,63.2114,45,9.1463,104,7.8667,96,1.0000,1.000000,false,0.660,1.051181,0.501255
Tall,10,100,60306,1000,481,0.481000,306,63.6175,44,9.1476,99,7.4091,76,1.0000,0.878788,false,0.643,1.018041,0.494350
Tall,10,100,60307,1000,350,0.350000,228,65.1429,32,9.1429,109,13.0313,157,0.8750,1.000000,false,0.640,0.826118,0.499450
Tall,10,100,60308,1000,449,0.449000,285,63.4744,44,9.7996,103,6.8913,82,1.0000,0.929293,false,0.663,0.976766,0.487176
Tall,10,100,60309,1000,500,0.500000,316,63.2000,53,10.6000,102,5.5273,83,1.0000,1.000000,false,0.933,1.061080,0.499697
Tall,10,100,60310,1000,451,0.451000,276,61.1973,47,10.4213,107,7.0426,69,0.8750,0.979798,false,0.697,0.953729,0.495189
Tall,10,100,60311,1000,522,0.522000,330,63.2184,48,9.1954,100,6.0204,48,1.0000,1.000000,false,0.669,1.094281,0.496150
Tall,10,100,60312,1000,381,0.381000,245,64.3045,45,11.8110,103,8.4222,150,0.8750,1.000000,false,0.650,0.868297,0.498994
Tall,10,100,60313,1000,397,0.397000,243,61.2091,40,10.0756,95,11.0500,242,1.0000,1.000000,false,0.640,0.903901,0.507214
Tall,10,100,60314,1000,442,0.442000,299,67.6471,45,10.1810,108,8.0652,78,1.0000,1.000000,false,0.680,0.997094,0.498171
Tall,10,100,60315,1000,473,0.473000,292,61.7336,47,9.9366,107,7.4894,44,1.0000,1.000000,false,0.923,1.018957,0.500474
Tall,10,100,60316,1000,468,0.468000,288,61.5385,42,8.9744,98,8.0000,100,1.0000,0.959596,false,0.657,1.002304,0.493389
Tall,10,100,60317,1000,441,0.441000,286,64.8526,38,8.6168,96,7.1538,80,1.0000,0.989899,false,0.644,0.983001,0.475024
Tall,10,100,60318,1000,412,0.412000,276,66.9903,36,8.7379,99,10.3333,98,0.9375,0.939394,false,0.666,0.929838,0.492671
Tall,10,100,60319,1000,437,0.437000,293,67.0481,37,8.4668,99,9.1053,91,1.0000,0.989899,false,0.656,0.984827,0.487752
Tall,10,100,60320,1000,456,0.456000,300,65.7895,54,11.8421,105,6.5714,122,0.9375,1.000000,false,0.670,0.996308,0.507173
Tall,10,100,60321,1000,485,0.485000,287,59.1753,38,7.8351,97,8.7632,69,0.9375,1.000000,false,0.936,1.009612,0.493129
Tall,10,100,60322,1000,505,0.505000,326,64.5545,51,10.0990,104,5.8431,92,0.9375,1.000000,false,0.685,1.061895,0.498684
Tall,10,100,60323,1000,478,0.478000,311,65.0628,46,9.6234,92,8.0000,95,1.0000,1.000000,false,0.655,1.036845,0.502880
Tall,10,100,60324,1000,436,0.436000,269,61.6972,37,8.4862,101,10.2973,84,1.0000,1.000000,false,0.655,0.961556,0.497070
Tall,10,100,60325,1000,484,0.484000,299,61.7769,47,9.7107,94,6.5417,85,1.0000,1.000000,false,0.694,1.031628,0.494024
Tall,10,100,60326,1000,504,0.504000,320,63.4921,54,10.7143,110,5.8182,75,1.0000,1.000000,false,0.728,1.067561,0.504340
Tall,10,100,60327,1000,452,0.452000,272,60.1770,44,9.7345,100,8.8182,61,1.0000,1.000000,false,0.672,0.979532,0.502659
Tall,10,100,60328,1000,433,0.433000,264,60.9700,43,9.9307,99,8.3721,71,1.0000,0.979798,false,0.770,0.953690,0.495394
Tall,10,100,60329,1000,445,0.445000,274,61.5730,38,8.5393,94,9.5263,88,0.9375,1.000000,false,0.667,0.959830,0.494205
Tall,10,100,60330,1000,433,0.433000,263,60.7390,35,8.0831,108,9.8333,137,1.0000,0.727273,false,0.701,0.911981,0.488471
Tall,10,100,60331,1000,403,0.403000,230,57.0720,40,9.9256,100,9.3415,86,0.9375,1.000000,false,0.670,0.883001,0.494006
Tall,10,100,60332,1000,475,0.475000,313,65.8947,46,9.6842,100,5.9348,76,1.0000,1.000000,false,0.723,1.034195,0.486261
Tall,10,100,60333,1000,465,0.465000,297,63.8710,42,9.0323,98,8.5581,83,1.0000,0.959596,false,0.685,1.009021,0.497481
Tall,10,100,60334,1000,472,0.472000,278,58.8983,44,9.3220,100,7.5778,100,1.0000,1.000000,false,1.069,1.001699,0.494728
Tall,10,100,60335,1000,484,0.484000,298,61.5702,49,10.1240,107,6.1400,75,1.0000,1.000000,false,0.631,1.028722,0.494981
Tall,10,100,60336,1000,414,0.414000,254,61.3527,35,8.4541,117,9.8571,75,1.0000,0.939394,false,0.665,0.921896,0.486669
Tall,10,100,60337,1000,491,0.491000,309,62.9328,50,10.1833,114,6.4800,43,1.0000,1.000000,false,0.696,1.045671,0.500362
Tall,10,100,60338,1000,456,0.456000,287,62.9386,41,8.9912,104,8.2857,44,1.0000,1.000000,false,0.733,0.997092,0.492217
Tall,10,100,60339,1000,471,0.471000,302,64.1189,40,8.4926,105,7.9756,61,1.0000,1.000000,false,0.694,1.024842,0.489278
Tall,10,100,60340,1000,488,0.488000,317,64.9590,47,9.6311,105,7.6170,41,1.0000,1.000000,false,1.188,1.051502,0.502929
Tall,10,100,60341,1000,476,0.476000,279,58.6134,46,9.6639,103,7.2826,52,1.0000,1.000000,false,0.648,1.004790,0.497013
Tall,10,100,60342,1000,515,0.515000,310,60.1942,49,9.5146,90,5.5102,60,1.0000,0.949495,false,0.700,1.061835,0.493208
Tall,10,100,60343,1000,427,0.427000,267,62.5293,39,9.1335,93,7.6000,90,1.0000,0.949495,false,0.612,0.946333,0.479518
Tall,10,100,60344,1000,511,0.511000,347,67.9061,52,10.1761,113,5.6792,52,1.0000,0.979798,false,0.680,1.096429,0.499960
Tall,10,100,60345,1000,434,0.434000,283,65.2074,38,8.7558,110,8.6154,63,1.0000,1.000000,false,0.634,0.973222,0.485868
Tall,10,100,60346,1000,389,0.389000,242,62.2108,30,7.7121,95,12.0667,78,1.0000,0.767677,false,0.687,0.863655,0.489216
Tall,10,100,60347,1000,476,0.476000,292,61.3445,44,9.2437,97,7.2500,53,0.9375,1.000000,false,0.690,1.009071,0.492553
Tall,10,100,60348,1000,470,0.470000,287,61.0638,36,7.6596,91,8.6486,79,1.0000,0.898990,false,0.699,0.993281,0.485969
Tall,10,100,60349,1000,440,0.440000,286,65.0000,39,8.8636,99,9.8718,72,1.0000,0.929293,false,0.656,0.973145,0.498680
Tall,10,100,60350,1000,410,0.410000,252,61.4634,41,10.0000,94,9.0952,120,0.9375,0.939394,false,0.732,0.903970,0.494904
Tall,10,100,60351,1000,425,0.425000,280,65.8824,42,9.8824,108,8.6136,63,1.0000,1.000000,false,0.669,0.964759,0.494420
Tall,10,100,60352,1000,443,0.443000,285,64.3341,47,10.6095,102,6.9792,65,0.9375,0.898990,false,0.676,0.959824,0.494170
Tall,10,100,60353,1000,481,0.481000,296,61.5385,53,11.0187,106,5.5926,114,1.0000,1.000000,false,1.062,1.026269,0.498700
Tall,10,100,60354,1000,506,0.506000,316,62.4506,50,9.8814,108,6.1600,100,1.0000,0.959596,false,0.673,1.055923,0.499313
Tall,10,100,60355,1000,429,0.429000,269,62.7040,43,10.0233,100,8.2273,62,1.0000,1.000000,false,0.701,0.954531,0.493975
Tall,10,100,60356,1000,397,0.397000,235,59.1940,36,9.0680,104,10.3333,87,0.9375,0.949495,false,0.746,0.878671,0.491472
Tall,10,100,60357,1000,528,0.528000,329,62.3106,55,10.4167,104,5.6364,59,1.0000,1.000000,false,0.686,1.098180,0.507126
Tall,10,100,60358,1000,467,0.467000,299,64.0257,44,9.4218,102,7.2727,79,1.0000,1.000000,false,0.700,1.017008,0.491814
Tall,10,100,60359,1000,451,0.451000,264,58.5366,41,9.0909,95,8.1951,81,1.0000,0.929293,false,1.035,0.958502,0.490997
Tall,10,100,60360,1000,422,0.422000,275,65.1659,28,6.6351,98,12.5714,60,1.0000,1.000000,false,0.626,0.957274,0.492337
Tall,10,100,60361,1000,524,0.524000,322,61.4504,48,9.1603,95,5.3061,48,1.0000,1.000000,false,0.751,1.086757,0.490752
Tall,10,100,60362,1000,489,0.489000,310,63.3947,39,7.9755,105,8.5897,47,1.0000,0.989899,false,0.705,1.043852,0.494362
Tall,10,100,60363,1000,418,0.418000,258,61.7225,36,8.6124,98,9.6389,76,1.0000,0.919192,false,0.681,0.927132,0.487727
Tall,10,100,60364,1000,452,0.452000,293,64.8230,40,8.8496,99,8.8750,57,0.9375,1.000000,false,0.677,0.988834,0.494259
Tall,10,100,60365,1000,366,0.366000,238,65.0273,29,7.9235,98,14.1379,68,1.0000,0.939394,false,1.045,0.868538,0.500805
Tall,10,100,60366,1000,426,0.426000,277,65.0235,31,7.2770,92,10.1290,129,0.9375,1.000000,false,0.638,0.952424,0.480647
Tall,10,100,60367,1000,473,0.473000,300,63.4249,49,10.3594,107,6.8571,60,1.0000,0.949495,false,0.623,1.016920,0.499705
Tall,10,100,60368,1000,496,0.496000,314,63.3065,44,8.8710,90,6.8182,72,1.0000,0.909091,false,0.633,1.041548,0.491412
Tall,10,100,60369,1000,542,0.542000,343,63.2841,53,9.7786,96,5.7170,49,1.0000,0.979798,false,0.703,1.119518,0.505583
Tall,10,100,60370,1000,510,0.510000,316,61.9608,47,9.2157,98,6.6596,74,1.0000,1.000000,false,0.638,1.068947,0.497805
Tall,10,100,60371,1000,479,0.479000,283,59.0814,46,9.6033,96,7.4468,108,0.9375,1.000000,false,0.713,0.997870,0.498606
Tall,10,100,60372,1000,436,0.436000,272,62.3853,38,8.7156,102,8.7632,66,1.0000,1.000000,false,1.127,0.968286,0.487235
Tall,10,100,60373,1000,418,0.418000,258,61.7225,40,9.5694,99,9.8750,96,1.0000,1.000000,false,0.763,0.937100,0.499163
Tall,10,100,60374,1000,429,0.429000,255,59.4406,36,8.3916,94,10.4722,68,1.0000,0.959596,false,0.659,0.939459,0.495406
Tall,10,100,60375,1000,576,0.576000,359,62.3264,49,8.5069,94,5.0800,59,1.0000,0.969697,false,0.656,1.161842,0.498030
Tall,10,100,60376,1000,433,0.433000,267,61.6628,42,9.6998,92,9.0238,113,1.0000,1.000000,false,0.619,0.958049,0.498237
Tall,10,100,60377,1000,507,0.507000,311,61.3412,44,8.6785,107,6.3864,73,1.0000,1.000000,false,0.750,1.062292,0.489374
Tall,10,100,60378,1000,375,0.375000,243,64.8000,35,9.3333,108,9.7143,104,0.9375,1.000000,false,1.102,0.879245,0.482632
Tall,10,100,60379,1000,441,0.441000,264,59.8639,36,8.1633,98,8.8611,91,1.0000,0.919192,false,0.674,0.951867,0.483986
Tall,10,100,60380,1000,399,0.399000,255,63.9098,34,8.5213,103,10.6176,109,0.9375,1.000000,false,0.647,0.905384,0.488853
Tall,10,100,60381,1000,458,0.458000,308,67.2489,39,8.5153,91,8.9750,57,1.0000,0.979798,false,0.665,1.015851,0.493506
Tall,10,100,60382,1000,411,0.411000,262,63.7470,34,8.2725,108,11.5588,77,1.0000,1.000000,false,0.665,0.933569,0.497406
Tall,10,100,60383,1000,476,0.476000,303,63.6555,47,9.8739,99,7.4043,43,1.0000,1.000000,false,0.680,1.029638,0.500075
Tall,10,100,60384,1000,533,0.533000,345,64.7280,44,8.2552,94,6.3636,73,1.0000,1.000000,false,0.943,1.113217,0.492761
Tall,10,100,60385,1000,482,0.482000,291,60.3734,44,9.1286,98,7.5556,61,1.0000,1.000000,false,0.673,1.020977,0.495618
Tall,10,100,60386,1000,419,0.419000,255,60.8592,37,8.8305,105,8.4865,57,1.0000,1.000000,false,0.671,0.937424,0.481097
Tall,10,100,60387,1000,479,0.479000,291,60.7516,40,8.3507,98,8.1250,41,1.0000,1.000000,false,0.727,1.022301,0.491441
Tall,10,100,60388,1000,454,0.454000,285,62.7753,41,9.0308,98,8.3488,47,1.0000,1.000000,false,0.655,0.990472,0.492512
Tall,10,100,60389,1000,467,0.467000,291,62.3126,44,9.4218,103,7.6667,89,1.0000,1.000000,false,0.703,1.011923,0.494929
Tall,10,100,60390,1000,399,0.399000,250,62.6566,43,10.7769,105,8.9773,94,1.0000,1.000000,false,0.661,0.910661,0.498441
Tall,10,100,60391,1000,489,0.489000,299,61.1452,50,10.2249,112,6.7200,73,1.0000,1.000000,false,0.683,1.033763,0.502076
Tall,10,100,60392,1000,498,0.498000,299,60.0402,46,9.2369,106,7.2340,44,1.0000,1.000000,false,0.661,1.044194,0.498960
Tall,10,100,60393,1000,438,0.438000,282,64.3836,44,10.0457,99,8.0682,96,1.0000,1.000000,false,0.685,0.978446,0.495641
Tall,10,100,60394,1000,544,0.544000,365,67.0956,45,8.2721,97,5.5217,56,1.0000,1.000000,false,0.664,1.143758,0.489574
Tall,10,100,60395,1000,494,0.494000,314,63.5628,37,7.4899,96,8.8649,56,1.0000,0.979798,false,0.700,1.053537,0.493182
Tall,10,100,60396,1000,392,0.392000,251,64.0306,30,7.6531,96,11.6667,113,1.0000,0.969697,false,0.650,0.905495,0.486364
Tall,10,100,60397,1000,400,0.400000,257,64.2500,34,8.5000,100,10.2571,85,1.0000,0.868687,false,1.152,0.901464,0.486090
Tall,10,100,60398,1000,547,0.547000,340,62.1572,54,9.8720,104,5.3036,59,1.0000,1.000000,false,0.702,1.121328,0.504749
Tall,10,100,60399,1000,444,0.444000,280,63.0631,38,8.5586,107,9.4211,83,1.0000,1.000000,false,0.663,0.978002,0.493266
Tall,10,100,60400,1000,334,0.334000,195,58.3832,29,8.6826,103,13.5862,63,1.0000,1.000000,false,0.713,0.799855,0.494435
Tall,10,100,60401,1000,471,0.471000,307,65.1805,46,9.7665,100,7.3696,82,1.0000,0.979798,false,0.660,1.023556,0.497226
Tall,10,100,60402,1000,410,0.410000,258,62.9268,36,8.7805,103,10.5135,51,1.0000,0.949495,false,0.665,0.926085,0.493922
Tall,10,100,60403,1000,500,0.500000,318,63.6000,51,10.2000,106,6.7500,132,1.0000,1.000000,false,1.091,1.065567,0.505363
Tall,10,100,60404,1000,434,0.434000,275,63.3641,37,8.5253,99,10.6216,90,1.0000,1.000000,false,0.678,0.967172,0.499425
Tall,10,100,60405,1000,490,0.490000,333,67.9592,40,8.1633,95,7.5500,60,1.0000,1.000000,false,0.632,1.068454,0.488321
Tall,10,100,60406,1000,470,0.470000,295,62.7660,46,9.7872,104,7.0652,64,1.0000,1.000000,false,0.632,1.016405,0.494728
Tall,10,100,60407,1000,411,0.411000,269,65.4501,38,9.2457,101,8.5366,60,1.0000,0.929293,false,0.684,0.931878,0.483245
Tall,10,100,60408,1000,487,0.487000,323,66.3244,52,10.6776,108,6.0769,74,1.0000,1.000000,false,0.710,1.055155,0.500918
Tall,10,100,60409,1000,496,0.496000,315,63.5081,34,6.8548,97,9.6471,66,1.0000,0.989899,false,0.675,1.054915,0.493615
Tall,10,100,60410,1000,426,0.426000,244,57.2770,35,8.2160,96,9.2286,99,1.0000,1.000000,false,0.633,0.930506,0.482918
Tall,10,100,60411,1000,406,0.406000,260,64.0394,33,8.1281,102,11.4545,71,1.0000,1.000000,false,0.626,0.929441,0.493637
Tall,10,100,60412,1000,445,0.445000,262,58.8764,46,10.3371,96,8.4255,112,1.0000,1.000000,false,0.745,0.961121,0.503480
Tall,10,100,60413,1000,494,0.494000,312,63.1579,46,9.3117,107,6.8511,49,1.0000,1.000000,false,0.631,1.052960,0.495480
Tall,10,100,60414,1000,507,0.507000,313,61.7357,45,8.8757,101,6.9130,62,1.0000,0.969697,false,0.672,1.058745,0.495510
Tall,10,100,60415,1000,561,0.561000,359,63.9929,56,9.9822,109,5.0351,37,1.0000,1.000000,false,0.675,1.154963,0.507928
Tall,10,100,60416,1000,414,0.414000,262,63.2850,36,8.6957,94,10.8056,81,0.9375,1.000000,false,0.979,0.925914,0.496582
Tall,10,100,60417,1000,425,0.425000,276,64.9412,40,9.4118,104,8.3500,76,1.0000,0.969697,false,0.664,0.958793,0.487630
Tall,10,100,60418,1000,418,0.418000,240,57.4163,38,9.0909,105,9.4474,86,1.0000,0.989899,false,0.743,0.920877,0.490997
Tall,10,100,60419,1000,472,0.472000,294,62.2881,48,10.1695,105,7.2292,89,1.0000,0.979798,false,0.767,1.016623,0.500446
Tall,10,100,60420,1000,502,0.502000,302,60.1594,48,9.5618,103,6.1667,71,1.0000,0.909091,false,0.677,1.035489,0.494969
Tall,10,100,60421,1000,472,0.472000,304,64.4068,44,9.3220,89,7.9545,85,1.0000,1.000000,false,0.652,1.026333,0.497707
Tall,10,100,60422,1000,498,0.498000,304,61.0442,49,9.8394,94,7.1224,83,1.0000,1.000000,false,1.089,1.045698,0.504101
Tall,10,100,60423,1000,526,0.526000,336,63.8783,55,10.4563,104,5.4310,80,1.0000,0.989899,false,0.699,1.103429,0.505299
Tall,10,100,60424,1000,497,0.497000,309,62.1730,55,11.0664,96,6.0727,90,1.0000,0.919192,false,0.660,1.041940,0.507773
Tall,10,100,60425,1000,417,0.417000,258,61.8705,35,8.3933,99,9.4571,73,1.0000,0.878788,false,0.634,0.919231,0.483798
Tall,10,100,60426,1000,512,0.512000,337,65.8203,61,11.9141,112,5.0984,77,1.0000,0.919192,false,0.686,1.081904,0.513047
Tall,10,100,60427,1000,491,0.491000,308,62.7291,49,9.9796,105,6.7200,66,1.0000,0.989899,false,0.712,1.045758,0.500223
Tall,10,100,60428,1000,493,0.493000,302,61.2576,43,8.7221,96,8.0465,79,1.0000,1.000000,false,1.077,1.041839,0.498734
Tall,10,100,60429,1000,373,0.373000,222,59.5174,30,8.0429,93,10.6774,59,1.0000,0.939394,false,0.672,0.857899,0.476741
Tall,10,100,60430,1000,505,0.505000,331,65.5446,47,9.3069,103,6.9787,50,1.0000,0.959596,false,0.653,1.075230,0.499741
Tall,10,100,60431,1000,476,0.476000,305,64.0756,46,9.6639,104,6.6304,63,1.0000,1.000000,false,0.675,1.031524,0.491857
Tall,10,100,60432,1000,398,0.398000,249,62.5628,37,9.2965,108,10.1842,93,1.0000,0.979798,false,0.667,0.910313,0.492878
Tall,10,100,60433,1000,491,0.491000,304,61.9145,42,8.5540,95,8.0238,51,1.0000,1.000000,false,0.653,1.041260,0.496273
Tall,10,100,60434,1000,435,0.435000,266,61.1494,42,9.6552,96,9.6667,99,0.9375,1.000000,false,0.659,0.947524,0.503473
Tall,10,100,60435,1000,428,0.428000,263,61.4486,41,9.5794,98,8.6279,111,0.9375,0.989899,false,0.663,0.937470,0.492404
Tall,10,100,60436,1000,374,0.374000,239,63.9037,30,8.0214,100,13.0333,99,1.0000,1.000000,false,0.647,0.885521,0.495451
Tall,10,100,60437,1000,454,0.454000,288,63.4361,43,9.4714,103,7.3721,55,1.0000,1.000000,false,0.654,0.994183,0.489195
Tall,10,100,60438,1000,416,0.416000,253,60.8173,43,10.3365,104,8.7209,149,0.9375,1.000000,false,0.648,0.915827,0.497110
Tall,10,100,60439,1000,552,0.552000,340,61.5942,67,12.1377,105,4.3433,58,1.0000,0.939394,false,0.694,1.119870,0.521313
Tall,10,100,60440,1000,465,0.465000,284,61.0753,43,9.2473,100,7.6977,104,1.0000,1.000000,false,0.726,1.001312,0.492829
Tall,10,100,60441,1000,339,0.339000,213,62.8319,27,7.9646,100,13.0741,125,0.9375,1.000000,false,0.954,0.815140,0.484706
Tall,10,100,60442,1000,502,0.502000,320,63.7450,47,9.3625,99,6.8333,61,1.0000,1.000000,false,0.673,1.065808,0.498248
Tall,10,100,60443,1000,529,0.529000,338,63.8941,48,9.0737,100,6.2917,61,1.0000,1.000000,false,0.655,1.107825,0.499177
Tall,10,100,60444,1000,415,0.415000,241,58.0723,43,10.3614,98,9.2093,82,1.0000,1.000000,false,0.659,0.917559,0.500920
Tall,10,100,60445,1000,386,0.386000,222,57.5130,29,7.5130,89,11.5172,72,1.0000,0.989899,false,0.637,0.875971,0.481981
Tall,10,100,60446,1000,458,0.458000,303,66.1572,46,10.0437,109,7.8511,65,1.0000,0.949495,false,0.640,1.006043,0.499905
Tall,10,100,60447,1000,436,0.436000,269,61.6972,60,13.7615,106,5.8033,136,0.9375,1.000000,false,1.035,0.945960,0.514294
Tall,10,100,60448,1000,548,0.548000,349,63.6861,62,11.3139,103,4.7778,52,1.0000,1.000000,false,0.674,1.132700,0.515310
Tall,10,100,60449,1000,449,0.449000,279,62.1381,45,10.0223,108,8.1111,71,1.0000,1.000000,false,0.682,0.981934,0.499047
Tall,10,100,60450,1000,336,0.336000,206,61.3095,28,8.3333,102,12.2143,92,1.0000,1.000000,false,0.633,0.818625,0.480696
Tall,10,100,60451,1000,448,0.448000,269,60.0446,44,9.8214,101,8.4091,101,0.9375,1.000000,false,0.667,0.957553,0.499094
Tall,10,100,60452,1000,409,0.409000,269,65.7702,29,7.0905,101,12.3448,61,1.0000,0.969697,false,0.721,0.935801,0.491199
Tall,10,100,60453,1000,462,0.462000,289,62.5541,42,9.0909,106,8.1190,63,1.0000,1.000000,false,0.719,1.005445,0.493696
Tall,10,100,60454,1000,444,0.444000,288,64.8649,37,8.3333,96,9.8919,69,1.0000,0.939394,false,0.688,0.976796,0.494736
Tall,10,100,60455,1000,452,0.452000,296,65.4867,44,9.7345,101,8.7333,147,1.0000,1.000000,false,0.736,1.001177,0.501988
Tall,10,100,60456,1000,467,0.467000,291,62.3126,46,9.8501,106,7.2553,72,1.0000,1.000000,false,0.669,1.009782,0.495959
Tall,10,100,60457,1000,551,0.551000,368,66.7877,48,8.7114,106,5.7755,43,1.0000,1.000000,false,0.691,1.153328,0.498074
Tall,10,100,60458,1000,484,0.484000,308,63.6364,41,8.4711,89,8.6341,77,1.0000,0.989899,false,0.727,1.038707,0.498170
Tall,10,100,60459,1000,475,0.475000,293,61.6842,37,7.7895,98,9.6842,40,1.0000,1.000000,false,0.743,1.020380,0.496955
Tall,10,100,60460,1000,420,0.420000,258,61.4286,43,10.2381,103,8.3953,112,1.0000,1.000000,false,1.044,0.936968,0.494752
Tall,10,100,60461,1000,468,0.468000,300,64.1026,40,8.5470,93,7.1500,104,1.0000,0.979798,false,0.630,1.014946,0.482396
Tall,10,100,60462,1000,490,0.490000,310,63.2653,46,9.3878,83,7.1087,70,1.0000,1.000000,false,0.657,1.046347,0.497077
Tall,10,100,60463,1000,437,0.437000,274,62.7002,47,10.7551,109,7.3878,84,1.0000,1.000000,false,0.668,0.967503,0.497057
Tall,10,100,60464,1000,361,0.361000,230,63.7119,32,8.8643,103,12.8125,113,1.0000,0.838384,false,0.619,0.840850,0.498234
Tall,10,100,60465,1000,449,0.449000,274,61.0245,45,10.0223,102,7.7500,76,1.0000,0.919192,false,0.671,0.967991,0.496192
Tall,10,100,60466,1000,415,0.415000,266,64.0964,35,8.4337,103,8.5000,123,0.9375,1.000000,false,0.945,0.925994,0.476036
Tall,10,100,60467,1000,466,0.466000,287,61.5880,49,10.5150,99,6.5306,65,1.0000,0.969697,false,0.663,1.000369,0.496579
Tall,10,100,60468,1000,444,0.444000,289,65.0901,40,9.0090,113,8.7317,80,1.0000,1.000000,false,0.627,0.988069,0.492320
Tall,10,100,60469,1000,408,0.408000,269,65.9314,30,7.3529,101,10.8000,107,0.9375,0.939394,false,0.657,0.920565,0.481311
Tall,10,100,60470,1000,439,0.439000,280,63.7813,33,7.5171,78,9.7879,74,1.0000,1.000000,false,0.648,0.974591,0.484251
Tall,10,100,60471,1000,475,0.475000,294,61.8947,48,10.1053,94,7.3542,65,0.9375,1.000000,false,0.728,1.007455,0.501692
Tall,10,100,60472,1000,415,0.415000,250,60.2410,46,11.0843,98,7.8936,90,0.9375,0.969697,false,0.664,0.909968,0.497748
Tall,10,100,60473,1000,471,0.471000,297,63.0573,47,9.9788,109,7.1702,53,1.0000,0.979798,false,0.649,1.017413,0.497773
Tall,10,100,60474,1000,441,0.441000,294,66.6667,38,8.6168,102,8.7105,98,1.0000,0.858586,false,0.643,0.973006,0.487331
Tall,10,100,60475,1000,494,0.494000,305,61.7409,43,8.7045,93,8.0233,49,1.0000,1.000000,false,0.711,1.044129,0.498674
Tall,10,100,60476,1000,376,0.376000,230,61.1702,31,8.2447,95,10.9677,153,0.9375,0.949495,false,0.663,0.858058,0.481954
Tall,10,100,60477,1000,506,0.506000,295,58.3004,42,8.3004,102,7.0952,85,1.0000,1.000000,false,0.715,1.046915,0.490897
Tall,10,100,60478,1000,530,0.530000,327,61.6981,49,9.2453,93,6.1429,72,1.0000,1.000000,false,0.683,1.096808,0.500016
Tall,10,100,60479,1000,441,0.441000,278,63.0385,39,8.8435,98,9.1026,103,0.9375,1.000000,false,1.053,0.965036,0.492697
Tall,10,100,60480,1000,462,0.462000,264,57.1429,43,9.3074,102,7.6591,86,1.0000,0.898990,false,0.637,0.963894,0.492224
Tall,10,100,60481,1000,374,0.374000,233,62.2995,34,9.0909,103,11.3529,100,1.0000,0.989899,false,0.972,0.872864,0.492862
Tall,10,100,60482,1000,397,0.397000,251,63.2242,29,7.3048,99,11.6000,92,1.0000,0.898990,false,0.923,0.900453,0.483854
Tall,10,100,60483,1000,413,0.413000,238,57.6271,36,8.7167,99,10.4444,70,1.0000,1.000000,false,0.674,0.913314,0.493638
Tall,10,100,60484,1000,535,0.535000,346,64.6729,50,9.3458,102,5.8000,37,1.0000,1.000000,false,0.691,1.117786,0.499811
Tall,10,100,60485,1000,475,0.475000,302,63.5789,50,10.5263,98,7.0800,97,1.0000,0.929293,false,1.092,1.017317,0.503735
Tall,10,100,60486,1000,392,0.392000,248,63.2653,34,8.6735,88,11.2059,86,1.0000,1.000000,false,0.748,0.907338,0.492925
Tall,10,100,60487,1000,439,0.439000,286,65.1481,31,7.0615,94,11.0968,55,1.0000,0.989899,false,0.635,0.981242,0.490043
Tall,10,100,60488,1000,489,0.489000,292,59.7137,48,9.8160,101,7.0833,91,1.0000,1.000000,false,0.652,1.027363,0.500858
Tall,10,100,60489,1000,566,0.566000,361,63.7809,54,9.5406,104,5.0000,72,1.0000,0.979798,false,0.674,1.155766,0.504735
Tall,10,100,60490,1000,455,0.455000,274,60.2198,44,9.6703,105,8.1136,61,1.0000,1.000000,false,0.873,0.981531,0.497347
Tall,10,100,60491,1000,533,0.533000,332,62.2889,54,10.1313,106,5.6727,67,1.0000,0.939394,false,0.751,1.094114,0.506060
Tall,10,100,60492,1000,452,0.452000,293,64.8230,43,9.5133,104,7.3864,65,1.0000,0.989899,false,0.697,0.999155,0.489127
Tall,10,100,60493,1000,457,0.457000,278,60.8315,42,9.1904,97,7.0000,120,1.0000,1.000000,false,0.662,0.987293,0.484344
Tall,10,100,60494,1000,444,0.444000,279,62.8378,31,6.9820,88,10.8710,61,1.0000,0.929293,false,0.653,0.968255,0.488962
Tall,10,100,60495,1000,498,0.498000,330,66.2651,51,10.2410,109,6.2115,50,1.0000,1.000000,false,0.679,1.073941,0.500916
Tall,10,100,60496,1000,376,0.376000,232,61.7021,38,10.1064,110,10.4737,105,0.8750,0.949495,false,0.658,0.844120,0.496666
Tall,10,100,60497,1000,441,0.441000,275,62.3583,43,9.7506,97,8.1136,92,1.0000,1.000000,false,0.670,0.973459,0.493950
Tall,10,100,60498,1000,596,0.596000,374,62.7517,64,10.7383,101,4.1194,88,1.0000,1.000000,false,1.111,1.198457,0.518749
Tall,10,100,60499,1000,397,0.397000,248,62.4685,38,9.5718,96,8.8421,77,1.0000,0.949495,false,0.660,0.903057,0.484721
WideRect,60,30,60000,1800,671,0.372778,408,60.8048,53,7.8987,176,12.1053,207,0.9375,0.983051,false,2.081,0.939122,0.462151
WideRect,60,30,60001,1800,735,0.408333,481,65.4422,61,8.2993,176,11.2742,243,0.9375,1.000000,false,1.167,1.019579,0.471927
WideRect,60,30,60002,1800,602,0.334444,362,60.1329,53,8.8040,181,14.2075,214,0.8750,1.000000,false,1.172,0.864630,0.472092
WideRect,60,30,60003,1800,993,0.551667,644,64.8540,79,7.9557,167,6.4810,74,1.0000,1.000000,false,1.304,1.250000,0.483247
WideRect,60,30,60004,1800,819,0.455000,529,64.5910,70,8.5470,193,8.2000,83,1.0000,1.000000,false,1.246,1.105881,0.470289
WideRect,60,30,60005,1800,753,0.418333,479,63.6122,67,8.8977,178,10.0299,141,0.9375,1.000000,false,1.616,1.028081,0.473579
WideRect,60,30,60006,1800,761,0.422778,491,64.5204,72,9.4612,185,8.6389,157,1.0000,1.000000,false,1.232,1.052031,0.472351
WideRect,60,30,60007,1800,736,0.408889,484,65.7609,63,8.5598,177,10.7344,204,1.0000,0.915254,false,1.158,1.021691,0.471517
WideRect,60,30,60008,1800,1076,0.597778,678,63.0112,92,8.5502,174,4.5109,44,1.0000,1.000000,false,1.298,1.250000,0.491416
WideRect,60,30,60009,1800,655,0.363889,402,61.3740,60,9.1603,175,8.5000,202,1.0000,1.000000,false,1.113,0.941978,0.450856
WideRect,60,30,60010,1800,784,0.435556,505,64.4133,59,7.5255,178,8.5932,108,0.9375,1.000000,false,1.195,1.060249,0.456558
WideRect,60,30,60011,1800,673,0.373889,415,61.6642,71,10.5498,188,9.8732,250,1.0000,1.000000,false,1.109,0.959408,0.475843
WideRect,60,30,60012,1800,872,0.484444,573,65.7110,68,7.7982,167,8.8382,77,1.0000,1.000000,false,1.486,1.160610,0.475395
WideRect,60,30,60013,1800,831,0.461667,507,61.0108,67,8.0626,161,8.2090,141,1.0000,1.000000,false,1.161,1.099247,0.467497
WideRect,60,30,60014,1800,804,0.446667,519,64.5522,72,8.9552,177,7.0411,168,1.0000,1.000000,false,1.209,1.091852,0.465042
WideRect,60,30,60015,1800,613,0.340556,384,62.6427,37,6.0359,178,17.8108,217,0.9375,1.000000,false,1.211,0.896148,0.467477
WideRect,60,30,60016,1800,695,0.386111,443,63.7410,61,8.7770,190,10.0984,171,1.0000,1.000000,false,1.532,0.987921,0.463108
WideRect,60,30,60017,1800,901,0.500556,588,65.2608,85,9.4340,187,6.1279,84,1.0000,1.000000,false,1.235,1.185154,0.480615
WideRect,60,30,60018,1800,709,0.393889,453,63.8928,45,6.3470,182,13.6000,161,1.0000,1.000000,false,1.172,1.001412,0.461775
WideRect,60,30,60019,1800,706,0.392222,444,62.8895,59,8.3569,168,9.0339,155,0.9375,1.000000,false,1.456,0.981940,0.454469
WideRect,60,30,60020,1800,560,0.311111,362,64.6429,52,9.2857,175,10.8333,215,0.8125,1.000000,false,1.123,0.829515,0.450027
WideRect,60,30,60021,1800,944,0.524444,588,62.2881,84,8.8983,180,5.6118,78,1.0000,1.000000,false,1.186,1.208308,0.479384
WideRect,60,30,60022,1800,690,0.383333,464,67.2464,57,8.2609,172,11.0351,252,0.9375,1.000000,false,1.215,0.985229,0.462634
WideRect,60,30,60023,1800,659,0.366111,424,64.3399,71,10.7739,187,10.9028,450,0.7500,1.000000,false,1.545,0.907227,0.481818
WideRect,60,30,60024,1800,651,0.361667,430,66.0522,49,7.5269,172,14.3061,138,0.9375,1.000000,false,1.228,0.943991,0.468068
WideRect,60,30,60025,1800,578,0.321111,359,62.1107,54,9.3426,177,14.5741,237,0.9375,1.000000,false,1.079,0.862421,0.475637
WideRect,60,30,60026,1800,791,0.439444,512,64.7282,74,9.3552,192,8.0135,147,0.8750,1.000000,false,1.635,1.055685,0.472606
WideRect,60,30,60027,1800,704,0.391111,451,64.0625,51,7.2443,178,9.7451,169,0.9375,1.000000,false,1.246,0.985029,0.447200
WideRect,60,30,60028,1800,886,0.492222,582,65.6885,72,8.1264,179,7.3333,74,1.0000,1.000000,false,1.259,1.173505,0.472143
WideRect,60,30,60029,1800,512,0.284444,325,63.4766,41,8.0078,172,17.5610,141,0.9375,1.000000,false,1.116,0.806645,0.468890
WideRect,60,30,60030,1800,941,0.522778,584,62.0616,84,8.9267,177,6.4048,144,1.0000,1.000000,false,1.743,1.204311,0.483840
WideRect,60,30,60031,1800,772,0.428889,493,63.8601,53,6.8653,178,10.5094,83,1.0000,1.000000,false,1.166,1.059145,0.459247
WideRect,60,30,60032,1800,744,0.413333,480,64.5161,52,6.9892,172,13.0000,174,0.9375,1.000000,false,1.178,1.023830,0.470496
WideRect,60,30,60033,1800,834,0.463333,544,65.2278,70,8.3933,190,7.0274,150,0.9375,1.000000,false,1.209,1.110386,0.464342
WideRect,60,30,60034,1800,755,0.419444,461,61.0596,66,8.7417,154,7.5606,72,1.0000,1.000000,false,1.163,1.030943,0.457802
WideRect,60,30,60035,1800,657,0.365000,411,62.5571,52,7.9148,189,13.1887,153,0.9375,1.000000,false,1.347,0.935912,0.466363
WideRect,60,30,60036,1800,698,0.387778,456,65.3295,48,6.8768,178,12.7000,157,0.9375,1.000000,false,1.144,0.984775,0.459937
WideRect,60,30,60037,1800,763,0.423889,470,61.5990,59,7.7326,169,10.0000,176,1.0000,0.881356,false,1.644,1.022811,0.463419
WideRect,60,30,60038,1800,476,0.264444,306,64.2857,38,7.9832,176,15.0263,169,1.0000,1.000000,false,1.101,0.788451,0.447709
WideRect,60,30,60039,1800,646,0.358889,391,60.5263,51,7.8947,184,12.4902,140,1.0000,1.000000,false,1.249,0.930584,0.460213
WideRect,60,30,60040,1800,813,0.451667,537,66.0517,62,7.6261,186,8.1111,107,1.0000,1.000000,false,1.243,1.107412,0.459556
WideRect,60,30,60041,1800,563,0.312778,376,66.7851,36,6.3943,173,18.1579,180,1.0000,0.949153,false,1.299,0.869336,0.464773
WideRect,60,30,60042,1800,685,0.380556,419,61.1679,58,8.4672,175,12.3559,192,1.0000,1.000000,false,2.112,0.968251,0.471646
WideRect,60,30,60043,1800,876,0.486667,538,61.4155,73,8.3333,192,6.8514,85,1.0000,1.000000,false,1.263,1.141930,0.469705
WideRect,60,30,60044,1800,689,0.382778,443,64.2961,60,8.7083,174,11.1935,128,1.0000,1.000000,false,1.327,0.984690,0.467875
WideRect,60,30,60045,1800,689,0.382778,436,63.2801,59,8.5631,188,9.7288,183,0.8750,1.000000,false,1.282,0.955524,0.457792
WideRect,60,30,60046,1800,854,0.474444,538,62.9977,70,8.1967,174,7.7465,134,1.0000,1.000000,false,1.189,1.130084,0.469947
WideRect,60,30,60047,1800,626,0.347778,399,63.7380,49,7.8275,188,13.6327,306,0.8750,1.000000,false,1.519,0.899577,0.462939
WideRect,60,30,60048,1800,536,0.297778,337,62.8731,39,7.2761,182,18.1000,290,0.9375,1.000000,false,1.212,0.826711,0.468750
WideRect,60,30,60049,1800,1035,0.575000,653,63.0918,96,9.2754,186,4.6429,51,1.0000,1.000000,false,1.285,1.250000,0.492612
WideRect,60,30,60050,1800,910,0.505556,575,63.1868,82,9.0110,181,7.2073,105,1.0000,1.000000,false,1.230,1.182262,0.484246
WideRect,60,30,60051,1800,606,0.336667,374,61.7162,53,8.7459,173,11.9057,195,0.8750,1.000000,false,1.234,0.873927,0.458614
WideRect,60,30,60052,1800,787,0.437222,490,62.2618,73,9.2757,175,6.6757,72,1.0000,1.000000,false,1.213,1.065436,0.463261
WideRect,60,30,60053,1800,698,0.387778,433,62.0344,55,7.8797,186,11.5818,167,1.0000,1.000000,false,1.145,0.983584,0.463376
WideRect,60,30,60054,1800,752,0.417778,481,63.9628,68,9.0426,177,10.4203,233,1.0000,1.000000,false,1.735,1.041233,0.477161
WideRect,60,30,60055,1800,677,0.376111,434,64.1064,51,7.5332,167,10.8235,134,0.9375,0.983051,false,1.151,0.957829,0.451944
WideRect,60,30,60056,1800,518,0.287778,326,62.9344,37,7.1429,185,20.4865,206,0.8750,1.000000,false,1.153,0.797971,0.478480
WideRect,60,30,60057,1800,813,0.451667,509,62.6076,64,7.8721,183,9.3125,98,1.0000,1.000000,false,1.208,1.090745,0.469095
WideRect,60,30,60058,1800,609,0.338333,394,64.6962,64,10.5090,194,10.9538,181,0.9375,1.000000,false,1.649,0.899947,0.471136
WideRect,60,30,60059,1800,776,0.431111,497,64.0464,58,7.4742,181,8.9492,123,1.0000,1.000000,false,1.293,1.063679,0.456809
WideRect,60,30,60060,1800,881,0.489444,575,65.2667,70,7.9455,182,8.7429,89,1.0000,1.000000,false,1.288,1.166647,0.477806
WideRect,60,30,60061,1800,655,0.363889,409,62.4427,68,10.3817,179,11.7971,308,0.9375,1.000000,false,1.817,0.933645,0.482499
WideRect,60,30,60062,1800,775,0.430556,478,61.6774,83,10.7097,165,5.2169,152,0.9375,1.000000,false,1.144,1.039332,0.467004
WideRect,60,30,60063,1800,634,0.352222,412,64.9842,60,9.4637,194,8.8852,149,0.8125,1.000000,false,1.153,0.899123,0.452661
WideRect,60,30,60064,1800,754,0.418889,474,62.8647,68,9.0186,163,7.9706,132,1.0000,1.000000,false,1.308,1.038143,0.462819
WideRect,60,30,60065,1800,504,0.280000,309,61.3095,35,6.9444,188,20.0571,228,0.9375,1.000000,false,1.402,0.792813,0.471632
WideRect,60,30,60066,1800,545,0.302778,346,63.4862,43,7.8899,181,12.5111,305,0.8750,1.000000,false,1.187,0.824414,0.443455
WideRect,60,30,60067,1800,566,0.314444,361,63.7809,50,8.8339,172,14.7000,192,1.0000,1.000000,false,1.157,0.869650,0.469293
WideRect,60,30,60068,1800,751,0.417222,491,65.3795,48,6.3915,168,12.3958,118,1.0000,1.000000,false,1.253,1.046647,0.462125
WideRect,60,30,60069,1800,668,0.371111,408,61.0778,66,9.8802,183,10.3134,295,0.8125,1.000000,false,1.171,0.915049,0.470908
WideRect,60,30,60070,1800,870,0.483333,544,62.5287,70,8.0460,162,7.6571,73,1.0000,1.000000,false,1.239,1.142271,0.470580
WideRect,60,30,60071,1800,620,0.344444,381,61.4516,42,6.7742,169,12.4186,292,0.8750,0.762712,false,1.198,0.850039,0.444253
WideRect,60,30,60072,1800,564,0.313333,353,62.5887,33,5.8511,181,20.5455,177,0.8750,1.000000,false,1.428,0.838811,0.473576
WideRect,60,30,60073,1800,692,0.384444,459,66.3295,66,9.5376,184,9.3731,318,0.7500,0.728814,false,1.237,0.905152,0.465941
WideRect,60,30,60074,1800,819,0.455000,531,64.8352,65,7.9365,181,7.3134,93,1.0000,1.000000,false,1.167,1.107071,0.458960
WideRect,60,30,60075,1800,722,0.401111,478,66.2050,55,7.6177,183,12.3636,186,0.9375,1.000000,false,1.267,1.010793,0.469364
WideRect,60,30,60076,1800,672,0.373333,433,64.4345,57,8.4821,191,11.3793,214,0.8750,1.000000,false,1.197,0.944584,0.463875
WideRect,60,30,60077,1800,710,0.394444,450,63.3803,46,6.4789,177,14.5870,105,1.0000,1.000000,false,1.275,1.000165,0.469077
WideRect,60,30,60078,1800,728,0.404444,473,64.9725,52,7.1429,177,10.4717,158,0.9375,1.000000,false,1.210,1.011048,0.454467
WideRect,60,30,60079,1800,500,0.277778,324,64.8000,41,8.2000,170,19.8571,318,0.8750,1.000000,false,1.511,0.787088,0.482343
WideRect,60,30,60080,1800,756,0.420000,473,62.5661,72,9.5238,175,9.7778,228,0.9375,1.000000,false,1.176,1.026125,0.478854
WideRect,60,30,60081,1800,730,0.405556,460,63.0137,55,7.5342,184,12.1071,147,0.9375,1.000000,false,1.203,1.004386,0.468351
WideRect,60,30,60082,1800,621,0.345000,394,63.4461,52,8.3736,143,7.7222,140,0.8125,1.000000,false,1.085,0.881408,0.432740
WideRect,60,30,60083,1800,748,0.415556,461,61.6310,60,8.0214,180,8.9333,146,1.0000,1.000000,false,1.538,1.027174,0.457521
WideRect,60,30,60084,1800,566,0.314444,344,60.7774,49,8.6572,193,14.7347,256,0.8750,1.000000,false,1.191,0.834531,0.467731
WideRect,60,30,60085,1800,656,0.364444,445,67.8354,66,10.0610,191,11.5000,339,0.8750,1.000000,false,1.193,0.943112,0.477707
WideRect,60,30,60086,1800,751,0.417222,509,67.7763,55,7.3236,169,12.0526,115,1.0000,0.966102,false,2.504,1.052276,0.469423
WideRect,60,30,60087,1800,777,0.431667,481,61.9048,72,9.2664,172,8.7500,202,1.0000,0.983051,false,1.123,1.052152,0.473724
WideRect,60,30,60088,1800,603,0.335000,383,63.5158,50,8.2919,178,13.4706,182,0.9375,1.000000,false,1.199,0.890168,0.462795
WideRect,60,30,60089,1800,593,0.329444,375,63.2378,57,9.6121,187,13.4576,357,0.9375,1.000000,false,1.679,0.880022,0.474255
WideRect,60,30,60090,1800,538,0.298889,346,64.3123,44,8.1784,184,16.3778,231,0.8750,1.000000,false,2.034,0.820645,0.467958
WideRect,60,30,60091,1800,720,0.400000,462,64.1667,52,7.2222,170,13.1538,193,0.9375,1.000000,false,1.224,1.000192,0.469732
WideRect,60,30,60092,1800,692,0.384444,426,61.5607,59,8.5260,154,7.3390,115,0.9375,1.000000,false,1.442,0.963687,0.443839
WideRect,60,30,60093,1800,826,0.458889,538,65.1332,72,8.7167,168,5.6622,61,1.0000,1.000000,false,1.111,1.115007,0.458198
WideRect,60,30,60094,1800,692,0.384444,436,63.0058,58,8.3815,167,11.8814,179,0.9375,1.000000,false,1.314,0.969639,0.469160
WideRect,60,30,60095,1800,692,0.384444,457,66.0405,53,7.6590,185,10.8679,184,1.0000,1.000000,false,1.149,0.994639,0.455963
WideRect,60,30,60096,1800,815,0.452778,504,61.8405,66,8.0982,177,9.0455,128,1.0000,1.000000,false,1.593,1.088846,0.470116
WideRect,60,30,60097,1800,790,0.438889,497,62.9114,70,8.8608,184,7.5068,158,1.0000,1.000000,false,1.269,1.071218,0.464509
WideRect,60,30,60098,1800,687,0.381667,442,64.3377,58,8.4425,165,10.0000,291,0.7500,0.745763,false,2.015,0.894883,0.457851
WideRect,60,30,60099,1800,519,0.288333,330,63.5838,41,7.8998,161,14.6829,217,0.8750,0.898305,false,1.416,0.785636,0.452018
WideRect,60,30,60100,1800,647,0.359444,410,63.3694,54,8.3462,166,12.5091,229,0.9375,1.000000,false,1.153,0.929932,0.465006
WideRect,60,30,60101,1800,497,0.276111,328,65.9960,37,7.4447,114,13.4865,167,0.8750,1.000000,false,1.020,0.787853,0.436750
WideRect,60,30,60102,1800,663,0.368333,421,63.4992,56,8.4465,191,12.6250,184,1.0000,0.898305,false,1.115,0.942341,0.469358
WideRect,60,30,60103,1800,729,0.405000,484,66.3923,67,9.1907,189,10.0588,172,1.0000,1.000000,false,1.101,1.030634,0.472679
WideRect,60,30,60104,1800,1029,0.571667,661,64.2371,89,8.6492,174,5.3011,55,1.0000,1.000000,false,1.185,1.250000,0.489229
WideRect,60,30,60105,1800,568,0.315556,380,66.9014,52,9.1549,183,10.7692,238,0.6875,0.966102,false,1.212,0.814452,0.449674
WideRect,60,30,60106,1800,724,0.402222,448,61.8785,59,8.1492,175,10.2203,231,1.0000,1.000000,false,1.463,1.006513,0.462382
WideRect,60,30,60107,1800,613,0.340556,383,62.4796,62,10.1142,177,13.4839,266,1.0000,1.000000,false,1.154,0.908053,0.482763
WideRect,60,30,60108,1800,558,0.310000,358,64.1577,37,6.6308,171,18.0541,243,1.0000,0.898305,false,1.025,0.848303,0.465693
WideRect,60,30,60109,1800,800,0.444444,502,62.7500,65,8.1250,180,9.3333,214,0.9375,1.000000,false,1.152,1.067079,0.469581
WideRect,60,30,60110,1800,747,0.415000,469,62.7845,52,6.9612,175,10.6226,209,0.9375,0.915254,false,1.122,1.006186,0.456706
WideRect,60,30,60111,1800,605,0.336111,373,61.6529,40,6.6116,178,19.1750,209,1.0000,1.000000,false,1.078,0.897793,0.479939
WideRect,60,30,60112,1800,700,0.388889,471,67.2857,50,7.1429,186,10.5000,126,1.0000,1.000000,false,1.096,1.007280,0.449967
WideRect,60,30,60113,1800,770,0.427778,495,64.2857,57,7.4026,183,11.4912,320,1.0000,1.000000,false,1.445,1.059258,0.470072
WideRect,60,30,60114,1800,844,0.468889,535,63.3886,71,8.4123,184,7.8767,158,1.0000,1.000000,false,1.243,1.122914,0.471204
WideRect,60,30,60115,1800,616,0.342222,397,64.4481,56,9.0909,187,13.0893,212,1.0000,1.000000,false,1.119,0.918002,0.470705
WideRect,60,30,60116,1800,709,0.393889,461,65.0212,61,8.6037,187,9.9206,109,0.8750,1.000000,false,1.166,0.981174,0.462661
WideRect,60,30,60117,1800,554,0.307778,347,62.6354,47,8.4838,180,17.3830,218,0.8750,1.000000,false,1.066,0.829855,0.479601
WideRect,60,30,60118,1800,615,0.341667,398,64.7154,47,7.6423,166,10.6531,149,0.9375,0.949153,false,1.070,0.897931,0.441697
WideRect,60,30,60119,1800,924,0.513333,626,67.7489,87,9.4156,196,5.3864,61,1.0000,1.000000,false,3.245,1.220158,0.479895
WideRect,60,30,60120,1800,516,0.286667,318,61.6279,47,9.1085,187,17.1667,212,1.0000,1.000000,false,1.067,0.817132,0.478241
WideRect,60,30,60121,1800,581,0.322778,365,62.8227,49,8.4337,205,14.3600,261,0.8750,0.915254,false,1.106,0.842396,0.465788
WideRect,60,30,60122,1800,720,0.400000,456,63.3333,63,8.7500,177,10.8308,282,1.0000,1.000000,false,1.135,1.009121,0.471321
WideRect,60,30,60123,1800,745,0.413889,480,64.4295,59,7.9195,184,9.1017,121,1.0000,1.000000,false,1.189,1.036868,0.456994
WideRect,60,30,60124,1800,645,0.358333,400,62.0155,42,6.5116,195,14.3953,182,0.9375,1.000000,false,1.125,0.922903,0.457442
WideRect,60,30,60125,1800,644,0.357778,413,64.1304,55,8.5404,179,12.6364,187,1.0000,1.000000,false,1.096,0.942603,0.467198
WideRect,60,30,60126,1800,707,0.392778,441,62.3762,66,9.3352,176,10.2985,255,0.9375,1.000000,false,1.490,0.980692,0.471870
WideRect,60,30,60127,1800,855,0.475000,562,65.7310,67,7.8363,186,7.9855,115,1.0000,1.000000,false,1.187,1.144908,0.467918
WideRect,60,30,60128,1800,666,0.370000,428,64.2643,47,7.0571,182,14.1633,333,0.8750,0.966102,false,1.065,0.933293,0.465028
WideRect,60,30,60129,1800,618,0.343333,391,63.2686,55,8.8997,186,11.3158,308,0.8125,1.000000,false,1.045,0.878007,0.458676
WideRect,60,30,60130,1800,685,0.380556,447,65.2555,56,8.1752,184,9.6429,177,1.0000,0.932203,false,1.106,0.974748,0.452740
WideRect,60,30,60131,1800,805,0.447222,532,66.0870,64,7.9503,183,8.3281,174,1.0000,1.000000,false,1.141,1.100128,0.462744
WideRect,60,30,60132,1800,734,0.407778,489,66.6213,58,7.9019,172,10.7627,218,1.0000,0.966102,false,1.119,1.031217,0.464772
WideRect,60,30,60133,1800,565,0.313889,338,59.8230,45,7.9646,177,15.8913,240,0.9375,1.000000,false,1.436,0.842921,0.467453
WideRect,60,30,60134,1800,686,0.381111,452,65.8892,46,6.7055,185,13.2128,227,1.0000,0.898305,false,1.162,0.973178,0.459246
WideRect,60,30,60135,1800,589,0.327222,384,65.1952,33,5.6027,183,18.4545,203,0.9375,1.000000,false,1.095,0.883225,0.462938
WideRect,60,30,60136,1800,611,0.339444,388,63.5025,55,9.0016,177,13.5636,226,0.7500,1.000000,false,1.110,0.859952,0.471774
WideRect,60,30,60137,1800,666,0.370000,425,63.8138,54,8.1081,142,8.4630,87,1.0000,1.000000,false,1.347,0.961592,0.441950
WideRect,60,30,60138,1800,664,0.368889,416,62.6506,50,7.5301,180,9.4510,132,1.0000,0.966102,false,1.144,0.950073,0.441658
WideRect,60,30,60139,1800,835,0.463889,535,64.0719,69,8.2635,167,6.6714,85,1.0000,1.000000,false,1.101,1.118068,0.461113
WideRect,60,30,60140,1800,757,0.420556,503,66.4465,67,8.8507,195,8.8986,141,1.0000,1.000000,false,2.415,1.057020,0.467109
WideRect,60,30,60141,1800,748,0.415556,453,60.5615,75,10.0267,185,8.3333,235,1.0000,1.000000,false,1.711,1.022412,0.474039
WideRect,60,30,60142,1800,574,0.318889,365,63.5889,54,9.4077,167,8.0370,116,0.9375,1.000000,false,1.118,0.863839,0.437102
WideRect,60,30,60143,1800,963,0.535000,610,63.3437,80,8.3074,172,5.9625,57,1.0000,1.000000,false,1.208,1.231634,0.478708
WideRect,60,30,60144,1800,699,0.388333,441,63.0901,57,8.1545,194,10.6491,231,0.9375,1.000000,false,1.193,0.976385,0.460796
WideRect,60,30,60145,1800,792,0.440000,509,64.2677,69,8.7121,177,8.9000,156,1.0000,1.000000,false,2.077,1.079438,0.471565
WideRect,60,30,60146,1800,802,0.445556,516,64.3392,71,8.8529,164,8.4583,238,1.0000,1.000000,false,1.554,1.088989,0.472037
WideRect,60,30,60147,1800,711,0.395000,463,65.1195,72,10.1266,183,9.2973,210,1.0000,1.000000,false,1.224,1.008441,0.474551
WideRect,60,30,60148,1800,940,0.522222,583,62.0213,72,7.6596,163,8.1781,60,1.0000,1.000000,false,1.254,1.203178,0.481452
WideRect,60,30,60149,1800,733,0.407222,472,64.3929,66,9.0041,179,10.2273,163,1.0000,1.000000,false,1.235,1.025645,0.472472
WideRect,60,30,60150,1800,1010,0.561111,637,63.0693,84,8.3168,176,5.9762,74,1.0000,1.000000,false,1.584,1.250000,0.486717
WideRect,60,30,60151,1800,715,0.397222,459,64.1958,51,7.1329,173,11.3333,107,0.9375,1.000000,false,1.182,0.995714,0.457278
WideRect,60,30,60152,1800,684,0.380000,441,64.4737,49,7.1637,187,10.9796,200,0.9375,0.983051,false,1.163,0.965765,0.450335
WideRect,60,30,60153,1800,758,0.421111,473,62.4011,68,8.9710,175,9.2000,107,1.0000,1.000000,false,1.643,1.039701,0.470255
WideRect,60,30,60154,1800,614,0.341111,388,63.1922,47,7.6547,181,14.8723,166,0.8750,1.000000,false,1.120,0.886568,0.466517
WideRect,60,30,60155,1800,715,0.397222,460,64.3357,55,7.6923,167,11.1818,273,0.9375,1.000000,false,1.223,0.996310,0.461979
WideRect,60,30,60156,1800,664,0.368889,437,65.8133,49,7.3795,167,14.0800,161,0.9375,1.000000,false,1.162,0.955158,0.467429
WideRect,60,30,60157,1800,795,0.441667,503,63.2704,64,8.0503,178,10.1875,114,1.0000,1.000000,false,1.454,1.077482,0.473034
WideRect,60,30,60158,1800,857,0.476111,551,64.2940,75,8.7515,188,7.0789,74,1.0000,1.000000,false,1.170,1.139438,0.472061
WideRect,60,30,60159,1800,696,0.386667,463,66.5230,58,8.3333,187,11.9322,246,1.0000,0.983051,false,1.135,0.997822,0.469645
WideRect,60,30,60160,1800,684,0.380000,441,64.4737,49,7.1637,186,11.9800,160,0.9375,1.000000,false,1.169,0.968308,0.456230
WideRect,60,30,60161,1800,960,0.533333,620,64.5833,80,8.3333,172,5.4268,56,1.0000,1.000000,false,1.226,1.235971,0.475311
WideRect,60,30,60162,1800,572,0.317778,356,62.2378,52,9.0909,188,15.7115,319,0.9375,0.966102,false,1.094,0.852320,0.478824
WideRect,60,30,60163,1800,647,0.359444,397,61.3601,55,8.5008,175,9.4364,157,1.0000,0.966102,false,1.093,0.929609,0.448445
WideRect,60,30,60164,1800,534,0.296667,358,67.0412,50,9.3633,182,14.6923,237,0.9375,1.000000,false,1.459,0.838134,0.469208
WideRect,60,30,60165,1800,737,0.409444,465,63.0936,65,8.8195,178,9.4154,240,0.8750,0.949153,false,1.150,0.991005,0.466509
WideRect,60,30,60166,1800,569,0.316111,348,61.1599,47,8.2601,179,14.8542,262,0.8750,1.000000,false,1.170,0.838527,0.464963
WideRect,60,30,60167,1800,668,0.371111,400,59.8802,45,6.7365,170,16.2000,219,0.9375,1.000000,false,1.137,0.935288,0.474158
WideRect,60,30,60168,1800,627,0.348333,401,63.9553,54,8.6124,176,10.0741,242,0.8750,1.000000,false,1.113,0.901306,0.449986
WideRect,60,30,60169,1800,750,0.416667,505,67.3333,65,8.6667,188,8.8209,246,0.9375,1.000000,false,1.137,1.041941,0.463644
WideRect,60,30,60170,1800,812,0.451111,514,63.3005,60,7.3892,173,8.3279,159,1.0000,1.000000,false,1.135,1.093183,0.458297
WideRect,60,30,60171,1800,852,0.473333,538,63.1455,73,8.5681,189,7.0000,107,1.0000,1.000000,false,1.604,1.129007,0.468929
WideRect,60,30,60172,1800,685,0.380556,434,63.3577,60,8.7591,174,11.4000,204,0.8750,1.000000,false,2.983,0.952179,0.468933
WideRect,60,30,60173,1800,921,0.511667,567,61.5635,75,8.1433,191,6.5067,140,1.0000,1.000000,false,1.199,1.183423,0.473274
WideRect,60,30,60174,1800,626,0.347778,404,64.5367,61,9.7444,184,10.7377,197,0.8750,1.000000,false,1.181,0.902553,0.465050
WideRect,60,30,60175,1800,724,0.402222,464,64.0884,53,7.3204,193,12.6604,156,1.0000,1.000000,false,1.117,1.016037,0.468473
WideRect,60,30,60176,1800,743,0.412778,472,63.5262,71,9.5559,193,8.8194,163,0.9375,1.000000,false,1.131,1.018529,0.471361
WideRect,60,30,60177,1800,610,0.338889,378,61.9672,54,8.8525,174,10.5091,236,0.9375,0.847458,false,1.407,0.868080,0.452117
WideRect,60,30,60178,1800,982,0.545556,646,65.7841,76,7.7393,166,6.8312,57,1.0000,1.000000,false,1.166,1.250000,0.481313
WideRect,60,30,60179,1800,678,0.376667,420,61.9469,61,8.9971,183,8.6452,189,1.0000,1.000000,false,1.137,0.965077,0.453913
WideRect,60,30,60180,1800,684,0.380000,438,64.0351,64,9.3567,167,10.8438,234,0.8125,1.000000,false,1.094,0.941522,0.471465
WideRect,60,30,60181,1800,808,0.448889,510,63.1188,71,8.7871,176,9.1408,121,1.0000,1.000000,false,1.208,1.088648,0.476401
WideRect,60,30,60182,1800,851,0.472778,554,65.0999,64,7.5206,177,8.3125,153,1.0000,0.915254,false,1.158,1.125281,0.466021
WideRect,60,30,60183,1800,784,0.435556,519,66.1990,72,9.1837,195,7.4722,155,1.0000,1.000000,false,1.116,1.081082,0.466534
WideRect,60,30,60184,1800,544,0.302222,328,60.2941,36,6.6176,167,18.5000,244,0.8750,1.000000,false,1.383,0.813161,0.465855
WideRect,60,30,60185,1800,605,0.336111,368,60.8264,47,7.7686,179,14.2245,429,0.8125,0.813559,false,1.011,0.829351,0.462338
WideRect,60,30,60186,1800,708,0.393333,450,63.5593,63,8.8983,178,8.6032,142,0.9375,1.000000,false,1.142,0.986588,0.457678
WideRect,60,30,60187,1800,623,0.346111,400,64.2055,55,8.8283,163,9.4364,127,0.8750,1.000000,false,1.081,0.898557,0.447720
WideRect,60,30,60188,1800,695,0.386111,447,64.3165,66,9.4964,189,8.3030,224,0.8750,0.932203,false,1.442,0.955133,0.459723
WideRect,60,30,60189,1800,677,0.376111,420,62.0384,48,7.0901,184,15.1224,160,1.0000,1.000000,false,1.087,0.964538,0.472844
WideRect,60,30,60190,1800,699,0.388333,422,60.3720,61,8.7268,167,10.8852,197,1.0000,1.000000,false,1.081,0.977575,0.467909
WideRect,60,30,60191,1800,602,0.334444,417,69.2691,60,9.9668,195,10.7097,177,0.9375,1.000000,false,1.406,0.909868,0.463108
WideRect,60,30,60192,1800,898,0.498889,570,63.4744,68,7.5724,184,7.2647,88,1.0000,1.000000,false,1.210,1.172824,0.468198
WideRect,60,30,60193,1800,626,0.347778,388,61.9808,58,9.2652,177,11.2931,178,1.0000,1.000000,false,1.131,0.918029,0.463530
WideRect,60,30,60194,1800,801,0.445000,505,63.0462,68,8.4894,169,6.5797,65,1.0000,1.000000,false,1.093,1.081903,0.457165
WideRect,60,30,60195,1800,596,0.331111,374,62.7517,47,7.8859,174,12.5745,179,0.8750,1.000000,false,1.432,0.868542,0.452288
WideRect,60,30,60196,1800,865,0.480556,571,66.0116,57,6.5896,174,8.0690,151,1.0000,1.000000,false,2.088,1.155650,0.457609
WideRect,60,30,60197,1800,985,0.547222,655,66.4975,81,8.2234,184,6.1235,82,1.0000,1.000000,false,2.473,1.250000,0.482483
WideRect,60,30,60198,1800,669,0.371667,418,62.4813,61,9.1181,185,9.6129,141,0.9375,1.000000,false,1.111,0.946540,0.459325
WideRect,60,30,60199,1800,835,0.463889,517,61.9162,78,9.3413,159,7.6076,147,0.9375,1.000000,false,1.161,1.094853,0.477408
WideRect,60,30,60200,1800,743,0.412778,466,62.7187,67,9.0175,185,9.9118,183,1.0000,1.000000,false,1.127,1.027458,0.472414
WideRect,60,30,60201,1800,915,0.508333,598,65.3552,77,8.4153,184,7.0000,64,1.0000,1.000000,false,1.459,1.198645,0.477901
WideRect,60,30,60202,1800,829,0.460556,543,65.5006,60,7.2376,175,9.1833,213,0.9375,1.000000,false,1.223,1.107099,0.464656
WideRect,60,30,60203,1800,563,0.312778,356,63.2327,48,8.5258,183,14.3333,242,0.8750,0.898305,false,1.120,0.824804,0.463551
WideRect,60,30,60204,1800,643,0.357222,414,64.3857,51,7.9316,189,13.1132,192,0.9375,1.000000,false,1.422,0.930159,0.463753
WideRect,60,30,60205,1800,867,0.481667,562,64.8212,60,6.9204,172,8.8000,114,1.0000,1.000000,false,1.138,1.151370,0.465559
WideRect,60,30,60206,1800,742,0.412222,469,63.2075,61,8.2210,174,9.4516,166,0.9375,1.000000,false,1.115,1.016205,0.461571
WideRect,60,30,60207,1800,714,0.396667,453,63.4454,67,9.3838,194,7.8358,140,1.0000,1.000000,false,1.147,1.004104,0.459011
WideRect,60,30,60208,1800,805,0.447222,522,64.8447,71,8.8199,184,8.3611,113,1.0000,1.000000,false,1.617,1.094176,0.471634
WideRect,60,30,60209,1800,648,0.360000,426,65.7407,58,8.9506,186,10.6102,258,0.8750,0.830508,false,1.094,0.902071,0.460027
WideRect,60,30,60210,1800,771,0.428333,493,63.9429,64,8.3009,171,7.9219,75,0.9375,1.000000,false,1.154,1.046106,0.458189
WideRect,60,30,60211,1800,622,0.345556,396,63.6656,52,8.3601,183,11.6604,287,1.0000,1.000000,false,1.108,0.920637,0.455977
WideRect,60,30,60212,1800,782,0.434444,495,63.2992,75,9.5908,189,7.3553,177,1.0000,1.000000,false,1.153,1.065720,0.469583
WideRect,60,30,60213,1800,869,0.482778,576,66.2831,67,7.7100,178,8.2687,102,1.0000,1.000000,false,1.162,1.160780,0.470657
WideRect,60,30,60214,1800,727,0.403889,455,62.5860,66,9.0784,188,8.4478,190,0.9375,1.000000,false,1.131,0.999795,0.461730
WideRect,60,30,60215,1800,613,0.340556,388,63.2953,45,7.3409,177,14.5870,153,0.8750,1.000000,false,1.454,0.886029,0.461531
WideRect,60,30,60216,1800,631,0.350556,417,66.0856,49,7.7655,169,9.6531,196,0.8750,1.000000,false,1.090,0.912984,0.439702
WideRect,60,30,60217,1800,633,0.351667,387,61.1374,56,8.8468,166,9.0536,227,1.0000,1.000000,false,1.205,0.921203,0.447316
WideRect,60,30,60218,1800,676,0.375556,438,64.7929,51,7.5444,169,13.5000,241,0.8750,1.000000,false,1.126,0.949714,0.467660
WideRect,60,30,60219,1800,616,0.342222,388,62.9870,47,7.6299,178,14.5106,148,1.0000,1.000000,false,1.150,0.912645,0.464470
WideRect,60,30,60220,1800,889,0.493889,576,64.7919,65,7.3116,171,7.7692,116,1.0000,1.000000,false,1.165,1.171549,0.467063
WideRect,60,30,60221,1800,799,0.443889,495,61.9524,67,8.3855,170,8.7313,147,0.9375,1.000000,false,1.144,1.062374,0.468471
WideRect,60,30,60222,1800,590,0.327778,388,65.7627,49,8.3051,181,11.0392,224,0.8125,0.864407,false,1.462,0.840806,0.446433
WideRect,60,30,60223,1800,640,0.355556,415,64.8438,47,7.3438,182,11.0000,281,0.8125,0.898305,false,1.143,0.888885,0.444922
WideRect,60,30,60224,1800,790,0.438889,502,63.5443,67,8.4810,182,9.6716,143,1.0000,1.000000,false,1.243,1.074194,0.473467
WideRect,60,30,60225,1800,692,0.384444,438,63.2948,57,8.2370,173,12.4576,182,0.9375,1.000000,false,1.212,0.970830,0.471111
WideRect,60,30,60226,1800,644,0.357778,406,63.0435,70,10.8696,146,5.3714,116,0.8125,1.000000,false,1.418,0.900936,0.447680
WideRect,60,30,60227,1800,792,0.440000,500,63.1313,73,9.2172,173,8.9324,276,1.0000,1.000000,false,1.157,1.074081,0.476807
WideRect,60,30,60228,1800,675,0.375000,428,63.4074,57,8.4444,173,10.8772,156,0.8750,1.000000,false,1.122,0.943223,0.461039
WideRect,60,30,60229,1800,664,0.368889,439,66.1145,54,8.1325,188,12.6727,169,0.8750,1.000000,false,1.122,0.943848,0.466667
WideRect,60,30,60230,1800,593,0.329444,376,63.4064,44,7.4199,185,14.2391,231,0.8750,1.000000,false,1.186,0.868117,0.456937
WideRect,60,30,60231,1800,677,0.376111,435,64.2541,45,6.6470,175,12.7826,228,0.9375,0.915254,false,1.135,0.948255,0.454625
WideRect,60,30,60232,1800,883,0.490556,550,62.2877,82,9.2865,192,5.9157,124,0.9375,0.983051,false,1.199,1.137800,0.474890
WideRect,60,30,60233,1800,734,0.407778,462,62.9428,65,8.8556,175,7.4478,138,0.9375,1.000000,false,1.499,1.007731,0.454776
WideRect,60,30,60234,1800,734,0.407778,482,65.6676,64,8.7193,180,9.3846,182,1.0000,1.000000,false,1.152,1.032136,0.464826
WideRect,60,30,60235,1800,582,0.323333,379,65.1203,39,6.7010,186,15.6667,250,0.9375,1.000000,false,1.231,0.876480,0.456327
WideRect,60,30,60236,1800,752,0.417778,490,65.1596,69,9.1755,184,8.8986,132,0.9375,1.000000,false,1.163,1.034090,0.469524
WideRect,60,30,60237,1800,570,0.316667,375,65.7895,44,7.7193,169,14.3409,340,0.9375,1.000000,false,1.114,0.867637,0.456698
WideRect,60,30,60238,1800,828,0.460000,535,64.6135,85,10.2657,174,7.0706,133,1.0000,1.000000,false,1.167,1.114299,0.482321
WideRect,60,30,60239,1800,715,0.397222,452,63.2168,59,8.2517,184,11.4407,172,1.0000,1.000000,false,2.108,1.004048,0.469099
WideRect,60,30,60240,1800,931,0.517222,599,64.3394,86,9.2374,186,5.9186,99,1.0000,1.000000,false,1.189,1.207855,0.482416
WideRect,60,30,60241,1800,867,0.481667,587,67.7047,65,7.4971,178,7.5909,121,0.9375,1.000000,false,1.241,1.153751,0.464201
WideRect,60,30,60242,1800,617,0.342778,371,60.1297,44,7.1313,175,16.3636,214,0.8750,1.000000,false,1.299,0.878064,0.470570
WideRect,60,30,60243,1800,813,0.451667,501,61.6236,67,8.2411,187,8.2059,187,1.0000,1.000000,false,1.775,1.085984,0.466264
WideRect,60,30,60244,1800,674,0.374444,442,65.5786,51,7.5668,187,11.0769,269,0.9375,0.847458,false,1.138,0.940637,0.453272
WideRect,60,30,60245,1800,650,0.361111,416,64.0000,62,9.5385,170,7.4688,154,1.0000,0.915254,false,1.133,0.934907,0.447728
WideRect,60,30,60246,1800,536,0.297778,348,64.9254,43,8.0224,175,17.2326,275,0.8125,1.000000,false,1.123,0.808258,0.471101
WideRect,60,30,60247,1800,837,0.465000,549,65.5914,66,7.8853,175,8.4706,141,1.0000,1.000000,false,1.166,1.127478,0.468266
WideRect,60,30,60248,1800,644,0.357778,416,64.5963,59,9.1615,195,9.9831,277,0.9375,1.000000,false,1.132,0.931888,0.457774
WideRect,60,30,60249,1800,534,0.296667,338,63.2959,52,9.7378,179,15.7885,329,0.9375,1.000000,false,1.122,0.826229,0.479413
WideRect,60,30,60250,1800,692,0.384444,455,65.7514,51,7.3699,177,10.1346,232,0.9375,1.000000,false,1.532,0.980949,0.448752
WideRect,60,30,60251,1800,584,0.324444,396,67.8082,48,8.2192,154,13.3333,201,0.8750,0.847458,false,1.087,0.852294,0.458093
WideRect,60,30,60252,1800,542,0.301111,340,62.7306,43,7.9336,184,16.9302,388,0.8125,1.000000,false,1.041,0.806727,0.469431
WideRect,60,30,60253,1800,630,0.350000,401,63.6508,43,6.8254,165,14.5227,165,0.8750,1.000000,false,1.155,0.902921,0.458830
WideRect,60,30,60254,1800,590,0.327778,375,63.5593,41,6.9492,170,16.9286,238,1.0000,1.000000,false,1.431,0.890907,0.467577
WideRect,60,30,60255,1800,705,0.391667,454,64.3972,60,8.5106,179,11.7833,183,1.0000,1.000000,false,1.172,0.999853,0.472040
WideRect,60,30,60256,1800,575,0.319444,359,62.4348,56,9.7391,174,14.4464,403,0.8750,1.000000,false,1.102,0.848306,0.478351
WideRect,60,30,60257,1800,690,0.383333,422,61.1594,58,8.4058,191,10.6167,285,1.0000,1.000000,false,1.123,0.972729,0.461617
WideRect,60,30,60258,1800,678,0.376667,423,62.3894,61,8.9971,195,11.2500,218,0.9375,1.000000,false,1.144,0.954363,0.469262
WideRect,60,30,60259,1800,630,0.350000,420,66.6667,54,8.5714,180,12.0727,291,0.8750,1.000000,false,1.150,0.914231,0.461854
WideRect,60,30,60260,1800,674,0.374444,415,61.5727,50,7.4184,183,12.1373,119,0.9375,1.000000,false,1.116,0.947447,0.458037
WideRect,60,30,60261,1800,800,0.444444,489,61.1250,72,9.0000,179,8.6849,135,1.0000,1.000000,false,1.412,1.071841,0.474510
WideRect,60,30,60262,1800,584,0.324444,371,63.5274,66,11.3014,188,11.2727,327,0.8750,1.000000,false,1.197,0.860295,0.476772
WideRect,60,30,60263,1800,756,0.420000,487,64.4180,53,7.0106,180,10.6481,172,1.0000,1.000000,false,1.180,1.046958,0.458851
WideRect,60,30,60264,1800,591,0.328333,387,65.4822,38,6.4298,178,15.9487,322,0.8125,0.864407,false,1.141,0.840749,0.456777
WideRect,60,30,60265,1800,952,0.528889,590,61.9748,76,7.9832,182,6.8831,48,1.0000,1.000000,false,1.188,1.213806,0.479058
WideRect,60,30,60266,1800,849,0.471667,544,64.0754,76,8.9517,194,7.3636,172,1.0000,1.000000,false,1.155,1.130963,0.474408
WideRect,60,30,60267,1800,649,0.360556,422,65.0231,55,8.4746,176,11.4182,210,0.7500,1.000000,false,1.100,0.900652,0.460195
WideRect,60,30,60268,1800,608,0.337778,390,64.1447,50,8.2237,176,14.6792,257,1.0000,1.000000,false,1.516,0.909527,0.470068
WideRect,60,30,60269,1800,718,0.398889,449,62.5348,72,10.0279,184,9.0274,184,1.0000,1.000000,false,1.131,1.003877,0.473140
WideRect,60,30,60270,1800,773,0.429444,475,61.4489,68,8.7969,180,8.6471,100,1.0000,1.000000,false,1.146,1.048969,0.467756
WideRect,60,30,60271,1800,813,0.451667,518,63.7146,70,8.6101,180,7.3099,152,1.0000,1.000000,false,1.283,1.096103,0.464675
WideRect,60,30,60272,1800,612,0.340000,386,63.0719,40,6.5359,169,12.0250,254,0.7500,0.862069,false,1.158,0.838611,0.438217
WideRect,60,30,60273,1800,815,0.452778,521,63.9264,58,7.1166,177,9.1724,107,1.0000,1.000000,false,1.268,1.098965,0.461048
WideRect,60,30,60274,1800,518,0.287778,348,67.1815,29,5.5985,186,20.2667,246,0.9375,0.796610,false,1.113,0.793057,0.461740
WideRect,60,30,60275,1800,631,0.350556,406,64.3423,50,7.9239,179,12.2400,335,0.8750,1.000000,false,1.625,0.906436,0.456531
WideRect,60,30,60276,1800,937,0.520556,589,62.8602,84,8.9648,175,5.8571,83,1.0000,1.000000,false,1.173,1.205134,0.480328
WideRect,60,30,60277,1800,735,0.408333,465,63.2653,69,9.3878,181,9.9714,242,0.9375,1.000000,false,1.157,1.010055,0.475135
WideRect,60,30,60278,1800,603,0.335000,371,61.5257,56,9.2869,183,13.2143,246,0.7500,1.000000,false,1.170,0.845526,0.471235
WideRect,60,30,60279,1800,720,0.400000,437,60.6944,67,9.3056,178,10.1045,190,0.8750,1.000000,false,1.535,0.972811,0.472597
WideRect,60,30,60280,1800,784,0.435556,469,59.8214,65,8.2908,174,8.0923,71,1.0000,1.000000,false,1.177,1.051321,0.461259
WideRect,60,30,60281,1800,679,0.377222,415,61.1193,47,6.9219,171,13.8958,183,1.0000,1.000000,false,1.192,0.962639,0.464268
WideRect,60,30,60282,1800,623,0.346111,420,67.4157,61,9.7913,189,11.9355,305,0.9375,1.000000,false,1.460,0.922962,0.472077
WideRect,60,30,60283,1800,919,0.510556,606,65.9412,89,9.6844,190,5.8111,101,1.0000,1.000000,false,1.166,1.205560,0.484253
WideRect,60,30,60284,1800,873,0.485000,563,64.4903,67,7.6747,174,8.5672,174,1.0000,1.000000,false,1.216,1.155196,0.472729
WideRect,60,30,60285,1800,858,0.476667,570,66.4336,69,8.0420,183,8.5797,103,1.0000,1.000000,false,1.249,1.151286,0.473976
WideRect,60,30,60286,1800,619,0.343889,403,65.1050,52,8.4006,178,10.6923,249,1.0000,1.000000,false,1.538,0.923189,0.450178
WideRect,60,30,60287,1800,720,0.400000,471,65.4167,60,8.3333,191,10.6393,229,0.8750,0.915254,false,1.135,0.980338,0.466026
WideRect,60,30,60288,1800,756,0.420000,502,66.4021,59,7.8042,162,8.6610,208,0.9375,0.915254,false,1.176,1.030675,0.455078
WideRect,60,30,60289,1800,833,0.462778,528,63.3854,70,8.4034,176,7.7746,187,0.9375,1.000000,false,1.513,1.100324,0.468679
WideRect,60,30,60290,1800,571,0.317222,365,63.9229,42,7.3555,178,12.1905,290,0.8750,1.000000,false,1.159,0.849723,0.440555
WideRect,60,30,60291,1800,658,0.365556,432,65.6535,47,7.1429,184,11.4681,145,0.9375,1.000000,false,1.236,0.948951,0.448672
WideRect,60,30,60292,1800,696,0.386667,454,65.2299,71,10.2011,172,10.2083,342,0.8750,1.000000,false,1.152,0.970007,0.478165
WideRect,60,30,60293,1800,711,0.395000,436,61.3221,44,6.1885,150,12.8636,201,1.0000,1.000000,false,1.453,0.992370,0.456184
WideRect,60,30,60294,1800,552,0.306667,352,63.7681,48,8.6957,190,13.6458,147,0.9375,0.966102,false,1.086,0.839170,0.459365
WideRect,60,30,60295,1800,748,0.415556,481,64.3048,59,7.8877,178,9.1000,174,1.0000,1.000000,false,1.096,1.039079,0.457166
WideRect,60,30,60296,1800,680,0.377778,417,61.3235,53,7.7941,177,11.8679,144,1.0000,1.000000,false,1.221,0.964368,0.461207
WideRect,60,30,60297,1800,904,0.502222,586,64.8230,86,9.5133,200,6.2299,79,1.0000,1.000000,false,1.164,1.185579,0.482509
WideRect,60,30,60298,1800,866,0.481111,569,65.7044,74,8.5450,189,7.3600,113,1.0000,1.000000,false,1.236,1.154998,0.473153
WideRect,60,30,60299,1800,576,0.320000,372,64.5833,45,7.8125,169,13.5870,268,0.8125,1.000000,false,1.094,0.844082,0.454187
WideRect,60,30,60300,1800,662,0.367778,433,65.4079,65,9.8187,176,8.7273,191,0.8750,1.000000,false,1.428,0.939200,0.459947
WideRect,60,30,60301,1800,733,0.407222,478,65.2115,59,8.0491,168,11.6833,179,0.9375,1.000000,false,1.158,1.016716,0.471503
WideRect,60,30,60302,1800,947,0.526111,590,62.3020,72,7.6030,167,6.8630,86,1.0000,1.000000,false,1.240,1.211114,0.474304
WideRect,60,30,60303,1800,770,0.427778,477,61.9481,64,8.3117,179,9.8281,111,1.0000,1.000000,false,1.131,1.048544,0.469363
WideRect,60,30,60304,1800,795,0.441667,490,61.6352,51,6.4151,134,9.5882,114,1.0000,1.000000,false,1.203,1.069744,0.453150
WideRect,60,30,60305,1800,754,0.418889,488,64.7215,62,8.2228,178,8.7581,178,1.0000,0.881356,false,1.155,1.028680,0.459502
WideRect,60,30,60306,1800,699,0.388333,446,63.8054,60,8.5837,168,12.1333,183,1.0000,1.000000,false,1.169,0.991861,0.473833
WideRect,60,30,60307,1800,593,0.329444,368,62.0573,36,6.0708,173,18.7222,227,0.9375,1.000000,false,1.514,0.875855,0.469863
WideRect,60,30,60308,1800,737,0.409444,469,63.6364,45,6.1058,168,13.3556,293,0.9375,1.000000,false,1.121,1.013513,0.462590
WideRect,60,30,60309,1800,875,0.486111,548,62.6286,83,9.4857,198,5.8256,89,1.0000,1.000000,false,1.145,1.147344,0.475018
WideRect,60,30,60310,1800,646,0.358889,423,65.4799,59,9.1331,180,11.8814,182,0.8750,1.000000,false,1.101,0.924632,0.469009
WideRect,60,30,60311,1800,529,0.293889,346,65.4064,36,6.8053,172,20.1667,222,0.9375,1.000000,false,1.374,0.828299,0.475053
WideRect,60,30,60312,1800,833,0.462778,545,65.4262,72,8.6435,186,8.7083,93,1.0000,1.000000,false,1.217,1.122943,0.476582
WideRect,60,30,60313,1800,863,0.479444,540,62.5724,67,7.7636,180,8.5224,94,1.0000,1.000000,false,1.133,1.136121,0.471688
WideRect,60,30,60314,1800,666,0.370000,414,62.1622,57,8.5586,175,13.1404,183,0.8750,1.000000,false,1.465,0.930044,0.474016
WideRect,60,30,60315,1800,785,0.436111,513,65.3503,60,7.6433,185,9.9500,159,1.0000,0.949153,false,2.032,1.070422,0.465897
WideRect,60,30,60316,1800,665,0.369444,437,65.7143,50,7.5188,178,12.1400,289,0.9375,1.000000,false,1.145,0.955696,0.457557
WideRect,60,30,60317,1800,788,0.437778,513,65.1015,71,9.0102,193,8.7397,157,1.0000,1.000000,false,1.485,1.079665,0.472934
WideRect,60,30,60318,1800,783,0.435000,495,63.2184,70,8.9400,177,8.1528,166,0.9375,1.000000,false,1.208,1.053758,0.467940
WideRect,60,30,60319,1800,592,0.328889,387,65.3716,44,7.4324,178,11.8444,254,0.8750,0.779661,false,1.146,0.841076,0.442785
WideRect,60,30,60320,1800,617,0.342778,378,61.2642,48,7.7796,170,13.8333,221,0.8750,1.000000,false,1.113,0.882231,0.462143
WideRect,60,30,60321,1800,564,0.313333,376,66.6667,42,7.4468,176,18.0889,295,0.9375,1.000000,false,1.402,0.865002,0.475058
WideRect,60,30,60322,1800,640,0.355556,424,66.2500,56,8.7500,177,10.1053,150,0.9375,1.000000,false,1.084,0.934496,0.453713
WideRect,60,30,60323,1800,667,0.370556,415,62.2189,56,8.3958,161,9.4737,173,0.8750,1.000000,false,1.174,0.931178,0.450949
WideRect,60,30,60324,1800,732,0.406667,477,65.1639,51,6.9672,187,11.5577,155,1.0000,1.000000,false,1.419,1.028082,0.459776
WideRect,60,30,60325,1800,618,0.343333,381,61.6505,45,7.2816,153,10.9565,139,0.9375,1.000000,false,1.134,0.897055,0.440377
WideRect,60,30,60326,1800,675,0.375000,439,65.0370,53,7.8519,184,13.0370,178,0.9375,1.000000,false,1.179,0.962271,0.467840
WideRect,60,30,60327,1800,641,0.356111,402,62.7145,53,8.2683,173,10.6792,116,0.8750,0.983051,false,1.129,0.906897,0.452445
WideRect,60,30,60328,1800,658,0.365556,439,66.7173,55,8.3587,174,10.4545,266,0.8750,1.000000,false,1.662,0.940617,0.454857
WideRect,60,30,60329,1800,913,0.507222,583,63.8554,76,8.3242,179,7.1184,129,1.0000,1.000000,false,1.151,1.188639,0.477354
WideRect,60,30,60330,1800,610,0.338889,399,65.4098,70,11.4754,194,10.6000,204,1.0000,0.881356,false,1.211,0.898165,0.478882
WideRect,60,30,60331,1800,717,0.398333,459,64.0167,64,8.9261,180,9.2424,192,1.0000,1.000000,false,1.132,1.009291,0.463222
WideRect,60,30,60332,1800,885,0.491667,554,62.5989,66,7.4576,171,8.5224,141,1.0000,1.000000,false,1.274,1.156300,0.472295
WideRect,60,30,60333,1800,653,0.362778,429,65.6968,52,7.9632,172,11.0962,122,0.9375,1.000000,false,1.134,0.944473,0.453851
WideRect,60,30,60334,1800,874,0.485556,572,65.4462,78,8.9245,176,7.2821,92,1.0000,1.000000,false,1.302,1.161092,0.477821
WideRect,60,30,60335,1800,719,0.399444,443,61.6134,61,8.4840,157,8.2742,100,1.0000,1.000000,false,1.478,1.000844,0.453430
WideRect,60,30,60336,1800,928,0.515556,603,64.9784,80,8.6207,178,5.8250,77,1.0000,1.000000,false,1.226,1.208621,0.475198
WideRect,60,30,60337,1800,679,0.377222,424,62.4448,53,7.8056,184,11.6111,133,0.9375,1.000000,false,1.128,0.955496,0.459642
WideRect,60,30,60338,1800,650,0.361111,434,66.7692,52,8.0000,187,11.0000,147,0.9375,1.000000,false,1.090,0.945833,0.453151
WideRect,60,30,60339,1800,570,0.316667,374,65.6140,42,7.3684,193,12.3864,256,0.7500,0.898305,false,1.133,0.814288,0.441672
WideRect,60,30,60340,1800,922,0.512222,568,61.6052,87,9.4360,171,6.5977,122,1.0000,1.000000,false,1.231,1.184557,0.486904
WideRect,60,30,60341,1800,705,0.391667,460,65.2482,57,8.0851,194,9.1552,239,1.0000,1.000000,false,1.195,1.003425,0.452298
WideRect,60,30,60342,1800,682,0.378889,420,61.5836,54,7.9179,180,11.0741,218,0.8750,1.000000,false,1.523,0.942231,0.458100
WideRect,60,30,60343,1800,752,0.417778,478,63.5638,71,9.4415,174,8.2361,350,0.8125,0.762712,false,1.211,0.966354,0.468280
WideRect,60,30,60344,1800,548,0.304444,331,60.4015,48,8.7591,169,17.6042,376,0.7500,1.000000,false,1.121,0.792101,0.482658
WideRect,60,30,60345,1800,690,0.383333,423,61.3043,59,8.5507,161,8.3833,61,1.0000,1.000000,false,1.063,0.973324,0.449907
WideRect,60,30,60346,1800,629,0.349444,398,63.2750,50,7.9491,191,10.5400,196,0.9375,0.983051,false,1.556,0.910555,0.446432
WideRect,60,30,60347,1800,667,0.370556,422,63.2684,56,8.3958,185,12.1053,165,1.0000,1.000000,false,1.098,0.960344,0.466456
WideRect,60,30,60348,1800,731,0.406111,475,64.9795,48,6.5663,157,11.1633,230,1.0000,0.864407,false,1.159,1.006014,0.453277
WideRect,60,30,60349,1800,493,0.273889,305,61.8661,42,8.5193,184,14.1395,220,0.9375,1.000000,false,1.462,0.784509,0.450677
WideRect,60,30,60350,1800,565,0.313889,366,64.7788,42,7.4336,163,14.2619,248,0.8750,1.000000,false,1.209,0.847088,0.452542
WideRect,60,30,60351,1800,558,0.310000,353,63.2616,56,10.0358,183,14.2414,232,1.0000,1.000000,false,1.104,0.860581,0.477277
WideRect,60,30,60352,1800,628,0.348889,397,63.2166,42,6.6879,170,12.5000,116,0.9375,1.000000,false,1.155,0.911963,0.445203
WideRect,60,30,60353,1800,512,0.284444,323,63.0859,50,9.7656,193,16.0962,236,0.9375,1.000000,false,1.419,0.805454,0.477837
WideRect,60,30,60354,1800,659,0.366111,435,66.0091,59,8.9530,180,11.9492,199,1.0000,1.000000,false,1.127,0.963775,0.469774
WideRect,60,30,60355,1800,540,0.300000,353,65.3704,43,7.9630,174,14.2326,199,0.9375,1.000000,false,1.137,0.838388,0.453496
WideRect,60,30,60356,1800,761,0.422778,491,64.5204,59,7.7530,163,10.4237,145,1.0000,1.000000,false,1.204,1.052031,0.465785
WideRect,60,30,60357,1800,680,0.377778,428,62.9412,53,7.7941,180,9.9057,235,1.0000,0.915254,false,1.633,0.958204,0.449644
WideRect,60,30,60358,1800,627,0.348333,390,62.2010,46,7.3365,187,12.8696,99,0.9375,1.000000,false,1.209,0.907258,0.453700
WideRect,60,30,60359,1800,780,0.433333,495,63.4615,61,7.8205,177,8.8387,219,0.8750,1.000000,false,1.226,1.039643,0.460288
WideRect,60,30,60360,1800,694,0.385556,454,65.4179,48,6.9164,180,12.4082,238,1.0000,0.864407,false,1.408,0.973591,0.457947
WideRect,60,30,60361,1800,616,0.342222,398,64.6104,47,7.6299,132,8.6170,86,1.0000,1.000000,false,1.201,0.918597,0.429742
WideRect,60,30,60362,1800,986,0.547778,638,64.7059,97,9.8377,175,5.3711,70,1.0000,1.000000,false,1.226,1.250000,0.494360
WideRect,60,30,60363,1800,653,0.362778,407,62.3277,64,9.8009,206,11.5692,309,0.9375,1.000000,false,1.288,0.931377,0.475015
WideRect,60,30,60364,1800,641,0.356111,415,64.7426,50,7.8003,182,11.9057,199,0.9375,1.000000,false,1.550,0.929678,0.454991
WideRect,60,30,60365,1800,850,0.472222,558,65.6471,69,8.1176,175,7.8857,139,1.0000,1.000000,false,1.323,1.139835,0.469310
WideRect,60,30,60366,1800,884,0.491111,569,64.3665,63,7.1267,180,8.3125,121,1.0000,1.000000,false,1.265,1.164690,0.467582
WideRect,60,30,60367,1800,759,0.421667,505,66.5349,71,9.3544,180,8.2113,259,1.0000,1.000000,false,1.445,1.059288,0.468429
WideRect,60,30,60368,1800,821,0.456111,542,66.0171,67,8.1608,190,7.1304,166,1.0000,1.000000,false,1.190,1.114696,0.460458
WideRect,60,30,60369,1800,725,0.402778,472,65.1034,48,6.6207,184,11.2200,207,0.9375,0.983051,false,1.229,1.006295,0.453155
WideRect,60,30,60370,1800,846,0.470000,513,60.6383,58,6.8558,160,8.2931,179,1.0000,1.000000,false,1.120,1.110896,0.458426
WideRect,60,30,60371,1800,533,0.296111,337,63.2270,40,7.5047,186,15.7561,224,0.9375,1.000000,false,1.421,0.825095,0.456724
WideRect,60,30,60372,1800,834,0.463333,524,62.8297,68,8.1535,174,7.2029,89,1.0000,1.000000,false,1.274,1.110982,0.462978
WideRect,60,30,60373,1800,590,0.327778,372,63.0508,55,9.3220,178,14.0000,290,1.0000,1.000000,false,1.132,0.889121,0.474049
WideRect,60,30,60374,1800,718,0.398889,428,59.6100,54,7.5209,177,11.5818,169,1.0000,1.000000,false,1.219,0.991377,0.463122
WideRect,60,30,60375,1800,921,0.511667,591,64.1694,83,9.0119,185,6.3614,69,1.0000,1.000000,false,1.271,1.197709,0.481105
WideRect,60,30,60376,1800,722,0.401111,464,64.2659,60,8.3102,168,9.8852,142,1.0000,1.000000,false,2.102,1.014960,0.461685
WideRect,60,30,60377,1800,783,0.435000,525,67.0498,58,7.4074,186,10.4483,114,1.0000,1.000000,false,1.427,1.084115,0.466141
WideRect,60,30,60378,1800,885,0.491667,542,61.2429,63,7.1186,173,8.3125,99,1.0000,1.000000,false,1.235,1.149158,0.467668
WideRect,60,30,60379,1800,700,0.388889,434,62.0000,57,8.1429,183,8.7241,260,1.0000,1.000000,false,1.170,0.985256,0.449503
WideRect,60,30,60380,1800,643,0.357222,393,61.1198,47,7.3095,186,15.1489,171,1.0000,1.000000,false,1.197,0.930159,0.469527
WideRect,60,30,60381,1800,599,0.332778,385,64.2738,69,11.5192,175,10.5143,287,0.9375,1.000000,false,1.475,0.889205,0.476981
WideRect,60,30,60382,1800,535,0.297222,349,65.2336,47,8.7850,190,17.1489,230,1.0000,1.000000,false,2.136,0.845815,0.478068
WideRect,60,30,60383,1800,688,0.382222,452,65.6977,64,9.3023,180,11.2813,175,1.0000,1.000000,false,2.421,0.989509,0.474165
WideRect,60,30,60384,1800,824,0.457778,549,66.6262,70,8.4951,180,8.6197,122,1.0000,1.000000,false,1.169,1.120478,0.473077
WideRect,60,30,60385,1800,530,0.294444,334,63.0189,51,9.6226,176,15.2500,295,0.8125,1.000000,false,1.081,0.796694,0.474421
WideRect,60,30,60386,1800,1047,0.581667,660,63.0372,93,8.8825,180,4.6882,69,1.0000,1.000000,false,1.219,1.250000,0.490951
WideRect,60,30,60387,1800,634,0.352222,425,67.0347,48,7.5710,169,11.6875,118,1.0000,1.000000,false,1.321,0.944361,0.450246
WideRect,60,30,60388,1800,708,0.393333,455,64.2655,59,8.3333,193,9.5500,131,1.0000,1.000000,false,1.156,1.002064,0.457607
WideRect,60,30,60389,1800,550,0.305556,341,62.0000,35,6.3636,178,14.3429,255,1.0000,1.000000,false,1.134,0.849130,0.439819
WideRect,60,30,60390,1800,615,0.341667,371,60.3252,43,6.9919,172,13.7045,334,0.8750,1.000000,false,1.373,0.876987,0.453174
WideRect,60,30,60391,1800,969,0.538333,616,63.5707,95,9.8039,185,5.8866,91,1.0000,1.000000,false,1.162,1.238436,0.494226
WideRect,60,30,60392,1800,514,0.285556,337,65.5642,43,8.3658,184,18.9535,287,0.8125,1.000000,false,1.942,0.789864,0.481009
WideRect,60,30,60393,1800,695,0.386111,412,59.2806,65,9.3525,179,11.4000,297,0.9375,1.000000,false,1.388,0.956969,0.476534
WideRect,60,30,60394,1800,670,0.372222,394,58.8060,54,8.0597,166,11.0556,299,0.8125,1.000000,false,1.165,0.907793,0.457409
WideRect,60,30,60395,1800,806,0.447778,520,64.5161,61,7.5682,178,8.0000,173,1.0000,1.000000,false,1.154,1.093524,0.457156
WideRect,60,30,60396,1800,622,0.345556,391,62.8617,48,7.7170,175,14.4082,151,0.8750,1.000000,false,1.113,0.892661,0.465738
WideRect,60,30,60397,1800,516,0.286667,310,60.0775,52,10.0775,183,15.0385,323,1.0000,0.847458,false,1.548,0.789489,0.475390
WideRect,60,30,60398,1800,849,0.471667,540,63.6042,72,8.4806,189,7.7397,90,1.0000,1.000000,false,1.144,1.128582,0.471912
WideRect,60,30,60399,1800,833,0.462778,533,63.9856,63,7.5630,169,9.6032,110,1.0000,1.000000,false,1.216,1.115800,0.471051
WideRect,60,30,60400,1800,612,0.340000,401,65.5229,50,8.1699,168,10.7200,123,0.8125,1.000000,false,1.578,0.880729,0.446868
WideRect,60,30,60401,1800,676,0.375556,432,63.9053,54,7.9882,185,10.4545,142,0.8750,1.000000,false,1.226,0.946143,0.454152
WideRect,60,30,60402,1800,759,0.421667,504,66.4032,63,8.3004,177,9.2540,144,1.0000,1.000000,false,1.107,1.058692,0.464033
WideRect,60,30,60403,1800,722,0.401111,466,64.5429,57,7.8947,182,12.0175,111,0.9375,1.000000,false,1.144,1.003650,0.470095
WideRect,60,30,60404,1800,693,0.385000,423,61.0390,72,10.3896,186,9.4054,247,1.0000,1.000000,false,1.453,0.974940,0.474818
WideRect,60,30,60405,1800,785,0.436111,480,61.1465,62,7.8981,182,9.2258,175,1.0000,1.000000,false,1.128,1.058407,0.464178
WideRect,60,30,60406,1800,728,0.404444,479,65.7967,59,8.1044,180,9.8500,185,0.8750,1.000000,false,1.226,1.002119,0.460419
WideRect,60,30,60407,1800,704,0.391111,467,66.3352,58,8.2386,188,9.3770,145,0.8750,1.000000,false,1.199,0.982053,0.454974
WideRect,60,30,60408,1800,622,0.345556,381,61.2540,53,8.5209,183,10.3889,184,0.9375,1.000000,false,1.183,0.899209,0.450093
WideRect,60,30,60409,1800,708,0.393333,455,64.2655,58,8.1921,183,11.3390,285,0.9375,0.830508,false,1.149,0.964140,0.466737
WideRect,60,30,60410,1800,706,0.392222,439,62.1813,53,7.5071,169,12.0943,227,0.8750,1.000000,false,1.187,0.966463,0.464004
WideRect,60,30,60411,1800,724,0.402222,446,61.6022,64,8.8398,183,10.4531,152,0.9375,1.000000,false,1.517,0.992822,0.470660
WideRect,60,30,60412,1800,528,0.293333,341,64.5833,51,9.6591,169,16.5686,270,0.8750,1.000000,false,1.056,0.811129,0.482222
WideRect,60,30,60413,1800,1000,0.555556,640,64.0000,89,8.9000,173,5.5604,65,1.0000,1.000000,false,1.242,1.250000,0.488432
WideRect,60,30,60414,1800,754,0.418889,493,65.3846,51,6.7639,185,11.0962,225,0.9375,0.966102,false,1.145,1.031868,0.458691
WideRect,60,30,60415,1800,820,0.455556,511,62.3171,78,9.5122,176,8.2821,142,1.0000,1.000000,false,1.197,1.095705,0.480591
WideRect,60,30,60416,1800,543,0.301667,346,63.7201,46,8.4715,196,16.8043,205,0.8750,1.000000,false,1.148,0.823337,0.474235
WideRect,60,30,60417,1800,803,0.446111,509,63.3873,65,8.0946,175,9.3030,159,1.0000,0.983051,false,1.163,1.082818,0.469598
WideRect,60,30,60418,1800,530,0.294444,326,61.5094,53,10.0000,180,14.1481,316,0.8750,1.000000,false,1.449,0.804432,0.471702
WideRect,60,30,60419,1800,832,0.462222,538,64.6635,64,7.6923,179,9.2615,90,1.0000,1.000000,false,1.149,1.118238,0.470164
WideRect,60,30,60420,1800,679,0.377222,448,65.9794,49,7.2165,179,13.1224,104,0.9375,1.000000,false,1.099,0.969782,0.462656
WideRect,60,30,60421,1800,775,0.430556,499,64.3871,69,8.9032,160,7.0725,71,1.0000,1.000000,false,1.115,1.064332,0.459874
WideRect,60,30,60422,1800,710,0.394444,459,64.6479,52,7.3239,192,12.4615,157,1.0000,1.000000,false,1.179,1.005522,0.465003
WideRect,60,30,60423,1800,805,0.447222,496,61.6149,69,8.5714,188,7.7826,166,1.0000,1.000000,false,1.149,1.078700,0.465740
WideRect,60,30,60424,1800,828,0.460000,530,64.0097,69,8.3333,170,7.7391,118,1.0000,1.000000,false,1.153,1.111322,0.466937
WideRect,60,30,60425,1800,727,0.403889,448,61.6231,73,10.0413,156,7.5616,176,0.9375,0.949153,false,1.368,0.988001,0.466137
WideRect,60,30,60426,1800,578,0.321111,371,64.1869,45,7.7855,190,14.9778,330,1.0000,1.000000,false,1.020,0.882064,0.462445
WideRect,60,30,60427,1800,661,0.367222,421,63.6914,47,7.1104,188,12.4681,203,1.0000,1.000000,false,1.106,0.956518,0.454740
WideRect,60,30,60428,1800,806,0.447778,512,63.5236,71,8.8089,178,8.5417,172,1.0000,1.000000,false,1.217,1.088762,0.472755
WideRect,60,30,60429,1800,690,0.383333,423,61.3043,66,9.5652,165,7.4776,107,1.0000,1.000000,false,2.335,0.973324,0.454714
WideRect,60,30,60430,1800,765,0.425000,488,63.7908,67,8.7582,181,8.5672,186,1.0000,1.000000,false,1.171,1.052399,0.465564
WideRect,60,30,60431,1800,714,0.396667,467,65.4062,63,8.8235,176,8.8095,122,1.0000,1.000000,false,1.266,1.012438,0.459146
WideRect,60,30,60432,1800,812,0.451111,511,62.9310,70,8.6207,181,7.8732,223,1.0000,0.881356,false,1.496,1.073601,0.467934
WideRect,60,30,60433,1800,877,0.487222,549,62.5998,72,8.2098,181,6.2603,87,1.0000,1.000000,false,1.217,1.149016,0.465154
WideRect,60,30,60434,1800,870,0.483333,560,64.3678,78,8.9655,178,7.3077,87,1.0000,0.983051,false,1.151,1.149252,0.477716
WideRect,60,30,60435,1800,592,0.328889,353,59.6284,38,6.4189,173,17.3947,175,1.0000,1.000000,false,1.082,0.878888,0.465355
WideRect,60,30,60436,1800,717,0.398333,449,62.6220,58,8.0893,173,8.7759,160,0.9375,0.813559,false,1.112,0.962873,0.452105
WideRect,60,30,60437,1800,564,0.313333,358,63.4752,56,9.9291,188,13.7143,210,0.9375,1.000000,false,1.078,0.854288,0.474103
WideRect,60,30,60438,1800,716,0.397778,447,62.4302,65,9.0782,181,9.7313,200,0.8750,1.000000,false,1.209,0.976610,0.467458
WideRect,60,30,60439,1800,689,0.382778,439,63.7155,49,7.1118,173,13.1837,179,1.0000,1.000000,false,1.418,0.982310,0.463636
WideRect,60,30,60440,1800,1054,0.585556,687,65.1803,89,8.4440,170,5.0889,93,1.0000,1.000000,false,1.285,1.250000,0.490093
WideRect,60,30,60441,1800,723,0.401667,446,61.6874,55,7.6072,171,11.2679,188,1.0000,1.000000,false,1.111,1.004784,0.462968
WideRect,60,30,60442,1800,597,0.331667,394,65.9966,52,8.7102,170,9.7500,198,0.8750,0.847458,false,1.450,0.858104,0.444055
WideRect,60,30,60443,1800,724,0.402222,470,64.9171,57,7.8729,182,10.3509,151,1.0000,1.000000,false,2.576,1.019608,0.460389
WideRect,60,30,60444,1800,628,0.348889,395,62.8981,48,7.6433,168,16.0417,202,1.0000,0.966102,false,1.464,0.918188,0.475626
WideRect,60,30,60445,1800,586,0.325556,372,63.4812,48,8.1911,149,9.9796,180,0.8750,1.000000,false,1.414,0.861967,0.438383
WideRect,60,30,60446,1800,864,0.480000,533,61.6898,68,7.8704,180,6.4706,73,1.0000,1.000000,false,1.163,1.132493,0.460832
WideRect,60,30,60447,1800,788,0.437778,522,66.2437,62,7.8680,184,9.3968,91,1.0000,1.000000,false,1.100,1.085022,0.465385
WideRect,60,30,60448,1800,563,0.312778,366,65.0089,48,8.5258,179,14.2400,170,0.7500,1.000000,false,1.097,0.821011,0.463001
WideRect,60,30,60449,1800,727,0.403889,470,64.6492,71,9.7662,185,9.3014,329,0.8750,1.000000,false,1.553,0.996223,0.473637
WideRect,60,30,60450,1800,615,0.341667,410,66.6667,48,7.8049,179,11.2449,201,0.8750,0.983051,false,2.034,0.897659,0.446810
WideRect,60,30,60451,1800,663,0.368333,414,62.4434,63,9.5023,178,11.0952,249,0.9375,1.000000,false,2.384,0.940929,0.470902
WideRect,60,30,60452,1800,748,0.415556,473,63.2353,64,8.5561,174,9.5692,165,1.0000,1.000000,false,1.139,1.034317,0.466615
WideRect,60,30,60453,1800,717,0.398333,456,63.5983,70,9.7629,184,9.3239,188,1.0000,1.000000,false,1.125,1.007505,0.472071
WideRect,60,30,60454,1800,544,0.302222,334,61.3971,50,9.1912,180,15.2200,369,0.7500,1.000000,false,1.061,0.791733,0.472263
WideRect,60,30,60455,1800,590,0.327778,379,64.2373,45,7.6271,177,14.9130,256,1.0000,1.000000,false,1.274,0.893288,0.462480
WideRect,60,30,60456,1800,577,0.320556,363,62.9116,44,7.6256,171,13.4667,190,0.9375,0.898305,false,1.149,0.849009,0.451776
WideRect,60,30,60457,1800,676,0.375556,425,62.8698,47,6.9527,179,10.9574,180,1.0000,1.000000,false,1.143,0.966976,0.446761
WideRect,60,30,60458,1800,759,0.421667,476,62.7141,84,11.0672,174,8.2738,207,1.0000,1.000000,false,1.186,1.042026,0.485926
WideRect,60,30,60459,1800,720,0.400000,463,64.3056,55,7.6389,179,11.8393,126,1.0000,1.000000,false,1.116,1.013288,0.466153
WideRect,60,30,60460,1800,713,0.396111,433,60.7293,57,7.9944,179,11.4737,101,1.0000,1.000000,false,1.094,0.991661,0.466387
WideRect,60,30,60461,1800,743,0.412778,469,63.1225,59,7.9408,184,11.1017,216,0.9375,1.000000,false,1.137,1.016744,0.468659
WideRect,60,30,60462,1800,848,0.471111,538,63.4434,91,10.7311,153,4.9130,179,0.8750,0.915254,false,1.425,1.089142,0.477595
WideRect,60,30,60463,1800,812,0.451111,534,65.7635,67,8.2512,184,9.1791,263,0.9375,0.949153,false,2.056,1.084961,0.471934
WideRect,60,30,60464,1800,647,0.359444,426,65.8423,36,5.5641,168,16.8611,137,1.0000,0.983051,false,1.123,0.949414,0.462830
WideRect,60,30,60465,1800,790,0.438889,508,64.3038,69,8.7342,175,9.3286,111,1.0000,1.000000,false,1.439,1.077766,0.473978
WideRect,60,30,60466,1800,585,0.325000,375,64.1026,48,8.2051,183,15.0833,200,0.9375,1.000000,false,1.075,0.875714,0.468431
WideRect,60,30,60467,1800,659,0.366111,440,66.7678,60,9.1047,159,7.5500,152,0.9375,1.000000,false,1.166,0.954251,0.445369
WideRect,60,30,60468,1800,724,0.402222,436,60.2210,68,9.3923,178,9.9853,166,1.0000,1.000000,false,1.117,0.999370,0.473428
WideRect,60,30,60469,1800,676,0.375556,428,63.3136,47,6.9527,170,13.3617,299,1.0000,1.000000,false,1.129,0.968762,0.460928
WideRect,60,30,60470,1800,735,0.408333,465,63.2653,69,9.3878,175,9.8261,305,0.8125,1.000000,false,1.139,0.985055,0.474278
WideRect,60,30,60471,1800,637,0.353889,387,60.7535,46,7.2214,167,13.8298,207,0.9375,1.000000,false,1.136,0.910857,0.459873
WideRect,60,30,60472,1800,696,0.386667,442,63.5057,63,9.0517,191,9.6250,179,0.8750,1.000000,false,1.380,0.962864,0.463233
WideRect,60,30,60473,1800,716,0.397778,472,65.9218,55,7.6816,173,10.1818,154,1.0000,1.000000,false,1.142,1.016491,0.456146
WideRect,60,30,60474,1800,767,0.426111,507,66.1017,60,7.8227,186,9.1803,154,1.0000,1.000000,false,1.233,1.064786,0.460156
WideRect,60,30,60475,1800,749,0.416111,473,63.1509,60,8.0107,174,10.3443,115,1.0000,1.000000,false,1.166,1.034855,0.465894
WideRect,60,30,60476,1800,910,0.505556,563,61.8681,78,8.5714,191,6.2564,58,1.0000,1.000000,false,1.454,1.175119,0.474247
WideRect,60,30,60477,1800,788,0.437778,492,62.4365,73,9.2640,178,9.0274,175,1.0000,1.000000,false,1.148,1.067165,0.477167
WideRect,60,30,60478,1800,1047,0.581667,676,64.5654,101,9.6466,180,4.6373,52,1.0000,1.000000,false,2.265,1.250000,0.498291
WideRect,60,30,60479,1800,942,0.523333,596,63.2696,80,8.4926,161,6.7875,109,1.0000,1.000000,false,1.188,1.211993,0.481921
WideRect,60,30,60480,1800,560,0.311111,346,61.7857,49,8.7500,181,11.8367,166,1.0000,0.847458,false,1.117,0.834609,0.450582
WideRect,60,30,60481,1800,897,0.498333,586,65.3289,66,7.3579,160,8.6765,82,1.0000,1.000000,false,1.144,1.181810,0.474205
WideRect,60,30,60482,1800,584,0.324444,344,58.9041,37,6.3356,173,16.9189,251,0.8750,1.000000,false,1.433,0.844223,0.460385
WideRect,60,30,60483,1800,689,0.382778,440,63.8607,61,8.8534,173,10.3548,185,0.9375,0.813559,false,1.136,0.942439,0.464384
WideRect,60,30,60484,1800,658,0.365556,422,64.1337,70,10.6383,180,10.9437,316,1.0000,1.000000,false,1.178,0.955498,0.480536
WideRect,60,30,60485,1800,625,0.347222,419,67.0400,65,10.4000,179,12.3231,330,0.9375,1.000000,false,1.134,0.923443,0.480781
WideRect,60,30,60486,1800,600,0.333333,381,63.5000,45,7.5000,150,14.5778,200,0.9375,0.847458,false,1.125,0.864481,0.460900
WideRect,60,30,60487,1800,817,0.453889,512,62.6683,68,8.3231,187,8.0290,158,1.0000,1.000000,false,1.220,1.094685,0.466709
WideRect,60,30,60488,1800,637,0.353889,419,65.7771,43,6.7504,184,14.5581,181,0.9375,0.847458,false,1.170,0.907023,0.459455
WideRect,60,30,60489,1800,928,0.515556,625,67.3491,72,7.7586,166,7.2466,72,1.0000,1.000000,false,2.146,1.221716,0.474954
WideRect,60,30,60490,1800,531,0.295000,331,62.3352,51,9.6045,177,14.5769,244,0.8750,0.915254,false,1.149,0.795235,0.470441
WideRect,60,30,60491,1800,650,0.361111,417,64.1538,68,10.4615,186,10.2500,253,1.0000,1.000000,false,1.255,0.948214,0.473347
WideRect,60,30,60492,1800,654,0.363333,435,66.5138,50,7.6453,177,11.3585,197,0.8750,1.000000,false,1.174,0.936082,0.452383
WideRect,60,30,60493,1800,744,0.413333,460,61.8280,56,7.5269,187,10.1607,120,1.0000,1.000000,false,1.636,1.024425,0.459141
WideRect,60,30,60494,1800,907,0.503889,585,64.4983,81,8.9305,184,6.2469,69,1.0000,1.000000,false,1.177,1.186599,0.477282
WideRect,60,30,60495,1800,836,0.464444,534,63.8756,62,7.4163,179,9.0161,105,1.0000,1.000000,false,1.231,1.118011,0.466624
WideRect,60,30,60496,1800,613,0.340556,405,66.0685,52,8.4829,156,9.9038,182,1.0000,0.949153,false,1.484,0.913521,0.445354
WideRect,60,30,60497,1800,842,0.467778,540,64.1330,79,9.3824,176,7.4125,134,1.0000,1.000000,false,1.248,1.124813,0.477836
WideRect,60,30,60498,1800,868,0.482222,540,62.2120,68,7.8341,184,7.2609,104,0.9375,1.000000,false,1.201,1.126313,0.465793
WideRect,60,30,60499,1800,1024,0.568889,640,62.5000,89,8.6914,182,5.2000,75,1.0000,1.000000,false,1.274,1.250000,0.488222
TallRect,30,60,60000,1800,687,0.381667,452,65.7933,64,9.3159,179,9.4697,209,0.9375,1.000000,false,1.619,0.976471,0.463459
TallRect,30,60,60001,1800,600,0.333333,360,60.0000,49,8.1667,178,11.7959,211,0.8750,0.813559,false,1.171,0.834397,0.451175
TallRect,30,60,60002,1800,545,0.302778,342,62.7523,46,8.4404,183,17.6383,409,1.0000,1.000000,false,1.152,0.847033,0.479172
TallRect,30,60,60003,1800,594,0.330000,369,62.1212,45,7.5758,194,12.4783,216,1.0000,1.000000,false,1.525,0.889489,0.448286
TallRect,30,60,60004,1800,929,0.516111,600,64.5856,87,9.3649,180,6.2500,94,1.0000,1.000000,false,1.206,1.207374,0.485311
TallRect,30,60,60005,1800,597,0.331667,380,63.6516,67,11.2228,190,12.4853,428,0.8750,1.000000,false,1.085,0.872652,0.485298
TallRect,30,60,60006,1800,731,0.406111,457,62.5171,59,8.0711,178,11.2034,125,0.9375,0.983051,false,1.251,1.000597,0.468561
TallRect,30,60,60007,1800,520,0.288889,345,66.3462,40,7.6923,190,17.1500,395,0.8125,1.000000,false,1.337,0.797857,0.464647
TallRect,30,60,60008,1800,754,0.418889,497,65.9151,56,7.4271,178,11.4464,147,1.0000,1.000000,false,1.465,1.051833,0.467386
TallRect,30,60,60009,1800,625,0.347222,390,62.4000,56,8.9600,181,12.1964,203,0.9375,1.000000,false,1.226,0.906181,0.465635
TallRect,30,60,60010,1800,684,0.380000,418,61.1111,70,10.2339,175,10.0429,296,0.9375,1.000000,false,1.242,0.954617,0.475517
TallRect,30,60,60011,1800,539,0.299444,341,63.2653,45,8.3488,183,13.6222,231,0.9375,0.796610,false,1.137,0.800198,0.453591
TallRect,30,60,60012,1800,720,0.400000,455,63.1944,59,8.1944,181,10.5333,174,1.0000,0.898305,false,1.280,0.993271,0.464013
TallRect,30,60,60013,1800,661,0.367222,433,65.5068,56,8.4720,195,11.6250,236,0.9375,0.796610,false,1.218,0.920653,0.463388
TallRect,30,60,60014,1800,854,0.474444,559,65.4567,68,7.9625,184,8.4348,103,1.0000,1.000000,false,1.509,1.142584,0.471661
TallRect,30,60,60015,1800,806,0.447778,500,62.0347,67,8.3127,177,7.8806,149,1.0000,1.000000,false,1.207,1.081619,0.463897
TallRect,30,60,60016,1800,612,0.340000,389,63.5621,46,7.5163,182,15.6957,139,0.9375,1.000000,false,1.141,0.898586,0.469651
TallRect,30,60,60017,1800,766,0.425556,488,63.7076,78,10.1828,198,7.5385,137,0.9375,1.000000,false,1.203,1.040438,0.473915
TallRect,30,60,60018,1800,807,0.448333,505,62.5774,72,8.9219,193,7.6712,146,1.0000,0.966102,false,1.237,1.080049,0.468923
TallRect,30,60,60019,1800,645,0.358333,411,63.7209,64,9.9225,188,11.3594,251,0.9375,1.000000,false,1.167,0.929451,0.473661
TallRect,30,60,60020,1800,609,0.338333,392,64.3678,42,6.8966,191,17.3333,180,1.0000,1.000000,false,1.118,0.911256,0.472603
TallRect,30,60,60021,1800,726,0.403333,471,64.8760,63,8.6777,188,9.0781,127,0.8750,1.000000,false,1.515,0.996280,0.461270
TallRect,30,60,60022,1800,742,0.412222,471,63.4771,56,7.5472,166,9.0000,162,1.0000,1.000000,false,1.139,1.029896,0.452171
TallRect,30,60,60023,1800,693,0.385000,459,66.2338,77,11.1111,179,8.9231,281,1.0000,1.000000,false,1.155,0.996368,0.479191
TallRect,30,60,60024,1800,574,0.318889,362,63.0662,42,7.3171,180,17.2273,211,0.8750,1.000000,false,1.151,0.849553,0.470350
TallRect,30,60,60025,1800,594,0.330000,379,63.8047,43,7.2391,177,13.2727,150,1.0000,0.966102,false,1.480,0.890357,0.449601
TallRect,30,60,60026,1800,800,0.444444,508,63.5000,58,7.2500,187,9.6034,114,1.0000,1.000000,false,1.214,1.083150,0.462422
TallRect,30,60,60027,1800,912,0.506667,570,62.5000,76,8.3333,182,6.5132,132,1.0000,1.000000,false,1.187,1.180363,0.473712
TallRect,30,60,60028,1800,815,0.452778,542,66.5031,74,9.0798,195,7.2895,161,1.0000,1.000000,false,1.533,1.111465,0.469585
TallRect,30,60,60029,1800,645,0.358333,415,64.3411,50,7.7519,179,11.1373,117,1.0000,1.000000,false,2.072,0.944332,0.450646
TallRect,30,60,60030,1800,792,0.440000,499,63.0051,61,7.7020,167,8.6721,247,1.0000,1.000000,false,1.205,1.073485,0.460121
TallRect,30,60,60031,1800,592,0.328889,384,64.8649,43,7.2635,181,13.9318,195,0.8750,1.000000,false,1.417,0.872341,0.453396
TallRect,30,60,60032,1800,665,0.369444,430,64.6617,59,8.8722,185,11.0508,168,0.9375,1.000000,false,1.232,0.951529,0.464673
TallRect,30,60,60033,1800,790,0.438889,523,66.2025,65,8.2278,196,8.6515,83,1.0000,1.000000,false,1.134,1.086694,0.464925
TallRect,30,60,60034,1800,742,0.412222,469,63.2075,54,7.2776,181,12.4074,157,1.0000,0.966102,false,1.183,1.023620,0.469554
TallRect,30,60,60035,1800,710,0.394444,436,61.4085,55,7.7465,179,12.1273,153,1.0000,1.000000,false,1.369,0.991832,0.467259
TallRect,30,60,60036,1800,679,0.377222,417,61.4138,46,6.7747,177,13.7391,174,0.9375,1.000000,false,1.142,0.951330,0.461872
TallRect,30,60,60037,1800,737,0.409444,447,60.6513,63,8.5482,194,9.7231,117,1.0000,1.000000,false,1.129,1.012918,0.465609
TallRect,30,60,60038,1800,545,0.302778,329,60.3670,43,7.8899,184,13.9535,186,0.9375,1.000000,false,1.386,0.826795,0.451954
TallRect,30,60,60039,1800,796,0.442222,520,65.3266,70,8.7940,183,9.7857,115,1.0000,1.000000,false,1.206,1.088139,0.478269
TallRect,30,60,60040,1800,844,0.468889,553,65.5213,72,8.5308,180,7.4110,106,0.9375,1.000000,false,1.196,1.121128,0.469644
TallRect,30,60,60041,1800,798,0.443333,517,64.7870,58,7.2682,188,9.4138,167,1.0000,0.966102,false,1.466,1.082346,0.461153
TallRect,30,60,60042,1800,853,0.473889,544,63.7749,73,8.5580,173,6.9041,115,1.0000,1.000000,false,1.429,1.133117,0.468430
TallRect,30,60,60043,1800,838,0.465556,521,62.1718,70,8.3532,196,7.4722,124,1.0000,1.000000,false,1.211,1.111350,0.467229
TallRect,30,60,60044,1800,839,0.466111,540,64.3623,69,8.2241,176,8.9710,146,0.9375,1.000000,false,1.128,1.110698,0.474936
TallRect,30,60,60045,1800,645,0.358333,423,65.5814,49,7.5969,172,13.1200,209,0.8750,1.000000,false,1.130,0.924093,0.460779
TallRect,30,60,60046,1800,670,0.372222,430,64.1791,47,7.0149,185,10.3333,141,0.8750,0.966102,false,1.091,0.936637,0.442706
TallRect,30,60,60047,1800,563,0.312778,352,62.5222,48,8.5258,179,16.0612,204,0.9375,1.000000,false,1.056,0.850178,0.473733
TallRect,30,60,60048,1800,683,0.379444,403,59.0044,40,5.8565,159,15.6500,143,0.9375,0.949153,false,1.139,0.937523,0.464617
TallRect,30,60,60049,1800,832,0.462222,538,64.6635,62,7.4519,190,8.5873,118,1.0000,1.000000,false,1.543,1.118238,0.463787
TallRect,30,60,60050,1800,664,0.368889,435,65.5120,59,8.8855,166,11.7213,221,1.0000,1.000000,false,1.171,0.966467,0.468591
TallRect,30,60,60051,1800,680,0.377778,429,63.0882,59,8.6765,164,9.9661,126,1.0000,1.000000,false,1.074,0.971511,0.458824
TallRect,30,60,60052,1800,742,0.412222,465,62.6685,69,9.2992,173,8.3857,247,0.9375,0.898305,false,1.165,0.998570,0.466072
TallRect,30,60,60053,1800,554,0.307778,351,63.3574,53,9.5668,194,14.0370,272,1.0000,1.000000,false,1.088,0.857236,0.470715
TallRect,30,60,60054,1800,539,0.299444,354,65.6772,36,6.6790,179,17.4722,160,0.8750,0.932203,false,1.102,0.815776,0.459580
TallRect,30,60,60055,1800,758,0.421111,480,63.3245,57,7.5198,161,8.8167,115,0.9375,1.000000,false,1.135,1.031368,0.453484
TallRect,30,60,60056,1800,663,0.368333,397,59.8793,45,6.7873,182,11.5778,261,1.0000,1.000000,false,1.489,0.943310,0.446596
TallRect,30,60,60057,1800,634,0.352222,411,64.8265,47,7.4132,154,12.3617,154,1.0000,1.000000,false,1.126,0.936027,0.452641
TallRect,30,60,60058,1800,581,0.322778,366,62.9948,65,11.1876,187,12.2615,413,0.8125,1.000000,false,1.076,0.843203,0.480961
TallRect,30,60,60059,1800,918,0.510000,592,64.4880,75,8.1699,188,7.2133,85,1.0000,1.000000,false,1.191,1.196689,0.477204
TallRect,30,60,60060,1800,742,0.412222,482,64.9596,51,6.8733,180,12.2941,202,1.0000,1.000000,false,1.419,1.036443,0.464844
TallRect,30,60,60061,1800,671,0.372778,436,64.9776,51,7.6006,171,12.5849,121,1.0000,1.000000,false,1.103,0.970832,0.461997
TallRect,30,60,60062,1800,627,0.348333,417,66.5072,57,9.0909,153,6.8246,161,0.8750,1.000000,false,1.100,0.910830,0.435623
TallRect,30,60,60063,1800,896,0.497778,553,61.7188,75,8.3705,173,6.6974,86,1.0000,1.000000,false,1.649,1.161628,0.472503
TallRect,30,60,60064,1800,585,0.325000,379,64.7863,45,7.6923,197,15.0444,177,1.0000,1.000000,false,1.171,0.890595,0.463073
TallRect,30,60,60065,1800,789,0.438333,495,62.7376,50,6.3371,172,10.9600,186,1.0000,1.000000,false,2.051,1.069489,0.459454
TallRect,30,60,60066,1800,687,0.381667,440,64.0466,65,9.4614,172,10.5846,318,0.8125,1.000000,false,1.571,0.944328,0.471485
TallRect,30,60,60067,1800,815,0.452778,508,62.3313,77,9.4479,197,8.4231,144,0.9375,1.000000,false,1.223,1.078727,0.479945
TallRect,30,60,60068,1800,644,0.357778,430,66.7702,49,7.6087,187,13.1961,226,1.0000,0.881356,false,1.236,0.934925,0.461179
TallRect,30,60,60069,1800,975,0.541667,606,62.1538,85,8.7179,169,5.6512,55,0.9375,1.000000,false,1.174,1.223214,0.482979
TallRect,30,60,60070,1800,650,0.361111,436,67.0769,47,7.2308,176,13.4375,219,0.9375,1.000000,false,1.458,0.947024,0.459822
TallRect,30,60,60071,1800,841,0.467222,507,60.2854,68,8.0856,181,7.4638,107,1.0000,1.000000,false,1.324,1.104632,0.465003
TallRect,30,60,60072,1800,641,0.356111,407,63.4945,54,8.4243,168,10.0370,205,0.9375,0.915254,false,1.176,0.912204,0.450221
TallRect,30,60,60073,1800,844,0.468889,513,60.7820,63,7.4645,177,8.0781,98,1.0000,0.932203,false,1.190,1.099649,0.462912
TallRect,30,60,60074,1800,795,0.441667,494,62.1384,61,7.6730,187,9.2131,81,1.0000,1.000000,false,1.267,1.072125,0.463518
TallRect,30,60,60075,1800,654,0.363333,436,66.6667,62,9.4801,185,12.4032,300,0.9375,1.000000,false,1.223,0.949178,0.476888
TallRect,30,60,60076,1800,746,0.414444,464,62.1984,67,8.9812,193,9.1493,179,0.9375,1.000000,false,1.212,1.015383,0.468058
TallRect,30,60,60077,1800,812,0.451111,490,60.3448,83,10.2217,174,7.6867,223,0.9375,1.000000,false,1.649,1.066397,0.482845
TallRect,30,60,60078,1800,539,0.299444,362,67.1614,49,9.0909,191,13.2041,182,0.8750,1.000000,false,1.085,0.830707,0.458548
TallRect,30,60,60079,1800,714,0.396667,455,63.7255,64,8.9636,152,7.2969,84,1.0000,1.000000,false,1.190,1.005295,0.451633
TallRect,30,60,60080,1800,794,0.441111,515,64.8615,65,8.1864,170,7.4776,109,1.0000,1.000000,false,1.150,1.084086,0.458260
TallRect,30,60,60081,1800,884,0.491111,558,63.1222,64,7.2398,176,8.9846,96,1.0000,1.000000,false,1.297,1.158143,0.472674
TallRect,30,60,60082,1800,644,0.357778,392,60.8696,48,7.4534,181,13.8235,158,1.0000,1.000000,false,1.140,0.930103,0.463323
TallRect,30,60,60083,1800,759,0.421667,480,63.2411,65,8.5639,183,9.8485,187,1.0000,1.000000,false,1.286,1.044407,0.470172
TallRect,30,60,60084,1800,809,0.449444,524,64.7713,66,8.1582,178,7.8696,124,1.0000,1.000000,false,1.491,1.097520,0.462787
TallRect,30,60,60085,1800,612,0.340000,376,61.4379,65,10.6209,196,11.4769,314,0.8125,1.000000,false,1.191,0.865848,0.475838
TallRect,30,60,60086,1800,880,0.488889,529,60.1136,75,8.5227,179,6.9333,99,1.0000,1.000000,false,1.269,1.138727,0.472749
TallRect,30,60,60087,1800,667,0.370556,431,64.6177,68,10.1949,190,11.2941,219,0.9375,1.000000,false,1.251,0.953201,0.479667
TallRect,30,60,60088,1800,575,0.319444,355,61.7391,53,9.2174,168,12.6981,241,0.9375,1.000000,false,1.574,0.858425,0.462832
TallRect,30,60,60089,1800,844,0.468889,535,63.3886,72,8.5308,175,7.7083,154,0.9375,1.000000,false,1.281,1.110414,0.471397
TallRect,30,60,60090,1800,620,0.344444,400,64.5161,45,7.2581,179,15.3478,307,0.8750,1.000000,false,1.144,0.896941,0.466352
TallRect,30,60,60091,1800,768,0.426667,489,63.6719,77,10.0260,177,9.0641,282,1.0000,1.000000,false,1.527,1.054610,0.481671
TallRect,30,60,60092,1800,710,0.394444,437,61.5493,55,7.7465,169,9.5965,113,1.0000,0.949153,false,1.229,0.984800,0.452346
TallRect,30,60,60093,1800,602,0.334444,379,62.9568,61,10.1329,163,8.5902,147,0.9375,1.000000,false,1.095,0.887249,0.452280
TallRect,30,60,60094,1800,646,0.358889,409,63.3127,54,8.3591,185,12.9259,190,0.8750,1.000000,false,1.179,0.916299,0.467425
TallRect,30,60,60095,1800,783,0.435000,514,65.6450,65,8.3014,186,8.1846,195,0.8750,1.000000,false,1.572,1.052568,0.461742
TallRect,30,60,60096,1800,727,0.403889,474,65.1994,69,9.4911,191,9.3099,152,0.9375,0.949153,false,2.137,1.003477,0.470936
TallRect,30,60,60097,1800,660,0.366667,432,65.4545,49,7.4242,186,12.3000,192,0.7500,0.745763,false,1.153,0.874392,0.456721
TallRect,30,60,60098,1800,633,0.351667,387,61.1374,61,9.6367,169,8.2581,58,0.9375,1.000000,false,1.416,0.908703,0.450528
TallRect,30,60,60099,1800,667,0.370556,417,62.5187,64,9.5952,184,11.5156,201,0.9375,1.000000,false,1.183,0.944868,0.474975
TallRect,30,60,60100,1800,983,0.546111,643,65.4120,88,8.9522,192,4.7889,69,1.0000,1.000000,false,1.210,1.250000,0.481574
TallRect,30,60,60101,1800,939,0.521667,593,63.1523,76,8.0937,174,6.4675,140,1.0000,1.000000,false,1.248,1.208592,0.475547
TallRect,30,60,60102,1800,635,0.352778,401,63.1496,46,7.2441,189,15.6957,200,1.0000,1.000000,false,1.136,0.930614,0.470762
TallRect,30,60,60103,1800,667,0.370556,431,64.6177,55,8.2459,170,10.5273,206,0.8750,1.000000,false,1.256,0.940701,0.455658
TallRect,30,60,60104,1800,709,0.393889,441,62.2003,62,8.7447,182,9.4063,249,1.0000,1.000000,false,1.076,0.994269,0.461041
TallRect,30,60,60105,1800,641,0.356111,402,62.7145,53,8.2683,173,13.7547,144,1.0000,1.000000,false,1.504,0.934440,0.470567
TallRect,30,60,60106,1800,632,0.351111,417,65.9810,60,9.4937,187,11.8033,277,0.8125,1.000000,false,1.208,0.901022,0.469822
TallRect,30,60,60107,1800,740,0.411111,459,62.0270,65,8.7838,183,10.2923,166,1.0000,1.000000,false,1.221,1.021676,0.471819
TallRect,30,60,60108,1800,650,0.361111,426,65.5385,38,5.8462,164,18.1538,276,1.0000,1.000000,false,1.183,0.953571,0.473767
TallRect,30,60,60109,1800,884,0.491111,572,64.7059,76,8.5973,181,7.4615,108,1.0000,1.000000,false,1.223,1.166476,0.477274
TallRect,30,60,60110,1800,806,0.447778,523,64.8883,61,7.5682,178,8.9672,83,1.0000,1.000000,false,1.164,1.095310,0.462856
TallRect,30,60,60111,1800,652,0.362222,424,65.0307,49,7.5153,186,10.7200,160,0.9375,0.966102,false,1.253,0.935873,0.446988
TallRect,30,60,60112,1800,834,0.463333,540,64.7482,51,6.1151,173,10.3077,93,1.0000,0.983051,false,2.011,1.117963,0.460890
TallRect,30,60,60113,1800,771,0.428333,461,59.7925,74,9.5979,181,7.5811,120,0.9375,1.000000,false,1.522,1.027059,0.469151
TallRect,30,60,60114,1800,614,0.341111,380,61.8893,48,7.8176,196,15.3125,217,1.0000,1.000000,false,1.458,0.906806,0.470739
TallRect,30,60,60115,1800,802,0.445556,511,63.7157,68,8.4788,174,7.9565,80,1.0000,1.000000,false,2.640,1.086013,0.465339
TallRect,30,60,60116,1800,588,0.326667,379,64.4558,53,9.0136,181,10.3889,229,0.9375,1.000000,false,1.114,0.879711,0.449353
TallRect,30,60,60117,1800,591,0.328333,396,67.0051,45,7.6142,171,12.1304,287,0.8125,0.949153,false,1.347,0.858818,0.446121
TallRect,30,60,60118,1800,694,0.385556,437,62.9683,55,7.9251,171,10.9643,310,0.9375,1.000000,false,1.067,0.971311,0.459525
TallRect,30,60,60119,1800,672,0.373333,434,64.5833,71,10.5655,186,9.6620,353,0.8750,1.000000,false,1.218,0.945179,0.474588
TallRect,30,60,60120,1800,514,0.285556,338,65.7588,47,9.1440,168,13.6809,226,1.0000,0.949153,false,1.058,0.820333,0.457722
TallRect,30,60,60121,1800,697,0.387222,423,60.6887,54,7.7475,179,11.5185,185,1.0000,0.881356,false,1.180,0.959297,0.461515
TallRect,30,60,60122,1800,612,0.340000,399,65.1961,42,6.8627,178,13.7857,182,1.0000,1.000000,false,2.527,0.917038,0.451861
TallRect,30,60,60123,1800,492,0.273333,304,61.7886,59,11.9919,183,8.6721,147,0.9375,1.000000,false,1.114,0.783375,0.453020
TallRect,30,60,60124,1800,673,0.373889,436,64.7845,63,9.3611,182,10.3651,142,0.9375,1.000000,false,1.141,0.959408,0.466854
TallRect,30,60,60125,1800,711,0.395000,450,63.2911,90,12.6582,189,5.6304,273,0.8750,1.000000,false,1.573,0.975703,0.478260
TallRect,30,60,60126,1800,753,0.418333,488,64.8074,56,7.4369,173,10.3509,125,1.0000,1.000000,false,1.159,1.045938,0.460862
TallRect,30,60,60127,1800,709,0.393889,451,63.6107,45,6.3470,178,12.9787,281,0.9375,0.881356,false,1.140,0.969925,0.458114
TallRect,30,60,60128,1800,856,0.475556,548,64.0187,74,8.6449,175,8.1467,129,1.0000,0.949153,false,1.219,1.129486,0.477120
TallRect,30,60,60129,1800,623,0.346111,396,63.5634,47,7.5441,176,15.7234,205,0.9375,1.000000,false,1.478,0.908676,0.471926
TallRect,30,60,60130,1800,573,0.318333,354,61.7801,56,9.7731,177,13.6607,329,0.8750,1.000000,false,1.184,0.844253,0.473728
TallRect,30,60,60131,1800,771,0.428333,491,63.6835,70,9.0791,177,8.0857,127,1.0000,1.000000,false,1.164,1.057416,0.466937
TallRect,30,60,60132,1800,603,0.335000,401,66.5008,36,5.9701,174,17.0833,161,1.0000,1.000000,false,1.422,0.913383,0.460866
TallRect,30,60,60133,1800,839,0.466111,512,61.0250,71,8.4625,171,7.4932,184,0.8750,1.000000,false,1.176,1.081531,0.468612
TallRect,30,60,60134,1800,937,0.520556,587,62.6467,71,7.5774,165,7.6056,68,1.0000,1.000000,false,1.225,1.203943,0.476757
TallRect,30,60,60135,1800,753,0.418333,517,68.6587,61,8.1009,179,9.5902,137,1.0000,1.000000,false,1.115,1.063200,0.463020
TallRect,30,60,60136,1800,598,0.332222,371,62.0401,69,11.5385,189,11.1884,340,0.8750,1.000000,false,1.611,0.867833,0.480980
TallRect,30,60,60137,1800,597,0.331667,378,63.3166,59,9.8827,181,12.3559,295,1.0000,1.000000,false,1.122,0.896462,0.471135
TallRect,30,60,60138,1800,671,0.372778,415,61.8480,52,7.7496,187,12.5385,180,0.9375,1.000000,false,1.107,0.945832,0.463213
TallRect,30,60,60139,1800,866,0.481111,566,65.3580,68,7.8522,180,8.1159,101,1.0000,1.000000,false,1.270,1.153212,0.470679
TallRect,30,60,60140,1800,871,0.483889,544,62.4569,63,7.2331,176,8.5231,97,1.0000,1.000000,false,1.252,1.142810,0.467720
TallRect,30,60,60141,1800,629,0.349444,392,62.3211,57,9.0620,181,13.0351,173,0.9375,1.000000,false,1.364,0.909526,0.472263
TallRect,30,60,60142,1800,650,0.361111,418,64.3077,52,8.0000,183,11.9623,199,0.9375,1.000000,false,1.159,0.936310,0.458822
TallRect,30,60,60143,1800,521,0.289444,304,58.3493,44,8.4453,178,18.3636,256,0.9375,0.898305,false,1.535,0.783737,0.479495
TallRect,30,60,60144,1800,824,0.457778,531,64.4417,79,9.5874,193,5.3750,166,1.0000,0.864407,false,1.170,1.089425,0.464880
TallRect,30,60,60145,1800,863,0.479444,543,62.9200,73,8.4589,186,6.7237,72,1.0000,1.000000,false,1.251,1.137907,0.468042
TallRect,30,60,60146,1800,927,0.515000,614,66.2352,70,7.5512,184,7.7042,51,1.0000,1.000000,false,1.195,1.214630,0.475410
TallRect,30,60,60147,1800,658,0.365556,413,62.7660,66,10.0304,177,10.6765,273,1.0000,1.000000,false,1.206,0.950141,0.472882
TallRect,30,60,60148,1800,693,0.385000,463,66.8110,55,7.9365,149,7.8727,87,1.0000,1.000000,false,1.095,0.998749,0.441256
TallRect,30,60,60149,1800,909,0.505000,582,64.0264,82,9.0209,186,6.4878,97,1.0000,1.000000,false,1.291,1.185890,0.479939
TallRect,30,60,60150,1800,887,0.492778,567,63.9233,77,8.6809,182,6.8442,102,1.0000,1.000000,false,1.557,1.165115,0.474972
TallRect,30,60,60151,1800,793,0.440556,518,65.3216,73,9.2055,184,7.5479,117,1.0000,1.000000,false,1.173,1.085333,0.468699
TallRect,30,60,60152,1800,753,0.418333,478,63.4794,66,8.7649,180,7.8358,174,0.9375,1.000000,false,1.221,1.027485,0.459322
TallRect,30,60,60153,1800,690,0.383333,426,61.7391,59,8.5507,180,11.3667,173,0.8750,1.000000,false,1.154,0.950110,0.467486
TallRect,30,60,60154,1800,711,0.395000,449,63.1505,53,7.4543,174,12.1509,191,0.9375,0.966102,false,1.184,0.982523,0.464643
TallRect,30,60,60155,1800,569,0.316111,382,67.1353,61,10.7206,191,12.6774,309,0.8750,1.000000,false,1.160,0.858766,0.476741
TallRect,30,60,60156,1800,751,0.417222,505,67.2437,70,9.3209,176,7.3143,72,1.0000,1.000000,false,1.142,1.054980,0.461476
TallRect,30,60,60157,1800,806,0.447778,526,65.2605,59,7.3201,177,9.4426,169,1.0000,0.932203,false,1.467,1.086926,0.463176
TallRect,30,60,60158,1800,591,0.328333,391,66.1591,44,7.4450,180,14.1364,193,0.9375,1.000000,false,1.243,0.888469,0.456249
TallRect,30,60,60159,1800,695,0.386111,459,66.0432,51,7.3381,174,11.4808,219,0.8750,1.000000,false,2.361,0.972445,0.456866
TallRect,30,60,60160,1800,724,0.402222,451,62.2928,62,8.5635,177,8.5781,213,0.8750,1.000000,false,1.490,0.983299,0.456849
TallRect,30,60,60161,1800,743,0.412778,477,64.1992,53,7.1332,185,10.4000,175,0.9375,1.000000,false,1.172,1.021505,0.456448
TallRect,30,60,60162,1800,879,0.488333,561,63.8225,74,8.4187,185,6.8816,102,1.0000,1.000000,false,1.183,1.157236,0.471237
TallRect,30,60,60163,1800,769,0.427222,471,61.2484,73,9.4928,187,8.1918,168,0.8750,1.000000,false,1.183,1.019434,0.471366
TallRect,30,60,60164,1800,675,0.375000,431,63.8519,57,8.4444,163,9.2203,178,1.0000,0.881356,false,1.136,0.952213,0.451276
TallRect,30,60,60165,1800,794,0.441111,509,64.1058,65,8.1864,173,6.3077,88,1.0000,1.000000,false,1.189,1.080515,0.451366
TallRect,30,60,60166,1800,500,0.277778,317,63.4000,39,7.8000,182,14.2821,266,0.9375,1.000000,false,1.120,0.795421,0.445491
TallRect,30,60,60167,1800,630,0.350000,408,64.7619,58,9.2063,180,13.3966,245,0.9375,1.000000,false,1.468,0.919588,0.476003
TallRect,30,60,60168,1800,797,0.442778,481,60.3513,65,8.1556,173,9.9692,87,1.0000,1.000000,false,3.072,1.065463,0.473133
TallRect,30,60,60169,1800,878,0.487778,556,63.3257,69,7.8588,170,8.1449,119,1.0000,1.000000,false,1.187,1.153722,0.472915
TallRect,30,60,60170,1800,813,0.451667,521,64.0836,69,8.4871,189,7.7571,137,1.0000,1.000000,false,1.252,1.097888,0.466080
TallRect,30,60,60171,1800,627,0.348333,383,61.0845,57,9.0909,178,13.1930,315,0.9375,1.000000,false,1.201,0.903092,0.473149
TallRect,30,60,60172,1800,594,0.330000,374,62.9630,49,8.2492,144,9.4082,68,0.9375,1.000000,false,1.068,0.879965,0.436930
TallRect,30,60,60173,1800,823,0.457222,527,64.0340,62,7.5334,180,7.7619,85,1.0000,1.000000,false,1.565,1.106844,0.458238
TallRect,30,60,60174,1800,709,0.393889,448,63.1876,59,8.3216,185,11.7797,232,1.0000,1.000000,false,1.164,0.998436,0.470795
TallRect,30,60,60175,1800,775,0.430556,494,63.7419,66,8.5161,181,10.0606,170,1.0000,1.000000,false,2.245,1.061355,0.473611
TallRect,30,60,60176,1800,854,0.474444,531,62.1780,77,9.0164,190,7.2597,199,1.0000,0.949153,false,1.627,1.118290,0.475276
TallRect,30,60,60177,1800,874,0.485556,572,65.4462,71,8.1236,175,7.0556,93,1.0000,1.000000,false,1.224,1.161092,0.468478
TallRect,30,60,60178,1800,842,0.467778,568,67.4584,62,7.3634,151,10.1111,97,1.0000,1.000000,false,1.166,1.141480,0.473548
TallRect,30,60,60179,1800,795,0.441667,526,66.1635,79,9.9371,185,8.6250,117,1.0000,1.000000,false,1.229,1.091172,0.482694
TallRect,30,60,60180,1800,533,0.296111,348,65.2908,42,7.8799,180,19.6512,271,0.8125,0.949153,false,1.512,0.799016,0.483428
TallRect,30,60,60181,1800,822,0.456667,503,61.1922,65,7.9075,169,8.3636,165,0.9375,1.000000,false,1.228,1.079520,0.465359
TallRect,30,60,60182,1800,676,0.375556,415,61.3905,48,7.1006,163,12.3542,189,0.9375,1.000000,false,1.171,0.948524,0.456470
TallRect,30,60,60183,1800,796,0.442222,518,65.0754,70,8.7940,181,9.1714,139,1.0000,1.000000,false,2.419,1.086949,0.474650
TallRect,30,60,60184,1800,727,0.403889,444,61.0729,55,7.5653,174,10.0000,149,1.0000,1.000000,false,1.082,1.005747,0.455746
TallRect,30,60,60185,1800,856,0.475556,550,64.2523,77,8.9953,177,7.8101,100,1.0000,1.000000,false,1.260,1.138304,0.478642
TallRect,30,60,60186,1800,695,0.386111,422,60.7194,65,9.3525,175,10.9394,273,0.9375,1.000000,false,1.507,0.962921,0.473820
TallRect,30,60,60187,1800,813,0.451667,528,64.9446,69,8.4871,169,8.1549,164,1.0000,1.000000,false,1.819,1.102055,0.468424
TallRect,30,60,60188,1800,867,0.481667,543,62.6298,75,8.6505,166,7.8133,99,1.0000,1.000000,false,1.243,1.140060,0.477046
TallRect,30,60,60189,1800,650,0.361111,409,62.9231,47,7.2308,182,12.8085,127,1.0000,1.000000,false,1.324,0.943452,0.456116
TallRect,30,60,60190,1800,650,0.361111,415,63.8462,61,9.3846,165,12.5246,314,0.9375,1.000000,false,1.504,0.934524,0.475981
TallRect,30,60,60191,1800,557,0.309444,365,65.5296,35,6.2837,190,17.9714,152,0.8750,1.000000,false,1.196,0.842185,0.461568
TallRect,30,60,60192,1800,775,0.430556,481,62.0645,58,7.4839,184,9.1356,128,1.0000,1.000000,false,1.194,1.053617,0.457837
TallRect,30,60,60193,1800,557,0.309444,354,63.5548,44,7.8995,184,14.1591,217,0.9375,0.864407,false,1.602,0.827798,0.455261
TallRect,30,60,60194,1800,588,0.326667,382,64.9660,50,8.5034,178,11.1400,215,1.0000,1.000000,false,1.129,0.893996,0.448677
TallRect,30,60,60195,1800,762,0.423333,464,60.8924,62,8.1365,178,10.6719,179,0.8750,1.000000,false,1.229,1.011498,0.471249
TallRect,30,60,60196,1800,862,0.478889,533,61.8329,71,8.2367,182,7.1972,172,1.0000,0.932203,false,2.483,1.121246,0.468443
TallRect,30,60,60197,1800,587,0.326111,385,65.5877,60,10.2215,192,11.2667,262,0.8750,1.000000,false,2.124,0.870244,0.466437
TallRect,30,60,60198,1800,864,0.480000,565,65.3935,65,7.5231,187,8.1364,103,1.0000,1.000000,false,1.206,1.151540,0.467175
TallRect,30,60,60199,1800,831,0.461667,544,65.4633,83,9.9880,187,7.4706,214,0.8750,1.000000,false,1.594,1.096271,0.482401
TallRect,30,60,60200,1800,777,0.431667,486,62.5483,67,8.6229,173,8.5075,127,1.0000,0.966102,false,1.178,1.052586,0.465860
TallRect,30,60,60201,1800,689,0.382778,436,63.2801,54,7.8374,206,11.5818,168,1.0000,0.932203,false,1.221,0.970354,0.461454
TallRect,30,60,60202,1800,773,0.429444,500,64.6831,66,8.5382,181,8.2571,250,0.9375,1.000000,false,1.211,1.051350,0.462871
TallRect,30,60,60203,1800,699,0.388333,431,61.6595,56,8.0114,179,12.7143,134,0.9375,1.000000,false,2.159,0.970432,0.471534
TallRect,30,60,60204,1800,674,0.374444,444,65.8754,54,8.0119,187,11.1111,168,0.9375,1.000000,false,1.188,0.964709,0.457925
TallRect,30,60,60205,1800,758,0.421111,492,64.9077,55,7.2559,172,9.2143,167,0.9375,1.000000,false,1.208,1.038511,0.453188
TallRect,30,60,60206,1800,815,0.452778,539,66.1350,69,8.4663,175,8.2464,175,1.0000,0.864407,false,1.209,1.089341,0.469088
TallRect,30,60,60207,1800,933,0.518333,606,64.9518,82,8.7889,186,5.9518,109,1.0000,1.000000,false,1.282,1.213099,0.478460
TallRect,30,60,60208,1800,801,0.445000,498,62.1723,65,8.1149,163,8.5385,184,1.0000,1.000000,false,1.184,1.077736,0.464962
TallRect,30,60,60209,1800,690,0.383333,427,61.8841,62,8.9855,190,9.9839,154,0.8750,0.983051,false,1.787,0.948163,0.463686
TallRect,30,60,60210,1800,682,0.378889,426,62.4633,59,8.6510,185,11.9836,240,0.9375,1.000000,false,1.195,0.958302,0.470791
TallRect,30,60,60211,1800,616,0.342222,402,65.2597,44,7.1429,177,15.9091,234,0.8750,0.932203,false,1.226,0.885809,0.467840
TallRect,30,60,60212,1800,839,0.466111,495,58.9988,69,8.2241,169,8.6087,136,1.0000,1.000000,false,1.220,1.096412,0.472801
TallRect,30,60,60213,1800,592,0.328889,359,60.6419,61,10.3041,182,11.4516,249,0.8125,1.000000,false,1.254,0.844960,0.469186
TallRect,30,60,60214,1800,645,0.358333,423,65.5814,54,8.3721,150,8.5357,135,0.9375,1.000000,false,1.113,0.936593,0.441518
TallRect,30,60,60215,1800,512,0.284444,326,63.6719,34,6.6406,171,18.6857,259,0.8750,1.000000,false,1.050,0.794740,0.461846
TallRect,30,60,60216,1800,915,0.508333,611,66.7760,79,8.6339,173,7.6203,115,1.0000,1.000000,false,1.513,1.206383,0.483742
TallRect,30,60,60217,1800,772,0.428889,472,61.1399,67,8.6788,167,10.1159,196,1.0000,1.000000,false,1.186,1.046645,0.475063
TallRect,30,60,60218,1800,541,0.300556,340,62.8466,45,8.3179,167,17.7778,396,0.8125,1.000000,false,1.123,0.806189,0.478103
TallRect,30,60,60219,1800,725,0.402778,451,62.2069,52,7.1724,167,10.3962,185,0.9375,1.000000,false,1.152,0.996337,0.453818
TallRect,30,60,60220,1800,944,0.524444,590,62.5000,68,7.2034,176,7.6618,126,1.0000,1.000000,false,1.712,1.209498,0.474515
TallRect,30,60,60221,1800,640,0.355556,403,62.9687,59,9.2188,174,13.2000,295,1.0000,0.932203,false,1.176,0.924327,0.476636
TallRect,30,60,60222,1800,541,0.300556,342,63.2163,43,7.9482,174,12.2791,129,1.0000,1.000000,false,1.204,0.844879,0.442004
TallRect,30,60,60223,1800,693,0.385000,438,63.2035,63,9.0909,188,9.5238,141,1.0000,1.000000,false,1.141,0.983868,0.462529
TallRect,30,60,60224,1800,745,0.413889,468,62.8188,58,7.7852,181,9.6552,173,1.0000,1.000000,false,1.262,1.029725,0.458913
TallRect,30,60,60225,1800,610,0.338889,392,64.2623,40,6.5574,171,14.5250,213,0.9375,1.000000,false,1.101,0.899295,0.452830
TallRect,30,60,60226,1800,735,0.408333,466,63.4014,73,9.9320,178,9.2105,224,1.0000,1.000000,false,1.154,1.023150,0.476093
TallRect,30,60,60227,1800,532,0.295556,337,63.3459,39,7.3308,167,14.5000,289,0.8125,1.000000,false,1.688,0.799557,0.447417
TallRect,30,60,60228,1800,799,0.443889,495,61.9524,72,9.0113,165,8.8611,171,1.0000,1.000000,false,1.171,1.074874,0.475494
TallRect,30,60,60229,1800,585,0.325000,364,62.2222,45,7.6923,178,13.8043,212,0.9375,1.000000,false,1.219,0.869167,0.455766
TallRect,30,60,60230,1800,622,0.345556,410,65.9164,43,6.9132,171,15.7442,188,1.0000,0.983051,false,1.138,0.926428,0.465572
TallRect,30,60,60231,1800,544,0.302222,359,65.9926,65,11.9485,187,11.0308,298,0.8750,1.000000,false,1.533,0.831614,0.475151
TallRect,30,60,60232,1800,756,0.420000,496,65.6085,62,8.2011,193,9.3281,135,1.0000,1.000000,false,1.210,1.052315,0.462977
TallRect,30,60,60233,1800,566,0.314444,366,64.6643,43,7.5972,180,17.8837,197,0.9375,1.000000,false,1.190,0.860126,0.475686
TallRect,30,60,60234,1800,553,0.307222,351,63.4720,59,10.6691,145,7.3115,159,0.9375,0.915254,false,1.387,0.831486,0.441941
TallRect,30,60,60235,1800,558,0.310000,367,65.7706,45,8.0645,179,16.1111,188,0.9375,1.000000,false,1.127,0.856414,0.468581
TallRect,30,60,60236,1800,941,0.522778,630,66.9501,85,9.0329,193,5.9412,89,1.0000,1.000000,false,1.247,1.231692,0.482171
TallRect,30,60,60237,1800,584,0.324444,383,65.5822,39,6.6781,191,15.4103,342,0.8125,0.898305,false,1.088,0.839683,0.454920
TallRect,30,60,60238,1800,546,0.303333,344,63.0037,42,7.6923,174,17.1667,165,0.9375,0.966102,false,1.490,0.831177,0.469079
TallRect,30,60,60239,1800,838,0.465556,542,64.6778,67,7.9952,177,8.2794,117,1.0000,1.000000,false,1.160,1.123850,0.468406
TallRect,30,60,60240,1800,855,0.475000,537,62.8070,89,10.4094,194,6.9111,201,0.9375,1.000000,false,1.269,1.117527,0.487318
TallRect,30,60,60241,1800,838,0.465556,567,67.6611,74,8.8305,181,7.1892,152,1.0000,1.000000,false,1.176,1.138731,0.470335
TallRect,30,60,60242,1800,745,0.413889,476,63.8926,77,10.3356,180,7.4675,311,0.8125,1.000000,false,1.177,0.996987,0.471525
TallRect,30,60,60243,1800,769,0.427222,511,66.4499,59,7.6723,173,9.6949,208,1.0000,0.847458,false,1.195,1.045362,0.462018
TallRect,30,60,60244,1800,729,0.405000,466,63.9232,48,6.5844,175,12.5918,127,1.0000,1.000000,false,1.139,1.019919,0.461542
TallRect,30,60,60245,1800,721,0.400556,455,63.1068,52,7.2122,177,11.5962,207,0.9375,1.000000,false,1.456,0.996564,0.460620
TallRect,30,60,60246,1800,816,0.453333,540,66.1765,72,8.8235,187,7.5811,95,1.0000,1.000000,false,1.144,1.110813,0.468907
TallRect,30,60,60247,1800,808,0.448889,521,64.4802,74,9.1584,203,7.1216,232,0.9375,1.000000,false,2.117,1.082696,0.468215
TallRect,30,60,60248,1800,998,0.554444,658,65.9319,79,7.9158,180,6.2658,61,1.0000,1.000000,false,1.661,1.250000,0.482413
TallRect,30,60,60249,1800,650,0.361111,402,61.8462,66,10.1538,178,10.3433,293,0.7500,1.000000,false,1.134,0.889286,0.470820
TallRect,30,60,60250,1800,570,0.316667,362,63.5088,41,7.1930,171,17.7381,251,0.8125,1.000000,false,1.094,0.834899,0.471453
TallRect,30,60,60251,1800,572,0.317778,358,62.5874,47,8.2168,171,13.8511,183,0.9375,1.000000,false,1.130,0.858595,0.459119
TallRect,30,60,60252,1800,761,0.422778,475,62.4179,55,7.2273,192,9.5000,157,1.0000,1.000000,false,1.168,1.042507,0.455086
TallRect,30,60,60253,1800,533,0.296111,336,63.0394,47,8.8180,177,16.3878,344,0.8125,1.000000,false,1.141,0.799500,0.473579
TallRect,30,60,60254,1800,666,0.370000,421,63.2132,51,7.6577,175,13.3846,190,0.9375,1.000000,false,1.099,0.946711,0.466446
TallRect,30,60,60255,1800,599,0.332778,363,60.6010,46,7.6795,173,14.0000,174,0.9375,1.000000,false,1.363,0.876110,0.459124
TallRect,30,60,60256,1800,730,0.405556,447,61.2329,61,8.3562,167,9.0820,102,1.0000,1.000000,false,1.110,1.009148,0.458744
TallRect,30,60,60257,1800,539,0.299444,336,62.3377,31,5.7514,185,20.6129,336,0.9375,1.000000,false,1.017,0.827731,0.468810
TallRect,30,60,60258,1800,804,0.446667,516,64.1791,79,9.8259,178,5.6750,92,1.0000,1.000000,false,2.368,1.090066,0.465699
TallRect,30,60,60259,1800,599,0.332778,371,61.9366,37,6.1770,181,16.0000,222,0.9375,1.000000,false,1.125,0.880872,0.455884
TallRect,30,60,60260,1800,784,0.435556,503,64.1582,58,7.3980,176,9.1864,129,0.9375,1.000000,false,1.113,1.059059,0.458778
TallRect,30,60,60261,1800,538,0.298889,356,66.1710,49,9.1078,169,16.2600,296,0.8125,1.000000,false,1.073,0.814097,0.476558
TallRect,30,60,60262,1800,708,0.393333,451,63.7006,57,8.0508,178,10.9825,102,1.0000,1.000000,false,1.217,0.999683,0.463223
TallRect,30,60,60263,1800,792,0.440000,485,61.2374,69,8.7121,173,9.3571,212,0.9375,1.000000,false,1.125,1.052652,0.474259
TallRect,30,60,60264,1800,577,0.320556,375,64.9913,50,8.6655,177,12.9804,244,0.8125,1.000000,false,1.119,0.846407,0.459309
TallRect,30,60,60265,1800,680,0.377778,442,65.0000,50,7.3529,188,12.0200,244,0.8750,1.000000,false,1.476,0.954249,0.457691
TallRect,30,60,60266,1800,698,0.387778,437,62.6074,62,8.8825,178,10.2813,184,1.0000,1.000000,false,1.111,0.985965,0.465741
TallRect,30,60,60267,1800,592,0.328889,395,66.7230,46,7.7703,176,16.0000,166,0.9375,1.000000,false,1.076,0.891388,0.470650
TallRect,30,60,60268,1800,666,0.370000,431,64.7147,56,8.4084,167,12.5357,332,0.8750,1.000000,false,1.120,0.940163,0.468951
TallRect,30,60,60269,1800,640,0.355556,390,60.9375,64,10.0000,195,11.5846,331,0.9375,1.000000,false,1.187,0.914258,0.474930
TallRect,30,60,60270,1800,789,0.438333,499,63.2446,74,9.3790,162,5.8108,117,1.0000,1.000000,false,1.161,1.071870,0.459530
TallRect,30,60,60271,1800,616,0.342222,403,65.4221,56,9.0909,188,13.2807,285,0.8750,1.000000,false,1.170,0.896573,0.471833
TallRect,30,60,60272,1800,609,0.338333,360,59.1133,54,8.8670,165,14.1111,288,0.8125,1.000000,false,1.443,0.854709,0.473320
TallRect,30,60,60273,1800,658,0.365556,419,63.6778,54,8.2067,175,11.0182,134,0.9375,1.000000,false,1.127,0.941212,0.456659
TallRect,30,60,60274,1800,597,0.331667,373,62.4791,40,6.7002,166,14.3250,205,0.8125,1.000000,false,1.151,0.855985,0.450913
TallRect,30,60,60275,1800,672,0.373333,444,66.0714,58,8.6310,176,9.8448,249,0.9375,1.000000,false,1.159,0.963632,0.456321
TallRect,30,60,60276,1800,713,0.396111,468,65.6381,71,9.9579,157,5.7671,89,0.8750,1.000000,false,1.554,0.987495,0.452396
TallRect,30,60,60277,1800,642,0.356667,411,64.0187,52,8.0997,178,10.6923,230,0.8125,1.000000,false,1.197,0.902835,0.451002
TallRect,30,60,60278,1800,807,0.448333,499,61.8340,75,9.2937,180,7.1600,101,1.0000,1.000000,false,2.260,1.081562,0.469628
TallRect,30,60,60279,1800,701,0.389444,465,66.3338,58,8.2739,176,9.8983,158,0.8750,1.000000,false,1.475,0.979247,0.457899
TallRect,30,60,60280,1800,771,0.428333,490,63.5538,76,9.8573,176,6.4684,112,1.0000,1.000000,false,1.144,1.056821,0.465188
TallRect,30,60,60281,1800,633,0.351667,394,62.2433,47,7.4250,185,12.9792,230,1.0000,1.000000,false,1.113,0.925370,0.456230
TallRect,30,60,60282,1800,707,0.392778,437,61.8105,61,8.6280,181,9.1967,174,1.0000,0.966102,false,2.595,0.985727,0.458306
TallRect,30,60,60283,1800,663,0.368333,451,68.0241,59,8.8989,172,10.5424,197,0.8750,1.000000,false,1.153,0.950452,0.461611
TallRect,30,60,60284,1800,815,0.452778,522,64.0491,69,8.4663,183,8.7536,109,1.0000,1.000000,false,1.201,1.099560,0.472077
TallRect,30,60,60285,1800,759,0.421667,482,63.5046,63,8.3004,192,8.8095,177,1.0000,1.000000,false,1.595,1.045597,0.461415
TallRect,30,60,60286,1800,878,0.487778,553,62.9841,68,7.7449,174,6.7571,56,1.0000,1.000000,false,1.274,1.151936,0.463599
TallRect,30,60,60287,1800,714,0.396667,465,65.1261,60,8.4034,177,10.9667,264,0.9375,0.830508,false,1.171,0.973324,0.467655
TallRect,30,60,60288,1800,715,0.397222,477,66.7133,53,7.4126,188,10.8182,163,0.9375,1.000000,false,1.239,1.006429,0.457039
TallRect,30,60,60289,1800,891,0.495000,580,65.0954,82,9.2031,187,5.6506,82,1.0000,1.000000,false,1.546,1.175007,0.473828
TallRect,30,60,60290,1800,777,0.431667,493,63.4492,51,6.5637,165,10.8039,116,1.0000,1.000000,false,1.229,1.061837,0.458800
TallRect,30,60,60291,1800,632,0.351111,399,63.1329,54,8.5443,182,11.9630,244,0.9375,1.000000,false,1.155,0.915308,0.461269
TallRect,30,60,60292,1800,526,0.292222,329,62.5475,44,8.3650,161,12.6222,211,0.8125,1.000000,false,1.143,0.791564,0.445694
TallRect,30,60,60293,1800,753,0.418333,495,65.7371,57,7.5697,174,11.9825,158,1.0000,1.000000,false,1.166,1.050104,0.471805
TallRect,30,60,60294,1800,537,0.298333,353,65.7356,44,8.1937,169,17.4667,247,0.8750,1.000000,false,1.131,0.824273,0.474360
TallRect,30,60,60295,1800,697,0.387222,452,64.8494,62,8.8953,198,9.6032,228,1.0000,1.000000,false,1.143,0.994355,0.461707
TallRect,30,60,60296,1800,658,0.365556,404,61.3982,46,6.9909,181,13.8936,203,1.0000,1.000000,false,1.411,0.944784,0.461444
TallRect,30,60,60297,1800,693,0.385000,461,66.5224,61,8.8023,198,11.0328,168,0.9375,0.932203,false,1.128,0.974889,0.468534
TallRect,30,60,60298,1800,628,0.348889,408,64.9682,53,8.4395,180,10.5556,170,1.0000,1.000000,false,1.408,0.931011,0.451261
TallRect,30,60,60299,1800,676,0.375556,435,64.3491,54,7.9882,178,13.1296,267,0.8750,1.000000,false,1.201,0.947929,0.469915
TallRect,30,60,60300,1800,628,0.348889,393,62.5796,53,8.4395,181,13.1887,150,1.0000,1.000000,false,1.160,0.922082,0.466777
TallRect,30,60,60301,1800,878,0.487778,575,65.4897,74,8.4282,180,6.6104,126,0.9375,1.000000,false,3.252,1.152531,0.469568
TallRect,30,60,60302,1800,580,0.322222,364,62.7586,43,7.4138,174,13.7209,270,1.0000,1.000000,false,1.545,0.878974,0.451656
TallRect,30,60,60303,1800,778,0.432222,496,63.7532,76,9.7686,192,8.0263,122,0.9375,1.000000,false,1.213,1.051661,0.474649
TallRect,30,60,60304,1800,509,0.282778,316,62.0825,41,8.0550,186,17.7619,456,0.9375,1.000000,false,1.207,0.799672,0.470046
TallRect,30,60,60305,1800,642,0.356667,407,63.3956,48,7.4766,171,12.6042,202,1.0000,1.000000,false,1.190,0.937954,0.456037
TallRect,30,60,60306,1800,577,0.320556,357,61.8718,46,7.9723,155,9.6667,103,0.8750,0.983051,false,1.178,0.845650,0.432851
TallRect,30,60,60307,1800,629,0.349444,396,62.9571,45,7.1542,187,13.1087,138,1.0000,1.000000,false,1.151,0.924407,0.453619
TallRect,30,60,60308,1800,747,0.415000,482,64.5248,56,7.4967,187,10.8246,122,1.0000,1.000000,false,1.180,1.039136,0.463251
TallRect,30,60,60309,1800,644,0.357778,413,64.1304,47,7.2981,190,13.7500,111,1.0000,1.000000,false,1.539,0.942603,0.461337
TallRect,30,60,60310,1800,685,0.380556,445,64.9635,49,7.1533,185,11.8000,330,0.8125,0.813559,false,1.177,0.918261,0.455232
TallRect,30,60,60311,1800,601,0.333889,390,64.8918,58,9.6506,186,13.4576,234,1.0000,1.000000,false,1.216,0.905758,0.475972
TallRect,30,60,60312,1800,752,0.417778,493,65.5585,56,7.4468,171,10.4821,160,0.9375,1.000000,false,1.397,1.035875,0.461568
TallRect,30,60,60313,1800,767,0.426111,482,62.8422,84,10.9518,184,8.4286,201,0.9375,1.000000,false,1.869,1.037405,0.487017
TallRect,30,60,60314,1800,690,0.383333,447,64.7826,54,7.8261,187,10.6182,188,1.0000,1.000000,false,1.207,0.987610,0.455829
TallRect,30,60,60315,1800,683,0.379444,417,61.0542,49,7.1742,180,11.3265,220,0.9375,1.000000,false,1.293,0.953484,0.452318
TallRect,30,60,60316,1800,705,0.391667,449,63.6879,61,8.6525,178,11.0164,156,0.9375,1.000000,false,1.672,0.984377,0.468940
TallRect,30,60,60317,1800,772,0.428889,500,64.7668,50,6.4767,177,12.3600,190,1.0000,1.000000,false,1.241,1.063311,0.466266
TallRect,30,60,60318,1800,629,0.349444,407,64.7059,43,6.8362,168,14.1087,304,0.9375,1.000000,false,1.202,0.918454,0.456332
TallRect,30,60,60319,1800,909,0.505000,587,64.5765,70,7.7008,170,7.0704,135,1.0000,1.000000,false,1.299,1.188866,0.470171
TallRect,30,60,60320,1800,720,0.400000,461,64.0278,46,6.3889,170,11.7234,166,1.0000,1.000000,false,1.735,1.012097,0.452970
TallRect,30,60,60321,1800,814,0.452222,490,60.1966,59,7.2482,189,9.7167,120,1.0000,1.000000,false,1.275,1.079974,0.465404
TallRect,30,60,60322,1800,832,0.462222,529,63.5817,67,8.0529,178,8.3768,183,0.9375,1.000000,false,1.202,1.100381,0.468556
TallRect,30,60,60323,1800,670,0.372222,416,62.0896,66,9.8507,185,11.2985,303,1.0000,1.000000,false,1.656,0.958388,0.476751
TallRect,30,60,60324,1800,760,0.422222,495,65.1316,58,7.6316,151,9.5574,114,1.0000,1.000000,false,1.206,1.053874,0.459300
TallRect,30,60,60325,1800,670,0.372222,400,59.7015,50,7.4627,174,13.3200,170,1.0000,0.983051,false,1.205,0.946322,0.464782
TallRect,30,60,60326,1800,692,0.384444,428,61.8497,64,9.2486,182,11.2923,291,1.0000,1.000000,false,1.281,0.977377,0.474359
TallRect,30,60,60327,1800,708,0.393333,440,62.1469,73,10.3107,176,6.1370,204,0.8125,0.932203,false,1.554,0.945466,0.457270
TallRect,30,60,60328,1800,684,0.380000,429,62.7193,59,8.6257,181,10.5323,137,0.9375,0.949153,false,1.174,0.953538,0.462319
TallRect,30,60,60329,1800,896,0.497778,570,63.6161,78,8.7054,181,5.8765,83,1.0000,1.000000,false,1.222,1.171747,0.471015
TallRect,30,60,60330,1800,807,0.448333,499,61.8340,69,8.5502,182,8.0282,230,0.9375,1.000000,false,1.236,1.069062,0.467308
TallRect,30,60,60331,1800,798,0.443333,523,65.5388,73,9.1479,185,7.1781,136,1.0000,1.000000,false,2.204,1.091002,0.466776
TallRect,30,60,60332,1800,860,0.477778,525,61.0465,79,9.1860,180,6.8519,102,0.9375,1.000000,false,1.198,1.113077,0.475569
TallRect,30,60,60333,1800,732,0.406667,483,65.9836,68,9.2896,178,10.5588,274,0.9375,1.000000,false,1.604,1.019154,0.477115
TallRect,30,60,60334,1800,609,0.338333,373,61.2479,47,7.7176,168,16.2500,321,0.7500,1.000000,false,1.163,0.849947,0.474430
TallRect,30,60,60335,1800,672,0.373333,389,57.8869,69,10.2679,187,9.0282,196,1.0000,1.000000,false,1.221,0.943394,0.467878
TallRect,30,60,60336,1800,907,0.503889,567,62.5138,80,8.8203,184,7.0000,92,0.9375,1.000000,false,1.271,1.163385,0.480617
TallRect,30,60,60337,1800,645,0.358333,428,66.3566,58,8.9922,188,11.8983,220,0.9375,1.000000,false,1.511,0.939570,0.467534
TallRect,30,60,60338,1800,540,0.300000,352,65.1852,47,8.7037,174,10.7660,251,0.7500,1.000000,false,1.143,0.800293,0.440476
TallRect,30,60,60339,1800,691,0.383889,430,62.2287,56,8.1042,197,10.0702,211,0.9375,1.000000,false,1.164,0.965529,0.455548
TallRect,30,60,60340,1800,868,0.482222,545,62.7880,78,8.9862,173,6.6962,135,1.0000,0.932203,false,1.313,1.131620,0.473986
TallRect,30,60,60341,1800,698,0.387778,456,65.3295,66,9.4556,189,8.6087,146,1.0000,1.000000,false,1.212,0.997275,0.461616
TallRect,30,60,60342,1800,711,0.395000,445,62.5879,55,7.7356,174,11.1429,168,0.9375,1.000000,false,1.231,0.985227,0.461516
TallRect,30,60,60343,1800,752,0.417778,487,64.7606,58,7.7128,184,9.0169,296,0.9375,1.000000,false,1.196,1.032304,0.455594
TallRect,30,60,60344,1800,676,0.375556,443,65.5325,60,8.8757,179,12.2131,210,0.9375,1.000000,false,1.712,0.965190,0.473391
TallRect,30,60,60345,1800,870,0.483333,535,61.4943,60,6.8966,168,9.1000,64,1.0000,1.000000,false,1.185,1.136914,0.467588
TallRect,30,60,60346,1800,746,0.414444,476,63.8070,57,7.6408,177,11.0175,188,0.9375,1.000000,false,1.219,1.022526,0.465662
TallRect,30,60,60347,1800,771,0.428333,495,64.2023,54,7.0039,166,11.9074,126,1.0000,1.000000,false,1.230,1.059797,0.468704
TallRect,30,60,60348,1800,867,0.481667,561,64.7059,69,7.9585,185,7.4143,103,1.0000,1.000000,false,1.206,1.150775,0.467774
TallRect,30,60,60349,1800,755,0.419444,487,64.5033,56,7.4172,174,9.6842,108,1.0000,1.000000,false,1.216,1.046419,0.457070
TallRect,30,60,60350,1800,694,0.385556,441,63.5447,67,9.6542,186,10.3913,224,0.9375,1.000000,false,1.107,0.973692,0.473440
TallRect,30,60,60351,1800,713,0.396111,446,62.5526,65,9.1164,183,9.6154,143,0.8750,1.000000,false,1.569,0.974399,0.466657
TallRect,30,60,60352,1800,747,0.415000,487,65.1941,66,8.8353,174,9.6912,161,1.0000,1.000000,false,1.171,1.042112,0.469959
TallRect,30,60,60353,1800,837,0.465000,519,62.0072,64,7.6464,179,9.2813,79,1.0000,1.000000,false,1.336,1.109621,0.470654
TallRect,30,60,60354,1800,619,0.343889,371,59.9354,44,7.1082,188,14.2889,169,0.8750,0.932203,false,1.150,0.868972,0.458447
TallRect,30,60,60355,1800,629,0.349444,385,61.2083,50,7.9491,181,11.5800,88,1.0000,1.000000,false,1.199,0.917859,0.452560
TallRect,30,60,60356,1800,908,0.504444,594,65.4185,73,8.0396,172,6.6622,154,0.9375,1.000000,false,1.167,1.179995,0.470987
TallRect,30,60,60357,1800,728,0.404444,478,65.6593,61,8.3791,167,10.8852,174,0.9375,1.000000,false,1.276,1.014024,0.469266
TallRect,30,60,60358,1800,865,0.480556,560,64.7399,67,7.7457,171,8.4928,132,1.0000,1.000000,false,1.459,1.149103,0.471667
TallRect,30,60,60359,1800,589,0.327222,371,62.9881,48,8.1494,184,12.8750,263,0.8125,1.000000,false,1.139,0.850487,0.455527
TallRect,30,60,60360,1800,693,0.385000,437,63.0592,52,7.5036,176,13.2308,191,0.8750,1.000000,false,1.200,0.958273,0.468499
TallRect,30,60,60361,1800,940,0.522222,616,65.5319,84,8.9362,171,5.0471,103,1.0000,1.000000,false,1.194,1.222821,0.475768
TallRect,30,60,60362,1800,713,0.396111,458,64.2356,58,8.1346,183,8.6500,180,0.9375,1.000000,false,1.420,0.994042,0.451150
TallRect,30,60,60363,1800,757,0.420556,485,64.0687,72,9.5112,184,9.2222,222,0.9375,1.000000,false,1.166,1.033806,0.475621
TallRect,30,60,60364,1800,713,0.396111,429,60.1683,55,7.7139,143,8.7091,127,0.9375,1.000000,false,1.227,0.976780,0.447291
TallRect,30,60,60365,1800,790,0.438889,498,63.0380,81,10.2532,181,7.2892,157,1.0000,1.000000,false,2.344,1.071813,0.477150
TallRect,30,60,60366,1800,570,0.316667,368,64.5614,48,8.4211,172,14.6875,277,0.8750,1.000000,false,1.151,0.850971,0.465757
TallRect,30,60,60367,1800,765,0.425000,506,66.1438,65,8.4967,175,9.4615,185,0.9375,1.000000,false,1.116,1.050614,0.468220
TallRect,30,60,60368,1800,631,0.350556,395,62.5990,50,7.9239,188,13.9804,225,1.0000,1.000000,false,1.565,0.924888,0.466786
TallRect,30,60,60369,1800,583,0.323889,362,62.0926,47,8.0617,183,13.9583,126,0.9375,1.000000,false,1.111,0.866899,0.460034
TallRect,30,60,60370,1800,729,0.405000,432,59.2593,49,6.7215,159,11.8571,158,1.0000,1.000000,false,1.166,0.999681,0.458584
TallRect,30,60,60371,1800,614,0.341111,370,60.2606,49,7.9805,177,13.2157,142,1.0000,1.000000,false,1.111,0.900853,0.460012
TallRect,30,60,60372,1800,779,0.432778,499,64.0565,62,7.9589,190,9.8254,167,0.9375,1.000000,false,1.623,1.053985,0.467319
TallRect,30,60,60373,1800,659,0.366111,422,64.0364,51,7.7390,181,10.5686,194,1.0000,1.000000,false,1.119,0.956037,0.449500
TallRect,30,60,60374,1800,772,0.428889,490,63.4715,66,8.5492,186,8.4179,137,0.9375,1.000000,false,1.151,1.044859,0.463762
TallRect,30,60,60375,1800,810,0.450000,517,63.8272,70,8.6420,183,7.3099,134,1.0000,1.000000,false,1.211,1.093892,0.464494
TallRect,30,60,60376,1800,638,0.354444,404,63.3229,46,7.2100,182,13.3191,300,0.8750,1.000000,false,1.110,0.909015,0.456917
TallRect,30,60,60377,1800,770,0.427778,499,64.8052,53,6.8831,176,10.8889,153,1.0000,0.932203,false,1.196,1.051470,0.461328
TallRect,30,60,60378,1800,958,0.532222,617,64.4050,78,8.1420,178,6.4103,78,1.0000,1.000000,false,1.239,1.233108,0.478859
TallRect,30,60,60379,1800,580,0.322222,383,66.0345,52,8.9655,177,15.5094,324,0.9375,1.000000,false,1.655,0.877784,0.477712
TallRect,30,60,60380,1800,554,0.307778,370,66.7870,44,7.9422,196,14.3556,172,0.8750,1.000000,false,1.083,0.843546,0.456347
TallRect,30,60,60381,1800,650,0.361111,438,67.3846,50,7.6923,190,14.3400,117,1.0000,1.000000,false,1.129,0.960714,0.469756
TallRect,30,60,60382,1800,579,0.321667,376,64.9396,61,10.5354,176,11.4677,374,0.8125,1.000000,false,1.170,0.848079,0.469428
TallRect,30,60,60383,1800,845,0.469444,544,64.3787,79,9.3491,191,7.6707,141,0.9375,1.000000,false,1.248,1.116310,0.479525
TallRect,30,60,60384,1800,893,0.496111,583,65.2856,81,9.0705,180,7.6098,102,1.0000,1.000000,false,1.264,1.177870,0.484380
TallRect,30,60,60385,1800,680,0.377778,414,60.8824,54,7.9412,185,11.9815,169,1.0000,1.000000,false,1.203,0.962582,0.463347
TallRect,30,60,60386,1800,905,0.502778,578,63.8674,72,7.9558,163,7.1351,64,1.0000,1.000000,false,1.585,1.181355,0.472436
TallRect,30,60,60387,1800,717,0.398333,454,63.3194,68,9.4840,180,10.4118,216,1.0000,1.000000,false,1.299,1.006315,0.475692
TallRect,30,60,60388,1800,628,0.348889,401,63.8535,46,7.3248,186,14.8696,224,1.0000,1.000000,false,2.465,0.926844,0.465535
TallRect,30,60,60389,1800,677,0.376111,421,62.1861,63,9.3058,189,11.4127,227,0.9375,1.000000,false,1.615,0.952634,0.473141
TallRect,30,60,60390,1800,850,0.472222,529,62.2353,78,9.1765,189,7.6667,115,1.0000,1.000000,false,1.205,1.122573,0.478608
TallRect,30,60,60391,1800,566,0.314444,340,60.0707,42,7.4205,162,12.9286,232,1.0000,1.000000,false,1.134,0.857150,0.444721
TallRect,30,60,60392,1800,597,0.331667,361,60.4690,36,6.0302,184,14.8378,200,0.9375,1.000000,false,1.211,0.873842,0.447234
TallRect,30,60,60393,1800,686,0.381111,456,66.4723,57,8.3090,186,10.0172,151,0.9375,0.830508,false,1.193,0.952889,0.456451
TallRect,30,60,60394,1800,798,0.443333,528,66.1654,58,7.2682,183,9.8814,131,1.0000,1.000000,false,1.172,1.093978,0.463908
TallRect,30,60,60395,1800,638,0.354444,420,65.8307,45,7.0533,189,13.0652,141,0.9375,1.000000,false,1.161,0.931038,0.453854
TallRect,30,60,60396,1800,655,0.363889,403,61.5267,52,7.9389,180,14.2075,241,0.9375,0.949153,false,1.466,0.922446,0.472275
TallRect,30,60,60397,1800,587,0.326111,378,64.3952,63,10.7325,188,12.1250,338,0.9375,1.000000,false,1.160,0.878577,0.476606
TallRect,30,60,60398,1800,837,0.465000,550,65.7109,61,7.2879,178,8.5323,115,1.0000,1.000000,false,1.253,1.128073,0.462656
TallRect,30,60,60399,1800,782,0.434444,518,66.2404,52,6.6496,174,11.7925,220,1.0000,0.966102,false,1.174,1.074326,0.466317
TallRect,30,60,60400,1800,819,0.455000,527,64.3468,74,9.0354,189,7.4474,128,1.0000,1.000000,false,1.266,1.104690,0.470738
TallRect,30,60,60401,1800,851,0.472778,544,63.9248,72,8.4606,191,7.4795,178,1.0000,1.000000,false,1.217,1.132040,0.470513
TallRect,30,60,60402,1800,812,0.451111,513,63.1773,70,8.6207,191,7.1571,192,0.8750,0.915254,false,1.336,1.054876,0.463714
TallRect,30,60,60403,1800,851,0.472778,561,65.9224,88,10.3408,185,5.7191,84,1.0000,1.000000,false,1.587,1.142159,0.478941
TallRect,30,60,60404,1800,874,0.485556,566,64.7597,72,8.2380,179,7.0811,79,1.0000,1.000000,false,1.197,1.157520,0.469772
TallRect,30,60,60405,1800,724,0.402222,479,66.1602,57,7.8729,187,9.4561,158,1.0000,1.000000,false,1.152,1.024965,0.455117
TallRect,30,60,60406,1800,524,0.291111,331,63.1679,37,7.0611,179,20.2162,249,1.0000,0.898305,false,1.139,0.813923,0.477069
TallRect,30,60,60407,1800,658,0.365556,418,63.5258,57,8.6626,170,12.6842,214,1.0000,1.000000,false,1.463,0.953117,0.471035
TallRect,30,60,60408,1800,725,0.402778,431,59.4483,65,8.9655,176,9.8939,151,0.9375,1.000000,false,1.282,0.984432,0.468789
TallRect,30,60,60409,1800,732,0.406667,463,63.2514,57,7.7869,188,10.5172,194,0.8750,1.000000,false,1.233,0.994749,0.461842
TallRect,30,60,60410,1800,676,0.375556,423,62.5740,46,6.8047,173,14.0435,255,1.0000,1.000000,false,1.478,0.965786,0.463466
TallRect,30,60,60411,1800,566,0.314444,363,64.1343,48,8.4806,169,11.8333,121,1.0000,1.000000,false,1.223,0.870841,0.448868
TallRect,30,60,60412,1800,751,0.417222,486,64.7137,62,8.2557,183,8.4839,86,1.0000,1.000000,false,1.145,1.043670,0.457715
TallRect,30,60,60413,1800,776,0.431111,512,65.9794,70,9.0206,188,9.9714,226,1.0000,1.000000,false,1.168,1.072608,0.478297
TallRect,30,60,60414,1800,618,0.343333,401,64.8867,41,6.6343,179,12.1190,171,1.0000,1.000000,false,1.519,0.921460,0.440755
TallRect,30,60,60415,1800,815,0.452778,535,65.6442,63,7.7301,182,9.1587,127,0.9375,1.000000,false,1.206,1.094799,0.467102
TallRect,30,60,60416,1800,874,0.485556,583,66.7048,90,10.2975,191,6.7283,98,1.0000,1.000000,false,2.098,1.167639,0.488288
TallRect,30,60,60417,1800,707,0.392778,425,60.1132,49,6.9307,182,12.1224,185,1.0000,1.000000,false,1.536,0.983668,0.458572
TallRect,30,60,60418,1800,875,0.486111,557,63.6571,70,8.0000,173,7.8889,89,1.0000,1.000000,false,1.214,1.152701,0.472319
TallRect,30,60,60419,1800,744,0.413333,467,62.7688,56,7.5269,181,9.3559,215,0.8750,1.000000,false,1.207,1.003592,0.454399
TallRect,30,60,60420,1800,698,0.387778,434,62.1777,66,9.4556,179,10.3485,254,1.0000,1.000000,false,1.491,0.984179,0.471868
TallRect,30,60,60421,1800,781,0.433889,493,63.1242,68,8.7068,176,7.0441,95,1.0000,1.000000,false,1.156,1.063991,0.458742
TallRect,30,60,60422,1800,795,0.441667,515,64.7799,58,7.2956,161,9.4915,87,1.0000,1.000000,false,2.185,1.084625,0.461385
TallRect,30,60,60423,1800,732,0.406667,466,63.6612,61,8.3333,191,10.0323,189,1.0000,1.000000,false,1.450,1.021535,0.464449
TallRect,30,60,60424,1800,719,0.399444,441,61.3352,61,8.4840,182,9.1935,196,0.9375,1.000000,false,1.169,0.987154,0.458847
TallRect,30,60,60425,1800,736,0.408889,460,62.5000,66,8.9674,170,11.0000,211,0.9375,1.000000,false,1.154,1.007617,0.477159
TallRect,30,60,60426,1800,740,0.411111,500,67.5676,57,7.7027,192,10.0000,142,1.0000,1.000000,false,1.413,1.046081,0.459286
TallRect,30,60,60427,1800,655,0.363889,428,65.3435,58,8.8550,174,12.6441,258,1.0000,1.000000,false,1.423,0.957454,0.472222
TallRect,30,60,60428,1800,678,0.376667,456,67.2566,63,9.2920,188,10.4286,199,0.9375,1.000000,false,1.331,0.974005,0.467371
TallRect,30,60,60429,1800,571,0.317222,367,64.2732,59,10.3327,194,11.8305,296,0.8125,1.000000,false,1.162,0.838414,0.468206
TallRect,30,60,60430,1800,599,0.332778,384,64.1068,38,6.3439,176,17.7632,251,0.9375,1.000000,false,1.212,0.888610,0.467943
TallRect,30,60,60431,1800,540,0.300000,357,66.1111,45,8.3333,184,13.0889,268,0.9375,0.864407,false,1.351,0.820430,0.450460
TallRect,30,60,60432,1800,819,0.455000,531,64.8352,53,6.4713,186,10.5849,99,1.0000,1.000000,false,1.221,1.107071,0.463585
TallRect,30,60,60433,1800,743,0.412778,463,62.3149,75,10.0942,183,7.7500,205,0.9375,1.000000,false,1.172,1.013172,0.470443
TallRect,30,60,60434,1800,748,0.415556,471,62.9679,71,9.4920,177,9.8592,209,1.0000,1.000000,false,1.654,1.033126,0.477682
TallRect,30,60,60435,1800,677,0.376111,444,65.5835,56,8.2718,180,10.9107,262,0.8750,1.000000,false,1.216,0.953824,0.459843
TallRect,30,60,60436,1800,783,0.435000,496,63.3461,65,8.3014,177,8.6308,201,0.9375,1.000000,false,1.677,1.054353,0.464371
TallRect,30,60,60437,1800,614,0.341111,414,67.4267,48,7.8176,182,14.4167,220,1.0000,0.915254,false,1.161,0.914332,0.465460
TallRect,30,60,60438,1800,537,0.298333,344,64.0596,47,8.7523,174,12.1915,274,0.8750,1.000000,false,2.309,0.818916,0.448862
TallRect,30,60,60439,1800,702,0.390000,428,60.9687,71,10.1140,182,10.6806,271,1.0000,1.000000,false,1.197,0.982762,0.481075
TallRect,30,60,60440,1800,876,0.486667,584,66.6667,61,6.9635,185,9.1613,105,1.0000,1.000000,false,1.764,1.169311,0.469618
TallRect,30,60,60441,1800,514,0.285556,322,62.6459,33,6.4202,168,20.0588,233,0.8750,0.983051,false,1.156,0.790894,0.468067
TallRect,30,60,60442,1800,755,0.419444,499,66.0927,54,7.1523,177,11.9074,126,0.9375,1.000000,false,2.160,1.041062,0.467522
TallRect,30,60,60443,1800,678,0.376667,418,61.6519,62,9.1445,182,10.9688,205,0.9375,1.000000,false,1.565,0.951386,0.469079
TallRect,30,60,60444,1800,859,0.477222,528,61.4668,80,9.3132,178,6.8750,185,0.9375,1.000000,false,1.177,1.114324,0.476810
TallRect,30,60,60445,1800,735,0.408333,463,62.9932,68,9.2517,160,7.3529,62,1.0000,1.000000,false,1.120,1.021364,0.458345
TallRect,30,60,60446,1800,841,0.467222,542,64.4471,71,8.4423,181,8.4648,76,1.0000,1.000000,false,1.260,1.125465,0.474469
TallRect,30,60,60447,1800,736,0.408889,473,64.2663,64,8.6957,184,9.1818,297,0.8125,0.932203,false,1.414,0.980186,0.463728
TallRect,30,60,60448,1800,576,0.320000,373,64.7569,58,10.0694,180,13.5333,263,0.8125,1.000000,false,1.173,0.844678,0.476440
TallRect,30,60,60449,1800,781,0.433889,505,64.6607,62,7.9385,178,10.8871,159,1.0000,1.000000,false,1.208,1.071134,0.473705
TallRect,30,60,60450,1800,603,0.335000,390,64.6766,59,9.7844,150,9.2333,182,1.0000,1.000000,false,1.133,0.906835,0.452752
TallRect,30,60,60451,1800,681,0.378333,425,62.4082,61,8.9574,179,11.6230,243,1.0000,1.000000,false,1.245,0.969668,0.471563
TallRect,30,60,60452,1800,857,0.476111,545,63.5939,80,9.3349,190,7.2593,100,1.0000,1.000000,false,1.185,1.135866,0.478958
TallRect,30,60,60453,1800,653,0.362778,418,64.0123,47,7.1975,188,13.2766,271,0.8750,0.931034,false,1.202,0.915080,0.459042
TallRect,30,60,60454,1800,892,0.495556,527,59.0807,75,8.4081,164,5.8933,72,1.0000,1.000000,false,1.608,1.143998,0.467474
TallRect,30,60,60455,1800,780,0.433333,498,63.8462,65,8.3333,181,8.4154,124,1.0000,0.966102,false,1.172,1.061344,0.462921
TallRect,30,60,60456,1800,626,0.347778,404,64.5367,50,7.9872,178,10.8654,351,0.8750,0.864407,false,1.130,0.882214,0.448230
TallRect,30,60,60457,1800,925,0.513889,606,65.5135,65,7.0270,173,8.0000,79,1.0000,1.000000,false,1.241,1.208791,0.471577
TallRect,30,60,60458,1800,546,0.303333,357,65.3846,42,7.6923,178,15.0238,208,0.9375,0.847458,false,1.144,0.821119,0.456452
TallRect,30,60,60459,1800,689,0.382778,428,62.1190,61,8.8534,182,12.3934,189,0.8750,1.000000,false,1.285,0.950762,0.476397
TallRect,30,60,60460,1800,659,0.366111,400,60.6980,56,8.4977,157,9.6964,88,1.0000,1.000000,false,1.174,0.942941,0.451947
TallRect,30,60,60461,1800,871,0.483889,553,63.4902,67,7.6923,172,8.3529,90,1.0000,1.000000,false,1.568,1.148167,0.471310
TallRect,30,60,60462,1800,540,0.300000,343,63.5185,41,7.5926,177,17.3415,194,0.8750,1.000000,false,1.100,0.819936,0.468111
TallRect,30,60,60463,1800,779,0.432778,484,62.1309,51,6.5469,177,11.4510,179,1.0000,1.000000,false,1.198,1.057557,0.462777
TallRect,30,60,60464,1800,662,0.367778,427,64.5015,68,10.2719,188,11.2029,210,1.0000,1.000000,false,1.167,0.960628,0.479066
TallRect,30,60,60465,1800,806,0.447778,495,61.4144,66,8.1886,176,8.1940,138,1.0000,1.000000,false,1.431,1.078643,0.464503
TallRect,30,60,60466,1800,733,0.407222,471,64.2565,55,7.5034,171,10.4643,260,0.9375,1.000000,false,1.185,1.012549,0.458862
TallRect,30,60,60467,1800,602,0.334444,368,61.1296,48,7.9734,193,15.6042,255,1.0000,1.000000,false,1.134,0.893201,0.472016
TallRect,30,60,60468,1800,787,0.437222,495,62.8971,85,10.8005,182,7.8721,238,1.0000,0.881356,false,1.538,1.050615,0.485559
TallRect,30,60,60469,1800,932,0.517778,577,61.9099,84,9.0129,187,5.5698,59,1.0000,1.000000,false,1.198,1.195299,0.478282
TallRect,30,60,60470,1800,656,0.364444,418,63.7195,61,9.2988,190,10.8065,260,0.9375,1.000000,false,1.184,0.939540,0.465999
TallRect,30,60,60471,1800,774,0.430000,509,65.7623,61,7.8811,168,9.5410,138,0.9375,1.000000,false,2.387,1.057245,0.464032
TallRect,30,60,60472,1800,754,0.418889,494,65.5172,70,9.2838,186,9.3000,253,0.8125,1.000000,false,1.203,1.012548,0.473306
TallRect,30,60,60473,1800,838,0.465556,536,63.9618,71,8.4726,169,8.5000,176,0.9375,1.000000,false,1.159,1.107778,0.474479
TallRect,30,60,60474,1800,740,0.411111,478,64.5946,61,8.2432,163,7.4219,73,0.9375,1.000000,false,1.201,1.020485,0.449500
TallRect,30,60,60475,1800,795,0.441667,490,61.6352,58,7.2956,178,10.1552,160,0.9375,0.983051,false,1.418,1.054701,0.465296
TallRect,30,60,60476,1800,771,0.428333,475,61.6083,65,8.4306,183,9.1538,196,1.0000,1.000000,false,1.214,1.047892,0.466746
TallRect,30,60,60477,1800,735,0.408333,477,64.8980,60,8.1633,159,10.7377,196,0.9375,1.000000,false,1.119,1.017198,0.467405
TallRect,30,60,60478,1800,1044,0.580000,663,63.5057,88,8.4291,161,5.0787,114,1.0000,1.000000,false,1.446,1.250000,0.488217
TallRect,30,60,60479,1800,668,0.371111,437,65.4192,41,6.1377,124,9.3659,80,1.0000,1.000000,false,1.091,0.969811,0.427899
TallRect,30,60,60480,1800,608,0.337778,396,65.1316,55,9.0461,174,13.8909,289,0.8125,1.000000,false,1.107,0.875599,0.473647
TallRect,30,60,60481,1800,913,0.507222,587,64.2935,77,8.4337,173,6.3544,164,1.0000,1.000000,false,2.363,1.191020,0.473948
TallRect,30,60,60482,1800,717,0.398333,432,60.2510,58,8.0893,174,9.0169,260,0.7500,0.898305,false,1.120,0.927966,0.453525
TallRect,30,60,60483,1800,736,0.408889,440,59.7826,59,8.0163,182,10.1333,219,1.0000,1.000000,false,1.163,1.008212,0.462541
TallRect,30,60,60484,1800,785,0.436111,491,62.5478,68,8.6624,183,8.7536,108,1.0000,1.000000,false,1.123,1.064954,0.469039
TallRect,30,60,60485,1800,686,0.381111,443,64.5773,60,8.7464,182,9.1500,202,0.8750,1.000000,false,1.374,0.958075,0.455714
TallRect,30,60,60486,1800,607,0.337222,402,66.2273,51,8.4020,198,13.9804,154,1.0000,1.000000,false,1.219,0.916132,0.467567
TallRect,30,60,60487,1800,800,0.444444,513,64.1250,58,7.2500,180,9.8448,114,1.0000,1.000000,false,1.148,1.086126,0.463845
TallRect,30,60,60488,1800,499,0.277222,313,62.7255,40,8.0160,185,19.4250,200,0.9375,1.000000,false,1.105,0.792502,0.477790
TallRect,30,60,60489,1800,779,0.432778,497,63.7997,56,7.1887,165,9.9655,149,1.0000,0.949153,false,1.136,1.057668,0.460443
TallRect,30,60,60490,1800,688,0.382222,441,64.0988,51,7.4128,171,12.6471,219,1.0000,0.949153,false,1.156,0.975334,0.463318
TallRect,30,60,60491,1800,720,0.400000,453,62.9167,59,8.1944,184,10.5167,210,1.0000,1.000000,false,1.118,1.007335,0.463914
TallRect,30,60,60492,1800,657,0.365000,419,63.7747,55,8.3714,178,11.8750,238,0.8125,0.966102,false,1.411,0.910589,0.463188
TallRect,30,60,60493,1800,608,0.337778,395,64.9671,42,6.9079,167,13.8837,310,0.8750,1.000000,false,1.925,0.887504,0.452223
TallRect,30,60,60494,1800,841,0.467222,545,64.8038,80,9.5125,167,6.2683,128,1.0000,0.966102,false,1.182,1.122166,0.472228
TallRect,30,60,60495,1800,704,0.391111,446,63.3523,52,7.3864,188,10.3269,211,1.0000,1.000000,false,1.425,0.994553,0.452049
TallRect,30,60,60496,1800,689,0.382778,438,63.5704,66,9.5791,163,8.9697,203,1.0000,1.000000,false,1.106,0.981714,0.463479
TallRect,30,60,60497,1800,675,0.375000,443,65.6296,54,8.0000,175,12.9107,207,0.9375,1.000000,false,1.107,0.964652,0.468577
TallRect,30,60,60498,1800,674,0.374444,436,64.6884,53,7.8635,177,11.8491,200,1.0000,1.000000,false,1.108,0.972447,0.460790
TallRect,30,60,60499,1800,646,0.358889,411,63.6223,52,8.0495,190,13.4340,255,0.8750,1.000000,false,1.156,0.917489,0.467322
